Id,Unknown0,Unknown1,Unknown2,Unknown3,Unknown4,Unknown5,Unknown6,Unknown7,Unknown8,Unknown9,Unknown10_0,Unknown10_1,Unknown11,Unknown12,Unknown13,Unknown14,Unknown15,Unknown16,Unknown17,Unknown18,Unknown19_0,Unknown19_1,Unknown20,Unknown21
"3","[Test] Blackrock Foundry","[Test] This Foundry was the ancestral home of the Blackrock orcs.","[Test] Raid Finder","135349","0","","","33151","0","0","0","0","0","0","0","1","1","0","8","0","0","0","0","0"
"5","[Test] Highmaul","[Test] The seat of power for the Gorian Empire.","[Test] Raid Finder","135349","0","","","33189","0","0","0","0","0","0","0","1","1","0","8","0","0","0","0","0"
"6","[TEST] Nothing","[TEST]  Absolutely nothing. Nada. Nil. Nien. Zip. Ziltch. Still reading this? Really? Ok? Banana","","458180","0","","","0","0","0","0","0","0","0","4","1","0","0","1","8","0","0","0","100"
"7","Hillsbrad Foothills","Join the Forsaken war machine as it marches on Hillsbrad Foothills for the Horde!","Start Quest","236779","0","","","33200","0","28571","33600","0","0","24","0","0","3","0","9","10","3","0","0","0"
"8","Ashenvale","Drive the night elves from Ashenvale and claim its resources for the Horde!","Start Quest","236713","0","","","33201","0","28493","33636","0","0","43","0","0","3","0","9","10","3","0","0","0"
"9","Wailing Caverns","Adventure inside the Wailing Caverns and fight the wicked Druids of the Fang.","Join Group","236450","0","","","33956","1","0","33955","33976","0","0","6","0","1","0","5","8","1","3","0","0"
"10","Deadmines","Explore the abandoned mines beneath Westfall where the Defias Brotherhood musters its outlaw army.","Join Group","236409","0","","","33202","6","0","33957","33974","0","0","6","0","1","0","5","8","1","1","0","0"
"12","Shadowfang Keep","A ruined keep overlooking Silverpine Forest, this dark fortress serves as home to a cabal of fallen Gilnean nobility.","Join Group","463876","0","","","33774","8","0","33958","33975","0","0","6","0","1","0","5","8","1","1","0","0"
"13","Warsong Gulch","Claim Warsong Gulch for the Horde in this capture-the-flag battleground.","Join the Fight!","236350","0","","","33717","0","0","34691","0","0","0","5","0","4","2","1","7","1","0","0","0"
"14","Arathi Basin","Fight Alliance players for control of Arathi Basin in this resource-race battleground.","Join the Fight!","236712","0","","","33718","0","0","34691","0","0","0","5","0","4","3","1","7","1","0","0","0"
"15","[TEST] PvP","Fight Fight Fight!","Queue for PvP","0","111598","Groovy","","0","0","0","0","0","0","0","5","1","7","2","1","4","0","0","1","100"
"16","[Test] AJ Quest","Quest test","Start Quest","0","19019","","Continue text override","33633","0","28494","0","0","0","11","0","1","3","0","5","6","0","0","0","0"
"17","Ragefire Chasm","Battle the dark cult known as the Searing Blade inside the volcanic caverns beneath Orgrimmar!","Join Group","136216","0","","","33674","4","0","33959","33977","0","0","6","0","1","0","5","8","1","1","0","0"
"18","Highmaul","Fight through Highmaul, the seat of power of the ogre empire! (Raid Finder)","Join Raid","1006454","0","","","33546","849","0","0","0","0","0","6","0","2","0","8","10","0","0","0","0"
"19","Blackrock Foundry","Blackrock Foundry is the center of the Iron Horde's military might.  Join a group and take on this raid! (Raid Finder)","Join Raid","1005700","0","","","33547","847","0","0","0","0","0","6","0","2","0","8","10","0","0","0","0"
"20","Hellfire Citadel","The Iron Horde has allied with Gul'dan and the Legion inside Hellfire Citadel.  Join other players to take them on! (Raid Finder)","Join Raid","1113438","0","","","33548","982","0","0","0","0","0","6","2","2","0","8","10","0","0","0","0"
"21","Random Dungeon","Run a random Warlords of Draenor dungeon to upgrade your character's gear!","Join Group","1042626","0","","","33723","788","0","0","0","0","0","6","0","1","0","6","9","0","0","0","0"
"22","Hellfire Citadel","The Iron Horde has allied with Gul'dan and the Legion inside Hellfire Citadel.  Join other players to take them on! (Normal Difficulty)","Join Raid","1113438","0","","","33549","987","0","0","0","0","0","6","2","6","0","8","10","0","0","0","0"
"23","Seal of Inevitable Fate","Seals of Inevitable Fate grant you additional chances at loot in Hellfire raids.  Speak to Fate-Twister Tiklal at Warspear to obtain them!","","1119886","0","","","33550","0","0","0","0","0","0","3","0","0","0","1","6","0","0","0","0"
"24","Seals of Inevitable Fate","Seals of Inevitable Fate grant you additional chances at loot in Hellfire raids.  Speak to Fate-Twister Seress at Stormshield to obtain them!","","1119886","0","","","33551","0","0","0","0","0","0","3","0","0","0","1","6","0","0","0","0"
"25","Treasure Maps","Grakis, one of the Arakkoa Outcasts at Stormshield, has Treasure maps available for sale for zones that you've completed!","","1064187","0","","","33558","0","0","0","0","0","0","3","0","0","0","1","6","0","0","0","0"
"26","Treasure Maps","Srikka, one of the Arakkoa Outcasts at Warspear, has Treasure maps available for sale for zones that you've completed!","","1064187","0","","","33557","0","0","0","0","0","0","3","0","0","0","1","6","0","0","0","0"
"27","Random Battleground","Battle other players inside a Random Battleground!","Join the Fight!","132269","141997","","","34154","0","0","33559","0","0","0","5","0","8","32","2","5","4","0","0","0"
"29","Silverpine Forest","Aid the Forsaken High Command in conquering the port of Gilneas for the Horde!","Start Quest","236830","0","","","33561","0","28568","33596","0","0","21","0","0","3","0","9","10","3","0","0","0"
"30","Vashj'ir","Join the invasion fleet to secure a new island off the coast of the Alliance capital of Stormwind!","Start Quest","409551","0","","","33562","0","27718","33597","33748","0","613","0","0","3","0","9","10","3","3","0","0"
"31","Mount Hyjal","Deathwing's minions have begun an assault on the World Tree. Our allies, the Cenarion Circle, need your help!","Start Quest","409547","0","","","33563","0","27721","33598","33748","0","606","0","0","3","0","9","10","3","3","0","0"
"32","Deepholm","Thrall and the Earthen Ring need your aid in assaulting the elemental plane of Deepholm!","Start Quest","409546","0","","","33564","0","27722","33599","0","0","640","0","0","3","0","9","10","3","0","0","0"
"33","Hillsbrad Foothills","Join the Forsaken war machine as it marches on Hillsbrad Foothills for the Horde!","Start Quest","236779","0","","","33565","0","28089","33600","0","0","0","0","1","3","0","9","10","3","0","0","0"
"34","Northern Barrens","Your help is needed to secure the Northern Barrens against the encroaching quilboars and centaurs!","Start Quest","236717","0","","","33566","0","28494","33601","34301","0","11","0","0","3","0","9","10","3","3","0","0"
"35","Azshara","Aid in driving back the encroaching Alliance forces and assist in securing Azshara for the glory of the Horde!","Start Quest","236714","0","","","33567","0","28496","33602","34632","0","181","0","0","3","0","9","10","3","3","0","0"
"36","Thousand Needles","Join the Horde forces fighting against the renegade Grimtotems who dominate Thousand Needles.","Start Quest","236848","0","","","33568","0","28504","33603","34328","0","61","0","0","3","0","9","10","3","3","0","0"
"37","Tanaris","Help the Horde and the Bilgewater Cartel establish a presence in Tanaris before the Alliance does!","Start Quest","236846","0","","","33569","0","28509","33604","0","0","161","0","0","3","0","9","10","3","0","0","0"
"38","Feralas","Help the Horde secure the great forest of Feralas against the Alliance and the Grimtotems.","Start Quest","236764","0","","","33570","0","28510","33605","34299","0","121","0","0","3","0","9","10","3","3","0","0"
"39","Un'Goro Crater","Provide aid to the Marshal Expeditions' personnel as they uncover the secrets of Un'Goro Crater.","Start Quest","236850","0","","","33571","0","28526","33606","0","0","201","0","0","3","0","9","10","3","0","0","0"
"40","Silithus","Our Cenarion allies need your aid in their battle to turn back Twilight's Hammer in Silithus.","Start Quest","236829","0","","","33572","0","28527","33607","0","0","261","0","0","3","0","9","10","3","0","0","0"
"41","Stonetalon Mountains","The Horde forces in Stonetalon Mountains need your help to drive back the Alliance invaders and protect our people.","Start Quest","236831","0","","","33573","0","28532","33611","0","0","81","0","0","3","0","9","10","3","0","0","0"
"42","Felwood","The Cenarion Circle requires your help to wrest Felwood from the control of demons and other corrupt creatures!","Start Quest","236763","0","","","33574","0","28542","33612","0","0","182","0","0","3","0","9","10","3","0","0","0"
"43","Winterspring","Donova Snowden may have discovered the key to dealing with the Winterfall furbolg threat in Winterspring once and for all","Start Quest","236854","0","","","33575","0","28545","33613","0","0","281","0","0","3","0","9","10","3","0","0","0"
"44","Desolace","The brave Horde warriors of Desolace need your help to beat back the armies of the Alliance and ancient demons.","Start Quest","236742","0","","","33576","0","28548","33614","0","0","101","0","0","3","0","9","10","3","0","0","0"
"45","Southern Barrens","With the recent Alliance victories in the Barrens, our enemies are threatening to cut our supply lines.  They must be stopped!","Start Quest","236717","0","","","33577","0","28549","33615","0","0","607","0","0","3","0","9","10","3","0","0","0"
"46","Dustwallow Marsh","Dustwallow Marsh is overrun with enemies of many kinds and the Alliance forces there are dangerously strong.","Start Quest","236758","0","","","33578","0","28554","33616","34294","0","141","0","0","3","0","9","10","3","0","0","0"
"47","Uldum","Ancient texts tell us that Uldum is home to untold riches and treasures beyond compare. Claim these in the name of the Horde!","Start Quest","409550","0","","","33579","0","28557","33617","0","0","720","0","0","3","0","9","10","3","0","0","0"
"48","Ghostlands","Your help is needed to turn back the numberless Scourge invaders and secure the help of the Forsaken in fighting the Scourge.","Start Quest","236765","0","","","33580","0","28560","33618","0","0","463","0","0","3","0","9","10","3","0","0","0"
"49","Arathi Highlands","The Dark Lady's forces need your help to expand the dominions of the Horde and drive back the Alliance.","Start Quest","236712","0","","","33581","0","28572","33619","34630","0","16","0","0","3","0","9","10","3","3","0","0"
"50","Hinterlands","The Wildhammer dwarves of the Hinterlands have officially thrown in their lot with the Alliance and must be defeated!","Start Quest","236780","0","","","33582","0","28574","33620","34631","0","26","0","0","3","0","9","10","3","0","0","0"
"51","Western Plaguelands","The Alliance forces are advancing into the ruined city of Andorhal. Stop them before they can gain a foothold there!","Start Quest","236851","0","","","33583","0","28575","33621","34629","0","22","0","0","3","0","9","10","3","3","0","0"
"52","Eastern Plaguelands","The Argent Crusade has reinforced its presence in the Eastern Plaguelands and it needs your help to consolidate its victories.","Start Quest","236760","0","","","33584","0","28577","33622","34627","0","23","0","0","3","0","9","10","3","3","0","0"
"53","Badlands","The Alliance is desperate to gain a foothold in the Badlands. Keep them at bay at all costs!","Start Quest","236716","0","","","33585","0","28580","33623","0","0","17","0","0","3","0","9","10","3","0","0","0"
"54","Searing Gorge","The Shattered Hand reports that the Dark Iron dwarves of the Searing Gorge seem to be preparing for war.","Start Quest","236815","0","","","33586","0","28581","33624","0","0","28","0","0","3","0","9","10","3","0","0","0"
"55","Burning Steppes","Eitrigg's son, Ariok, needs your assistance to halt the blind aggression of the Blackrock orcs.","Start Quest","236734","0","","","33587","0","28667","33625","0","0","29","0","0","3","0","9","10","3","0","0","0"
"56","Blasted Lands","Okrilla, commander of the Horde forces at Dreadmaul Hold, requires your help to secure the outpost against rebellious ogres.","Start Quest","236720","0","","","33588","0","28671","33629","0","0","19","0","0","3","0","9","10","3","0","0","0"
"57","Swamp of Sorrows","Persuade Trade Baron Silversnap to continue supplying the Horde with weapons and munitions!","Start Quest","236720","0","","","33589","0","28677","33630","0","0","38","0","0","3","0","9","10","3","0","0","0"
"58","Northern Stranglethorn Vale","The commander in Northern Stranglethorn Vale requires your aid to keep the supply routes open.","Start Quest","236844","0","","","33591","0","28688","33631","0","0","37","0","0","3","0","9","10","3","0","0","0"
"59","The Cape of Stranglethorn","Our forces in the Cape of Stranglethorn require your help to deal with the pirates and naga who have overrun the jungle.","Start Quest","236844","0","","","33592","0","28704","33632","0","0","673","0","0","3","0","9","10","3","0","0","0"
"60","Outland","Your skills are needed to fight the Burning Legion's presence on the shattered remnants of Outland.","Start Quest","236813","0","","","33593","0","28705","33633","0","0","465","0","0","3","0","9","10","3","0","0","0"
"61","Northrend","The Warsong Offensive in Northrend needs your help to overcome the continued threat from the undead Scourge.","Start Quest","236812","0","","","33594","0","28711","33634","34302","0","486","0","0","3","0","9","10","3","3","0","0"
"62","Twilight Highlands","The Warchief requires your help to prepare for an assault on the Twilight Highlands!","Start Quest","409549","0","","","33595","0","28717","33635","0","0","700","0","0","3","0","9","10","3","0","0","0"
"63","Redridge Mountains","Alliance forces in the Redridge Mountans are spread too thin and need your help.","Start Quest","236814","0","","","33637","0","28563","33638","0","0","36","0","0","3","0","9","10","3","0","0","0"
"64","The Hinterlands","Our new brothers in the Alliance need your help to fend off the aggressive Horde offensive in their beloved homeland.","Start Quest","236780","0","","","33639","0","26542","33640","0","0","26","0","0","3","0","9","10","3","0","0","0"
"65","Westfall","The crime rate of Westfall has skyrocketed as people fight for shelter and food. If you want to help the Alliance, this would be a good place to start.","Start Quest","236852","0","","","33641","0","28562","33642","0","0","39","0","0","3","0","9","10","3","0","0","0"
"66","Duskwood","The citizens of Duskwood are in dire need of your assistance!","Start Quest","236757","0","","","33643","0","28564","33644","0","0","34","0","0","3","0","9","10","3","0","0","0"
"67","Vashj'ir","Recent attacks by the Horde on our trade ships off the coast of Stormwind Harbor must be met with swift and just force!","Start Quest","409551","0","","","33645","0","27724","33646","33713","0","613","0","0","3","0","9","10","3","3","0","0"
"68","Mount Hyjal","Your help is needed at Mount Hyjal. The Cenarion Circle reports that Deathwing's minions have launched a destructive offensive against the world tree!","Start Quest","409547","0","","","33648","0","27726","33649","33713","0","606","0","0","3","0","9","10","3","0","0","0"
"69","Deepholm","The Earthen Ring requires our aid! They report that the elemental plane of Deepholm threatens to overtake our world and destroy all life on Azeroth!","Start Quest","409546","0","","","33650","0","27727","33651","0","0","640","0","0","3","0","9","10","3","0","0","0"
"70","Darkshore","The people of Lor'danel need your aid in securing their town against the Twilight's Hammer.","Start Quest","236739","0","","","33652","0","28490","33653","0","0","42","0","0","3","0","9","10","3","0","0","0"
"71","Ashenvale","The Horde's aggression in Ashenvale cannot be allowed to stand! Repel the invaders and restore the sacred forest.","Start Quest","236713","0","","","33657","0","28492","33658","34292","0","43","0","0","3","0","9","10","3","3","0","0"
"72","Thousand Needles","The sentinels of Thousand Needles need your help to turn back the marauding Grimtotem raiders who dominate the area.","Start Quest","236848","0","","","33659","0","28503","33660","34328","0","61","0","0","3","0","9","10","3","3","0","0"
"73","Tanaris","The Alliance needs your help to win concessions from the local baron of Tanaris and access to the desert's priceless resources.","Start Quest","236846","0","","","33661","0","28507","33662","0","0","161","0","0","3","0","9","10","3","0","0","0"
"74","Feralas","The Alliance forces of Feralas need your help to overcome our enemies, the Horde and the Grimtotems.","Start Quest","236764","0","","","33663","0","28511","33664","34298","0","121","0","0","3","0","9","10","3","3","0","0"
"75","Un'Goro Crater","The Alliance needs you to provide support to the Marshal Expeditions as they uncover the secrets of Un'Goro Crater.","Start Quest","236850","0","","","33665","0","28525","33666","0","0","201","0","0","3","0","9","10","3","0","0","0"
"76","Silithus","Our Cenarion Circle allies in Silithus require your assistance to fight back against the Twilight's Hammer onslaught.","Start Quest","236829","0","","","33667","0","28528","33668","0","0","261","0","0","3","0","9","10","3","0","0","0"
"77","Desolace","The brave soldiers of the Desolace are beset by demons and the armies of the Horde, and they need your help.","Start Quest","236742","0","","","33669","0","28531","33670","0","0","101","0","0","3","0","9","10","3","0","0","0"
"78","Stonetalon Mountains","The Horde's forces are poised to push into Stonetalon and they must be opposed!","Start Quest","236742","0","","","33671","0","28539","33672","0","0","81","0","0","3","0","9","10","3","0","0","0"
"79","Felwood","The Emerald Sanctuary requires your help to redeem Felwood from the demonic influences that rule the forest.","Start Quest","236763","0","","","33673","0","28543","33675","0","0","182","0","0","3","0","9","10","3","0","0","0"
"80","Winterspring","Donova Snowden in Winterspring requires your help to overcome the threat of the Winterfall furbolg.","Start Quest","236854","0","","","33676","0","28544","33677","0","0","281","0","0","3","0","9","10","3","0","0","0"
"81","Southern Barrens","Alliance soldiers have made tremendous gains in the Southern Barrens. Your efforts are needed to consolidate their victory!","Start Quest","236717","0","","","33678","0","28550","33679","0","0","607","0","0","3","0","9","10","3","0","0","0"
"82","Dustwallow Marsh","You must aid SI:7's Calia Hastings in uncovering the threats to Theramore, both within the city and beyond its walls.","Start Quest","236758","0","","","33680","0","28552","33681","34296","0","141","0","0","3","0","9","10","3","3","0","0"
"83","Uldum","Be one of the first to enter glorious Uldum and claim its treasures in honor of the Alliance!","Start Quest","409550","0","","","33682","0","28558","33683","0","0","720","0","0","3","0","9","10","3","0","0","0"
"84","Bloodmyst Isle","The people of Bloodmyst need your help to deal with treacherous blood elves and dangerous creatures loose on the island.","Start Quest","236721","0","","","33684","0","28559","33685","0","0","476","0","0","3","0","9","10","3","0","0","0"
"85","Wetlands","In the wake of the cataclysm's destruction, Wetlands has become overrun with wild beasts, orcish raiders, and savage gnolls!","Start Quest","236853","0","","","33686","0","28565","33687","0","0","40","0","0","3","0","9","10","3","0","0","0"
"86","Loch Modan","The destruction of the Stonewrought Dam has the dwarven mountaineers stretched thin. Reinforcements are desperately needed!","Start Quest","236808","0","","","33688","0","28567","33689","0","0","35","0","0","3","0","9","10","3","0","0","0"
"87","Arathi Highlands","Your aid is needed in Arathi Highlands. Ancient Stromgarde's honor must be redeemed!","Start Quest","236712","0","","","33690","0","28573","33691","0","0","16","0","0","3","0","9","10","3","0","0","0"
"88","Western Plaguelands","On the heels of our early victories in Andorhal, the Forsaken have decided to launch a counterattack. Your help is needed to beat back the Scourge and Horde and reclaim lost Andorhal in the Western Plaguelands.","Start Quest","236851","0","","","33692","0","28576","33693","34625","0","22","0","0","3","0","9","10","3","3","0","0"
"89","Eastern Plaguelands","The Argent Crusade needs your help to win back the Eastern Plaguelands from the grasp of the Scourge.","Start Quest","236760","0","","","33694","0","28578","33695","0","0","23","0","0","3","0","9","10","3","0","0","0"
"90","Badlands","Your help is needed to survey the damage done by Deathwing, and the disposition of Horde forces in the Badlands.","Start Quest","236716","0","","","33696","0","28579","33697","0","0","17","0","0","3","0","9","10","3","0","0","0"
"91","Searing Gorge","SI:7 reports that the Dark Iron dwarves of the Searing Gorge are preparing to attack. Stop them before it's too late!","Start Quest","236815","0","","","33698","0","28582","33699","0","0","28","0","0","3","0","9","10","3","0","0","0"
"92","Burning Steppes","Your aid is urgently needed to put an end to the Blackrock orc menace in the Burning Steppes!","Start Quest","236734","0","","","33700","0","28666","33701","0","0","29","0","0","3","0","9","10","3","0","0","0"
"93","Blasted Lands","Nethergarde's garrison urgently needs your help to stem the Horde advance into the Blasted Lands!","Start Quest","236720","0","","","33702","0","28673","33703","0","0","19","0","0","3","0","9","10","3","0","0","0"
"94","Swamp of Sorrows","The Alliance needs you to secure a steady supply of munitions from the Trade Baron Silversnap in the Swamp of Sorrows!","Start Quest","236845","0","","","33704","0","28675","33705","0","0","38","0","0","3","0","9","10","3","0","0","0"
"95","Northern Stranglethorn Vale","Years after Colonel Kurzen's treachery against Stormwind, his fate remains a mystery. Aid the survivors in learning what became of the colonel.","Start Quest","236844","0","","","33706","0","28699","33707","0","0","689","0","0","3","0","9","10","3","0","0","0"
"96","The Cape of Stranglethorn","The Explorers' League expedition in the Cape of Stranglethorn needs your help to safeguard its site and findings from marauding ogres.","Start Quest","236844","0","","","33708","0","28702","33709","0","0","673","0","0","3","0","9","10","3","0","0","0"
"97","Outland","The expeditionary forces require your help to overcome the demonic armies of the Burning Legion that are invading from Outland!","Start Quest","236813","0","","","33710","0","28708","33713","33711","0","465","0","0","3","0","9","10","3","3","0","0"
"98","Northrend","The Valiance Expedition needs your help in Northrend to keep the forces of the Scourge under control and safeguard civilized lands!","Start Quest","236812","0","","","33712","0","28709","33713","33714","0","485","0","0","3","0","9","10","3","3","0","0"
"99","Twilight Highlands","King Wrynn requires a trustworthy and proven hero for a mission of the utmost importance.","Start Quest","409549","0","","","33715","0","28716","33716","0","0","700","0","0","3","0","9","10","3","0","0","0"
"100","Pandaria","Present yourself at Grommash Hold to swear an oath of allegiance to the new Warchief!","Start Quest","652174","0","","","33727","0","29611","33728","33748","0","806","0","0","3","0","14","14","3","3","0","0"
"101","Valley of the Four Winds","The locals have spoken of a powerful pandaren monk travelling into the Valley of the Four Winds. Can you win him as an ally?","Start Quest","618317","0","","","33730","0","38935","33731","0","0","807","0","0","3","0","9","10","3","3","0","0"
"102","Kun-Lai Summit","Survivors of the battle in Jade Forest have made their way to Kun-Lai Summit and are in dire need of your aid.","Start Quest","617832","0","","","33735","0","38936","33736","34300","0","809","0","0","3","0","9","10","3","3","0","0"
"103","Townlong Steppes","The Shado-pan are mounting an incursion over the great wall into the Townlong Steppes.  Assist them in this daring assault!","Start Quest","618796","0","","","33738","0","39127","33739","34329","0","810","0","0","3","0","9","10","3","3","0","0"
"104","Dread Wastes","The Shado-pan of the great wall call for reinforcements against the mantid forces of the Dread Wastes. They need your help!","Start Quest","624970","0","","","33740","0","31000","33741","34293","0","858","0","0","3","0","9","10","3","0","0","0"
"105","Vale of Eternal Blossoms","The Vale of Eternal Blossoms is under attack. Prince Anduin Wrynn requires your aid at the Temple of the White Tiger in Kun-Lai Summit to convince the peoples of Pandaria to allow outsiders access to the Vale so that they may help in its time of need.","Start Quest","618798","0","","","33743","0","31392","33744","34330","0","811","0","0","3","0","9","10","3","3","0","0"
"106","Vale of Eternal Blossoms","The Vale of Eternal Blossoms is under attack. Sunwalker Dezco requires your aid at the Temple of the White Tiger.","Start Quest","618798","0","","","33745","0","31393","33746","34330","0","811","0","0","3","0","9","10","3","3","0","0"
"107","Draenor","Archmage Khadgar, hero of the Second War, is assembling a coalition of Azeroth's strongest to step through the Dark Portal.","Start Quest","1048305","0","","Help Archmage Khadgar fight the Iron Horde and shut down the Dark Portal inside Tanaan Jungle!","33747","0","34398","33748","33750","0","970","0","0","3","0","14","14","3","3","0","0"
"108","Draenor","Archmage Khadgar, hero of the Second War, is assembling a coalition of Azeroth's strongest to step through the Dark Portal.","Start Quest","1048305","0","","Help Archmage Khadgar fight the Iron Horde and shut down the Dark Portal inside Tanaan Jungle!","34668","0","34398","33713","33750","0","970","0","0","3","0","14","14","3","3","0","0"
"109","Gorgrond","Commander, Durotan calls for aid in leading a small strike team into Gorgrond to launch a counter attack against the Iron Horde stronghold there.","Start Quest","1046803","0","","","33751","0","35557","33752","0","0","949","0","0","3","0","9","10","3","0","0","0"
"110","Gorgrond","Commander, Yrel and Maraad call for aid in leading a small strike team into Gorgrond to launch a counter attack against the Iron Horde stronghold there.","Start Quest","1046803","0","","","33753","0","35556","33754","0","0","949","0","0","3","0","9","10","3","0","0","0"
"111","Talador","The Iron Horde has made landfall in Talador and seeks to secure this crossroads territory from us. Commander, your forces are needed.","Start Quest","1060985","0","","","33755","0","36953","33756","0","0","946","0","0","3","0","9","10","3","0","0","0"
"112","Spires of Arak","Spires of Arak is rife with war and rebellion. The exiles of the arakkoa are fleeing in droves and could prove valuable allies.","Start Quest","1060981","0","","","33757","0","36951","33758","0","0","948","0","0","3","0","9","10","3","0","0","0"
"113","Spires of Arak","Commander, the Spires of Arak is rife with war and rebellion. The exiles of the arakkoa are fleeing the land in droves and could prove valuable allies.","Start Quest","1060981","0","","","33759","0","36951","33760","0","0","948","0","0","3","0","9","10","3","0","0","0"
"114","Talador","The Iron Horde has made landfall in Talador and seeks to secure this crossroads territory from us. Commander, your forces are needed.","Start Quest","1060985","0","","","33761","0","34676","33762","0","0","946","0","0","3","0","9","10","3","0","0","0"
"115","Nagrand","Thrall has called for aid in establishing a foothold at Nagrand, home of the dreaded Warsong and Burning Blade clans.","Start Quest","1032150","0","","","33765","0","36952","33766","0","0","950","0","0","3","0","9","10","3","0","0","0"
"116","Nagrand","Vindicator Yrel has called for aid in establishing a foothold at Nagrand, home of the dreaded Warsong and Burning Blade clans.","Start Quest","1032150","0","","","33767","0","34674","33768","0","0","950","0","0","3","0","9","10","3","0","0","0"
"117","Prepare for Invasion!","The Warchief Vol'jin has come to your garrison to discuss invasion plans of Tanaan Jungle. Do your forces stand ready?","Start Quest","1048305","0","","Speak to Warchief Vol'jin inside your garrison to plan the invasion of Tanaan Jungle.","33769","0","38567","33770","0","0","949","0","0","3","0","9","10","3","0","0","0"
"118","Arathi Basin","Fight Horde players for control of Arathi Basin in this resource-race battleground.","Join the Fight!","236712","0","","","33772","0","0","34691","0","0","0","5","0","4","3","1","7","1","0","0","0"
"119","Prepare for Invasion!","King Varian Wrynn has come to your garrison to discuss invasion plans of Tanaan Jungle. Do your forces stand ready?","Start Quest","1048305","0","","Speak to King Varian Wrynn inside your garrison to plan the invasion of Tanaan Jungle.","33771","0","38253","33773","0","0","949","0","0","3","0","9","10","3","0","0","0"
"120","Blackfathom","This ancient night elf temple has now been overrun by naga and satyr.  Defeat them before untold evils below are awoken!","Join Group","236436","0","","","33775","10","0","33809","33978","0","0","6","0","1","0","5","8","1","1","0","0"
"121","Tanaan Jungle Daily","General, your presence is required in Tanaan Jungle. Our campaign against the Iron Horde forces there continues.","Start Quest","1048305","0","","","33788","0","38989","0","0","0","0","0","0","3","0","9","10","0","0","0","0"
"122","Tanaan Jungle Daily","General, your presence is required in Tanaan Jungle. Our campaign against the Iron Horde forces there continues.","Start Quest","1048305","0","","","33790","0","38996","0","0","0","0","0","0","3","0","9","10","0","0","0","0"
"123","Stormwind Stockade","The prisoners of the Stormwind Stockades are attempting to escape. Stop them!","Join Group","134163","0","","","33806","12","0","33810","33979","0","0","6","0","1","0","5","8","1","1","0","0"
"124","Gnomeregan","Delve into the irradiated capital city of Gnomeregan to clean out its infestation of troggs, leper gnomes, and technological terrors.","Join Group","236424","0","","","33807","14","0","33811","33981","0","0","6","0","1","0","5","8","1","1","0","0"
"125","Scarlet Halls","The fiercest warriors of the Scarlet Crusade are raising an army within the Scarlet Halls. Defeat them before they can unleash their forces.","Join Group","133154","0","","","33808","163","0","33813","33982","0","0","6","0","1","0","5","8","1","1","0","0"
"126","Scarlet Monastery","Attack the Scarlet Monastery, stronghold of the Scarlet Crusade, and bring justice to their zealous leaders within.","Join Group","135955","0","","","33814","164","0","33815","33816","0","0","6","0","1","0","5","8","1","1","0","0"
"127","Maraudon","Travel into the crystal caverns of Maraudon where rumors claim a demonic presence has taken hold.","Join Group","136345","0","","","33817","272","0","33818","0","0","0","6","0","1","0","5","8","1","0","0","0"
"128","Razorfen Kraul","Adventure into the thorned nest of Razorfen Kraul, den and stronghold of the quilboar.","Join Group","236405","0","","","33819","16","0","33820","33983","0","0","6","0","1","0","5","8","1","1","0","0"
"129","Foulspore Cavern","Adventure into the underground Foulspore Cavern to purge the corruption that grips the roots of Maraudon.","Join Group","136345","0","","","33821","26","0","33818","0","0","0","6","0","1","0","5","8","1","0","0","0"
"130","Earth Song Falls","A hero is needed to bring an end to the corruption wrought by Princess Theradras and her minions within the caverns of Maraudon.","Join Group","136345","0","","","33822","273","0","33818","33984","0","0","6","0","1","0","5","8","1","1","0","0"
"131","Uldaman","Explore Uldaman, the ruined city of the ancient Titans filled with a host of their failed creations and wondrous treasures.","Join Group","236401","0","","","33823","22","0","33824","33985","0","0","6","0","1","0","5","8","1","1","0","0"
"132","Warpwood Quarter","Bring an end to the corrupted ancients and inhabitants that infest the eastern wing of ruins at Dire Maul.","Join Group","136333","0","","","33825","34","0","33826","0","0","0","6","0","1","0","5","8","1","0","0","0"
"133","Scholomance","A hero is needed to face the dreaded necromancers and their undead creations at their school of knowledge, Scholomance.","Join Group","135974","0","","","33827","2","0","33828","33986","0","0","6","0","1","0","5","8","1","1","0","0"
"134","Capital Gardens","The elves' blind pursuit to regain their immortality led to a dark curse. Venture into the ruins of Dire Maul and put an end to it.","Join Group","136333","0","","","33829","36","0","33830","0","0","0","6","0","1","0","5","8","1","0","0","0"
"135","Razorfen Downs","Undead sightings in this quilboar stronghold have given rise to the concern that the Scourge may be gaining a foothold in Kalimdor.","Join Group","236400","0","","","33832","20","0","33831","33987","0","0","6","0","1","0","5","8","1","1","0","0"
"136","Gordok Commons","The brutal Gordok ogres have seized control of the northern wing of the Dire Maul and are exploiting the power within.","Join Group","132340","0","","","33833","38","0","33830","33988","0","0","6","0","1","0","5","8","1","1","0","0"
"137","Stratholme - Main Gate","The once great human city of Stratholme is now a ruined nest of undeath. Only the bravest of heroes dare cross the front gate.","Join Group","237511","0","","","33834","40","0","33835","33989","0","0","6","0","1","0","5","8","1","1","0","0"
"138","Zul'Farrak","The once powerful and cruel sandfury trolls of Zul'Farrak appear to be amassing an army of undead. Will you stand against them?","Join Group","236406","0","","","33838","24","0","33837","33990","0","0","6","0","1","0","5","8","1","1","0","0"
"139","Stratholme - Service Entrance","A side entrance has been revealed into the ruined city of Stratholme.  Use it to launch an attack against the Scourge inside.","Join Group","237511","0","","","33839","274","0","33840","33991","0","0","6","0","1","0","5","8","1","1","0","0"
"140","The Detention Block","The Dark Iron Dwarves in Blackrock Depths are working with the Twilight's Hammer cultists and must be stopped.","Join Group","236410","0","","","33841","30","0","33842","33992","0","0","6","0","1","0","5","8","1","1","0","0"
"141","Sunken Temple","Adventure into the Sunken Temple to put an end to the corrupted green dragon wardens there and stop the rogue Atal'ai troll priests.","Join Group","236434","0","","","33843","28","0","33844","33993","0","0","6","0","1","0","5","8","3","0","0","0"
"142","Blackrock Depths","Journey deep into the capital of the Dark Iron dwarves to do battle with their evil leader, Emperor Thaurissan.","Join Group","236410","0","","","33845","276","0","33842","33994","0","0","6","0","1","0","5","8","1","1","0","0"
"143","Lower Blackrock Spire","Battle against the forces of the false horde united under the banner of Warchief Rend Blackhand and his black dragon allies.","Join Group","236429","0","","","33846","32","0","33847","33995","0","0","6","0","1","0","5","8","1","1","0","0"
"144","Hellfire Ramparts","Assault the nearly impenetrable bastion of the Fel Horde's base of operations in Hellfire Peninsula.","Join Group","236427","0","","","33848","136","0","33849","33996","0","0","6","0","1","0","5","8","1","1","0","0"
"145","The Blood Furnace","The Fel Horde is performing dark and disturbing experiments on their own people, forging fierce soldiers of war.","Join Group","236417","0","","","33850","137","0","33849","33851","0","0","6","0","1","0","5","8","1","1","0","0"
"146","The Slave Pens","Liberate the captives of the sinister Coilfang naga in their Slave Pens in Zangarmarsh.","Join Group","236433","0","","","33852","140","0","33853","33997","0","0","6","0","1","0","5","8","1","1","0","0"
"147","The Underbog","Adventure into the Underbog facing off against the strange fungal creatures of the deep.","Join Group","254502","0","","","33854","146","0","33853","33855","0","0","6","0","1","0","5","8","1","1","0","0"
"148","Mana-Tombs","Stop the scavenging ethereals under the banner of Nexus-Prince Shaffar from desecrating the draenei burial chambers within Auchindoun.","Join Group","236426","0","","","33856","148","0","33857","33998","0","0","6","0","1","0","5","8","1","1","0","0"
"149","Auchenai Crypts","Explore the ancient Auchenai Crypts, battling the haunted draenei within and giving peace to its mad defenders.","Join Group","236411","0","","","33858","149","0","33857","33999","0","0","6","0","1","0","5","8","1","1","0","0"
"150","The Escape from Durnholde","Travel back in time to Old Hillsbrad Foothills where vile forces work to assassinate a young Thrall before he can come of age.","Join Group","254647","0","","","33859","170","0","33861","34000","0","0","6","0","1","0","5","8","1","1","0","0"
"151","Sethekk Halls","Battle the powerful magi of the arakkoa that have seized control of the Sethekk Halls.","Join Group","236435","0","","","33862","150","0","33857","34001","0","0","6","0","1","0","5","8","1","1","0","0"
"152","The Mechanar","Do battle with the blood elves within the Mechanar before they can unlock the mystical secrets of the naaru held within.","Join Group","236430","0","","","33863","172","0","33864","34002","0","0","6","0","1","0","5","8","1","1","0","0"
"153","Magisters' Terrace","Kael'thas Sunstrider has revealed his allegiance to the Burning Legion and has retreated to Magisters' Terrace. He must be stopped!","Join Group","250117","0","","","33865","198","0","33868","34003","0","0","6","0","1","0","5","8","1","1","0","0"
"154","Utgarde Keep","Once thought to be abandoned, the ancient halls of Utgarde Keep once again thrive with the footsteps of vrykul warriors.","Join Group","236528","0","","","33888","202","0","33889","34004","0","0","6","0","1","0","5","8","1","1","0","0"
"155","The Nexus","Malygos' forces are redirecting all arcane energies to the Nexus. They must be stopped before magic is removed from our world.","Join Group","236498","0","","","33890","225","0","33891","34005","0","0","6","0","1","0","5","8","1","1","0","0"
"156","Azjol-Nerub","Journey into Azjol-Nerub, the once great spider empire that has become a web of undeath loyal to the Lich King.","Join Group","236463","0","","","33892","204","0","33893","34006","0","0","6","0","1","0","5","8","1","1","0","0"
"157","Ahn'kahet: The Old Kingdom","Travel to the ancient underground city of Ahn'kahet where something terrible has been awoken in the depths of the world.","Join Group","236459","0","","","33894","218","0","33893","33895","0","0","6","0","1","0","5","8","1","1","0","0"
"158","Drak'Tharon Keep","Assault the walls of Drak'Tharon Keep to do battle with the undead that are seizing control of the keep.","Join Group","250122","0","","","33896","214","0","33898","34007","0","0","6","0","1","0","5","8","1","1","0","0"
"159","Violet Hold","The Kirin Tor calls for aid as an invasion by the blue dragons threatens to release the most dreaded prisoners held within.","Join Group","236513","0","","","33899","220","0","33900","34008","0","0","6","0","1","0","5","8","1","1","0","0"
"160","Halls of Stone","Adventure with famed explorer Brann Bronzebeard into the ancient titan foundry of the Halls of Stone.","Join Group","236518","0","","","33901","208","0","33902","34009","0","0","6","0","1","0","5","8","1","1","0","0"
"161","Gundrak","The trolls of Gundrak are turning on their own gods, slaying them so that they might gain their power.","Join Group","236488","0","","","33903","216","0","33904","34010","0","0","6","0","1","0","5","8","1","1","0","0"
"162","Halls of Lightning","Storm Loken's stronghold and face him in his throne room within the Halls of Lightning.","Join Group","236523","0","","","33905","207","0","33906","34011","0","0","6","0","1","0","5","8","1","1","0","0"
"163","Utgarde Pinnacle","The vrykul King Ymiron has returned and sworn loyalty to the Lich King. Defeat him before his army can reach full strength.","Join Group","236533","0","","","33907","203","0","33908","0","0","0","6","0","1","0","5","8","1","1","0","0"
"164","The Oculus","The blue dragonflight at the Oculus is working to channel all magic out of the world into the Twisting Nether and must be stopped.","Join Group","236499","0","","","33909","206","0","33891","33910","0","0","6","0","1","0","5","8","1","1","0","0"
"165","The Culling of Stratholme","Travel back in time to that fateful day when Prince Arthas rode his army into Stratholme before it could be consumed by the Scourge.","Join Group","236478","0","","","33911","209","0","33912","34012","0","0","6","0","1","0","5","8","1","1","0","0"
"166","Blackrock Caverns","Deep within Blackrock Mountain, the Twilight's Hammer works with the forces of Deathwing to craft dangerous monstrosities.","Join Group","409594","0","","","33913","303","0","33914","34013","0","0","6","0","1","0","5","8","1","1","0","0"
"167","Throne of the Tides","Join forces with the elemental water lord Neptulon as he repels an invasion of the naga and their old god allies.","Join Group","409600","0","","","33917","302","0","33918","34014","0","0","6","0","1","0","5","8","1","1","0","0"
"168","The Vortex Pinnacle","Journey into the elemental plane of air and do battle with the forces of Skywall and their storm drake allies.","Join Group","409599","0","","","33919","311","0","33920","34015","0","0","6","0","1","0","5","8","1","1","0","0"
"169","The Stonecore","The Twilight's Hammer cultists and their elemental perversions are fortified within the Stonecore on the elemental plane of earth.","Join Group","409595","0","","","33921","307","0","33922","34016","0","0","6","0","1","0","5","8","1","1","0","0"
"170","Lost City of the Tol'vir","The tol'vir followers of Neferset have been cured of their curse of flesh and threaten to crush the peace of the lands around them.","Join Group","409598","0","","","33923","312","0","33924","34017","0","0","6","0","1","0","5","8","1","1","0","0"
"171","Grim Batol","Invaders from the Twilight's Hammer have seized control of the dwarven city of Grim Batol and brought with them an ancient evil.","Join Group","409596","0","","","33925","304","0","33926","34018","0","0","6","0","1","0","5","8","1","1","0","0"
"172","Stormstout Brewery","Adventure into the famed Stormstout Brewery and help restore order to the chaos that has broken out there.","Join Group","594272","0","","","33927","465","0","33932","34019","0","0","6","0","1","0","5","8","1","1","0","0"
"173","Temple of the Jade Serpent","Confront the Sha of Doubt as it tries to take hold of the Temple of the Jade Serpent.","Join Group","603529","0","","","33933","464","0","33934","34020","0","0","6","0","1","0","5","8","1","1","0","0"
"174","Mogu'shan Palace","The three great mogu clans that still hold sway in Pandaria have gathered in strength at the Mogu'shan Palace and must be stopped.","Join Group","615499","0","","","33935","467","0","33936","34021","0","0","6","0","1","0","5","8","1","1","0","0"
"175","Shado-Pan Monastery","Confront the Sha of Violence, Anger, and Hatred, as they work to corrupt the ancient order of the Shado-pan to evil purpose.","Join Group","645204","0","","","33937","466","0","33938","34022","0","0","6","0","1","0","5","8","1","1","0","0"
"176","Bloodmaul Slag Mines","Journey into the dreaded Bloodmaul Slag Mines to liberate the slaves of the ogres within.","Join Group","1002599","0","","","33939","787","0","33940","34023","0","0","6","0","1","0","5","8","1","1","0","0"
"177","Iron Docks","The naval fleet of the Iron Horde is mustering at the Iron Docks in Gorgrond and must be stopped.","Join Group","1003154","0","","","33941","821","0","33942","34024","0","0","6","0","1","0","5","8","1","1","0","0"
"178","Auchindoun","A hero is needed to repel the Shadow Council forces from the ancient draenei crypts at Auchindoun before they can turn the power there to evil.","Join Group","1002597","0","","","33943","820","0","33944","34025","0","0","6","0","1","0","5","8","1","1","0","0"
"179","Skyreach","Assault the Skyreach and the vile arakkoa there who are using the power of the sun against their enemies.","Join Group","1002596","0","","","33945","779","0","33946","34026","0","0","6","0","1","0","5","8","1","1","0","0"
"180","The Everbloom","Travel to the deep jungles of the Everbloom where the Kirin Tor have attempted to establish a supply line with Draenor only to be overrun by the vicious genesaur.","Join Group","1052644","0","","","33947","824","0","33948","34027","0","0","6","0","1","0","5","8","1","1","0","0"
"181","Shadowmoon Burial Grounds","Chieftain Ner'zhul has begun to perform depraved experiments with void magic and tormenting spirits within the Shadowmoon Burial Grounds.","Join Group","1002600","0","","","33949","783","0","33950","34028","0","0","6","0","1","0","5","8","1","1","0","0"
"182","Grimrail Depot","The great Grimrail train is a vital resource to the Iron Horde war machine and a prime target for attacking by those heroes brave enough to assault it.","Join Group","1002598","0","","","33951","822","0","33952","34029","0","0","6","0","1","0","5","8","1","1","0","0"
"183","Upper Blackrock Spire","The Iron Horde have a foothold in Azeroth at Upper Blackrock Spire. If unchecked, they could threaten our own strongholds and lands.","Join Group","1002601","0","","","33953","330","0","33954","34030","0","0","6","0","1","0","5","8","1","1","0","0"
"184","Bonus Event: Timewalking","Timewalk through Burning Crusade dungeons for the duration of this Bonus Event!","Start Quest","250117","0","","","34049","0","44164","0","0","1273","0","4","0","3","0","8","9","0","0","0","0"
"185","Bonus Event: Timewalking","Timewalk through Wrath of the Lich King dungeons for the duration of this Bonus Event!","Start Quest","341221","0","","","34054","0","44166","0","0","1273","0","4","0","3","0","8","9","0","0","0","0"
"186","Bonus Event: Skirmishes","Fight other players in Skirmishes for the duration of this Bonus Event!","Start Quest","975743","0","","","34058","0","44172","0","0","0","0","4","0","3","0","8","9","0","0","0","0"
"187","Bonus Event: Battlegrounds","Fight other players in Battlegrounds for the duration of this Bonus Event!","Start Quest","132269","0","","","34059","0","44173","0","0","0","0","4","0","3","0","8","9","0","0","0","0"
"188","Call of the Archmage","Archmage Khadgar is concerned about the threats this world may hold for Azeroth, and he needs your assistance pursuing them.","Start Quest","1129713","0","","","5703","0","39018","0","0","0","0","7","0","3","0","8","9","0","0","0","0"
"189","Call of the Archmage","Archmage Khadgar has devised the next course of action against the Shadow Council and requires your assistance.","Start Quest","1129713","0","","","5703","0","39019","0","0","0","0","7","0","3","0","6","9","0","0","0","0"
"190","Call of the Archmage","Archmage Khadgar has devised the next course of action against the Shadow Council and requires your assistance.","Start Quest","1129713","0","","","5703","0","39022","0","0","0","0","7","0","3","0","6","9","0","0","0","0"
"191","Bonus Event: Pet Battles","Engage in Pet Battles for the duration of this Bonus Event!","Start Quest","132269","122457","","","34116","0","44174","0","0","0","0","4","0","3","0","8","9","0","0","0","0"
"192","Call of the Archmage","Archmage Khadgar has devised the next course of action against the Shadow Council and requires your assistance.","Start Quest","1129713","0","","","5703","0","39023","0","0","0","0","7","0","3","0","6","9","0","0","0","0"
"193","Call of the Archmage","Archmage Khadgar has devised the next course of action against the Shadow Council and requires your assistance.","Start Quest","1129713","0","","","5703","0","39024","0","0","0","0","7","0","3","0","6","9","0","0","0","0"
"194","Bonus Event: Dungeons","Complete Legion mythic dungeons for the duration of this Bonus Event!","Start Quest","132269","139487","","","44602","0","44171","0","0","0","0","4","0","3","0","8","9","0","0","0","0"
"195","Bonus Event: World Quests","Complete World Quests in the Broken Isles for increased rewards for the duration of this Bonus Event!","Start Quest","136349","0","","","44601","0","44175","0","0","1220","0","4","0","3","0","8","9","0","0","0","0"
"196","Skirmishes","Battle other players in 2v2 and 3v3 Skirmishes!","Join Skirmishes","236326","141997","","","34197","0","0","33559","0","0","0","5","0","5","32","1","2","2","0","0","0"
"197","Warsong Gulch","Claim Warsong Gulch for the Alliance in this capture-the-flag battleground.","Join the Fight!","236350","0","","","34277","0","0","34691","0","0","0","5","0","4","2","1","7","1","0","0","0"
"198","Kun-Lai Summit","Survivors of the battle in Jade Forest have made their way to Kun-Lai Summit and are in dire need of your aid.","Start Quest","617832","0","","","34950","0","38936","33737","34300","0","809","0","0","3","0","9","10","3","3","0","0"
"199","Brewfest","Brewfest has come under attack by the Dark Iron Dwarves!  Take on their leader inside Black Rock Depths.","Find Group","133201","0","","","34325","287","0","0","0","0","0","4","0","1","0","6","7","0","0","0","0"
"200","Fishing Tournament!","Head to Booty Bay and compete against other players in the Stranglethorn Fishing Tournament!  The contest starts at 2:00 pm.","","132931","0","","","34518","0","0","0","0","0","0","2","0","0","0","5","6","0","0","0","0"
"201","Professions","Professions like Alchemy and Mining allow you to craft and gather useful items.  Talk to a guard in any capital city to find a trainer!","","643416","0","","","34334","0","0","34338","0","0","0","2","0","0","0","3","6","4","0","0","0"
"202","Zangarmarsh","Our allies in the Cenarion Expedition require your aid in the swamps of Zangarmarsh.","Start Quest","236855","0","","","34349","0","39180","34350","0","0","467","0","0","3","0","9","10","3","0","0","0"
"203","Zangarmarsh","Our allies in the Cenarion Expedition require your aid in the swamps of Zangarmarsh.","Start Quest","236855","0","","","34351","0","39181","34352","0","0","467","0","0","3","0","9","10","3","0","0","0"
"204","Terokkar Forest","Your skills are needed in securing Terokkar Forest from the enemies of the Horde.","Start Quest","236847","0","","","34354","0","39182","34355","0","0","478","0","0","3","0","9","10","3","0","0","0"
"205","Terokkar Forest","Your skills are needed in securing Terokkar Forest from the enemies of the Alliance.","Start Quest","236847","0","","","34357","0","39188","34356","0","0","478","0","0","3","0","9","10","3","0","0","0"
"206","Nagrand","The Mag'har of Garadar call for aid. Ride for Nagrand and bring the power of the Horde to their side.","Start Quest","236810","0","","","34358","0","39196","34359","0","0","477","0","0","3","0","9","10","3","0","0","0"
"207","Nagrand","The King has called for voluteers to negotiate with the Kurenai of Nagrand.","Start Quest","236810","0","","","34369","0","39197","34370","0","0","477","0","0","3","0","9","10","3","0","0","0"
"208","Secondary Professions","Secondary Professions like Cooking and Fishing are available to all characters.  Talk to a guard in any capital city to find a trainer!","","133971","0","","","34371","0","0","0","0","0","0","2","0","0","0","3","5","0","0","0","0"
"209","Blade's Edge Mountains","Journey to the Blade's Edge Mountains, stronghold of the ogres and their gronn masters in Outland.","Start Quest","236719","0","","","34372","0","39198","34373","0","0","475","0","0","3","0","9","10","3","0","0","0"
"210","Blade's Edge Mountains","Journey to the Blade's Edge Mountains, stronghold of the ogres and their gronn masters in Outland.","Start Quest","236719","0","","","34374","0","39199","34375","0","0","475","0","0","3","0","9","10","3","0","0","0"
"211","Netherstorm","Travel to the mana torn landscape of Netherstorm to do battle with demons, minions of Kael'thas, and defiant goblin rockets.","Start Quest","236811","0","","","34377","0","39201","34378","0","0","479","0","0","3","0","9","10","3","0","0","0"
"212","Netherstorm","Travel to the mana torn landscape of Netherstorm to do battle with demons, minions of Kael'thas, and defiant goblin rockets.","Start Quest","236811","0","","","34379","0","39202","34380","0","0","479","0","0","3","0","9","10","3","0","0","0"
"213","Dragonblight","The Alliance is amassing forces in the Dragonblight to stabilize the land and launch an offensive against the Lich King.","Start Quest","236743","0","","","34383","0","39204","34384","0","0","488","0","0","3","0","9","10","3","0","0","0"
"214","Dragonblight","The Horde is amassing forces in the Dragonblight to stabilize the land and launch an offensive against the Lich King.","Start Quest","236743","0","","","34386","0","39203","34385","0","0","488","0","0","3","0","9","10","3","0","0","0"
"215","Grizzly Hills","Heroes are needed to aid the Horde in establishing an outpost in the Grizzly Hills.","Start Quest","236766","0","","","34387","0","39206","34388","0","0","490","0","0","3","0","9","10","3","0","0","0"
"216","Grizzly Hills","Heroes are needed to aid the Alliance in establishing an outpost in the Grizzly Hills.","Start Quest","236766","0","","","34389","0","39207","34390","0","0","490","0","0","3","0","9","10","3","0","0","0"
"217","Zul'Drak","The Knights of the Ebon Blade and the Argent Crusade need help in battle with the trolls of Zul'Drak and the invading scourge.","Start Quest","236856","0","","","34391","0","39208","34392","0","0","496","0","0","3","0","9","10","3","0","0","0"
"218","Dalaran","Visit the magical floating city of Dalaran in the skies above Crystal Song Forest. ","Start Quest","237509","0","","","34393","0","39210","34394","0","0","504","0","0","3","0","9","10","5","0","0","0"
"219","Darkmoon Faire","The Darkmoon Faire has arrived!  Look for the portal to Darkmoon Island near Goldshire in Elwynn Forest.","","535990","0","","","34381","0","0","0","0","515","0","0","0","0","0","0","0","0","0","0","0"
"220","Darkmoon Faire","The Darkmoon Faire has arrived!  Look for the portal to Darkmoon Island near Thunder Bluff in Mulgore.","","535990","0","","","34382","0","0","0","0","515","0","0","0","0","0","0","0","0","0","0","0"
"221","Sholazar Basin","Journey into the primal jungles of Sholazar Basin.","Start Quest","236817","0","","","34403","0","39209","34404","0","0","493","0","0","3","0","9","10","5","0","0","0"
"222","Sholazar Basin","Journey into the primal jungles of Sholazar Basin.","Start Quest","236817","0","","","34405","0","39212","34406","0","0","493","0","0","3","0","9","10","5","0","0","0"
"223","Storm Peaks","Adventure awaits in the ancient titananic mountains of the Storm Peaks.","Start Quest","236832","0","","","34409","0","12853","34410","0","0","495","0","0","3","0","9","10","3","0","0","0"
"224","Pandaria","The King of Stormwind is preparing a team for an elite mission and requires your presence.","Start Quest","652174","0","","","34411","0","29547","34412","33713","0","806","0","0","3","0","14","14","3","3","0","0"
"227","Brewfest","The yearly celebration of the fermented fruits of the harvest is happening right now!  Find the beer garden outside Ironforge.","","133201","32233","You can win a variety of fun prizes like pets and seasonal garb!","","34480","0","0","0","0","0","0","4","0","0","0","6","7","0","0","0","0"
"228","Brewfest","The yearly celebration of the fermented fruits of the harvest is happening right now!  Find the beer garden outside Orgrimmar.","","133201","32233","You can win a variety of fun prizes like pets and seasonal garb!","","34481","0","0","0","0","0","0","4","0","0","0","6","7","0","0","0","0"
"229","Highmaul Raid Missions","Reach level 100 with three followers and upgrade them to iLvl 645 to unlock Highmaul Raid missions!","","1030796","0","","","34510","0","0","0","0","0","0","7","0","0","0","0","0","0","0","0","0"
"230","Midsummer Fire Festival","The sacred bonfires of Midsummer are threatened by Ahune, the Frost Lord!  Join other players and take him down.","Find Group","135805","0","","","34520","286","0","0","0","0","0","4","0","1","0","6","7","0","0","0","0"
"231","Dual Talent Specialization","You've unlocked the ability to switch between two Talent specializations!  Speak to your class trainer at any capital to activate this.","","132222","0","","","21439","0","0","34615","34616","0","0","1","0","0","0","3","5","2","2","0","0"
"232","Mythic Dungeon","Run a Warlords of Draenor dungeon in mythic difficulty to test your skill and receive improved rewards!","Join Group","1042626","0","","","34621","1008","0","34624","0","0","0","6","4","6","0","6","7","4","0","0","0"
"233","Blackrock Foundry","Blackrock Foundry is the center of the Iron Horde's military might.  Find a group and take on this raid! (Normal Difficulty)","Join Raid","1005700","0","","","34623","898","0","0","0","0","0","6","0","6","0","8","10","0","0","0","0"
"234","Battle Pet Training","Battle Pet Training allows you to capture and level up unique pets!  Speak to Audrey Burnhep in Stormwind to learn this skill.","","643856","0","","","34647","0","0","0","0","0","0","3","0","0","0","3","7","0","0","0","0"
"235","Battle Pet Training","Battle Pet Training allows you to capture and level up unique pets!  Speak to Varzok in Orgrimmar to learn this skill.","","643856","0","","","34645","0","0","0","0","0","0","3","0","0","0","3","7","0","0","0","0"
"236","100 Pets","Collect 100 unique pets to earn Nuts the squirrel!","","643856","71140","","","34648","0","0","0","0","0","0","3","0","0","0","1","3","0","0","0","0"
"237","Midsummer","Celebrate this holiday by honoring the sacred bonfires of Midsummer!  Speak to the Master Fire Juggler at a capital to learn more.","","135813","23247","","","34733","0","0","0","0","0","0","4","0","0","0","3","5","0","0","0","0"
"238","The Headless Horseman","The Headless Horseman haunts the graveyards of the Scarlet Monastery during Hallow's End! Group up and hunt him down.","Find Group","133661","0","","","34758","285","0","0","0","0","0","4","0","1","0","6","7","0","0","0","0"
"239","Prepare for Invasion!","A veteran shipwright is now helping your invasion efforts.  Build a shipyard in Frostfire Ridge.","Start Quest","1048305","0","","Finish building a shipyard in Frostfire Ridge.","21439","0","38573","33770","0","0","941","0","1","3","0","9","10","3","0","0","0"
"240","Tanaan Jungle","You have built a vessel suitable to carry out your invasion of Tanaan Jungle.  Go forth and conquer!","Start Quest","1048305","0","","Continue your efforts to establish an Outpost in Tanaan Jungle.","21439","0","37889","33770","0","0","945","0","1","3","0","9","10","3","0","0","0"
"241","Prepare for Invasion!","A veteran shipwright is now helping your invasion efforts.  Build a shipyard in Shadowmoon Valley.","Start Quest","1048305","0","","Finish building a shipyard in Shadowmoon Valley.","21439","0","38573","33770","0","0","941","0","1","3","0","9","10","3","0","0","0"
"243","Rated Battleground","Battle other players inside a Rated Battleground!","Join the Fight!","132269","141997","","","33559","0","0","0","0","0","0","5","0","8","32","2","5","4","0","0","0"
"244","Arenas","Battle other players in 2v2 and 3v3 Arenas!","Join the Fight!","236326","141997","","","33559","0","0","0","0","0","0","5","0","5","32","1","2","2","0","0","0"
"245","Hallow's End","Visit any inn during Hallow's End to receive special treats!","","133661","0","","","34758","0","0","0","0","0","0","4","0","0","0","6","7","0","0","0","0"
"246","Pirate Day","Find Dread Captain DeMeza and her crew in Booty Bay and see if you have what it takes to join her crew!","","1140278","0","","","21439","0","0","0","0","0","0","4","0","0","0","6","7","0","0","0","0"
"247","Harvest Festival","Speak to Wagner Hammerstrike outside Ironforge and find out how you can pay tribute to one of the Alliance's greatest heroes.","","235465","0","","","34945","0","0","0","0","0","0","4","1","0","0","6","7","0","0","0","0"
"248","Harvest Festival","Speak to Javnir Nashak outside Orgrimmar and find out how you can pay tribute to one of the Horde's greatest heroes.","","235465","0","","","34946","0","0","0","0","0","0","4","1","0","0","6","7","0","0","0","0"
"249","Day of the Dead","The barriers between the spirit world and Azeroth are at their weakest!  Visit any capital city's graveyard to join the festivities!","","307568","0","","","34942","0","0","0","0","0","0","4","0","0","0","6","7","0","0","0","0"
"250","WoW Anniversary","The World of Warcraft Anniversary celebration is upon us!  Check your mail for a special gift.","","136235","0","","","34947","0","0","0","0","0","0","4","0","0","0","6","7","0","0","0","0"
"251","Pilgrim's Bounty","Share in the Pilgrim's Bounty outside any capital city!","","133167","0","","","8566","0","0","0","0","0","0","4","0","0","0","6","7","0","0","0","0"
"252","Feast of Winter Veil","The most anticipated winter holiday is here!  You can find Greatfather Winter in Ironforge.","","236706","0","","","34940","0","0","0","0","0","0","4","0","0","0","6","7","0","0","0","0"
"253","Feast of Winter Veil","The most anticipated winter holiday is here!  You can find Great-father Winter in Orgrimmar.","","236706","0","","","34941","0","0","0","0","0","0","4","0","0","0","6","7","0","0","0","0"
"254","Tanaan Jungle Daily","General, your presence is required in Tanaan Jungle. Our campaign against the Iron Horde forces there continues.","Start Quest","1061300","0","","","21439","0","0","0","0","823","0","7","1","3","0","6","7","0","0","0","0"
"255","Heroic Dungeons","Run Warlords of Draenor Heroic dungeons to test your skill and receive improved rewards!","Join Group","1042626","0","","","34794","789","0","0","0","0","0","6","4","1","0","6","7","4","0","0","0"
"256","Supreme Lord Kazzak","Supreme Lord Kazzak has returned from the Twisting Nether.  Join other players to take down this World Boss!","Find Group","615103","0","","","34885","0","0","0","0","0","0","6","0","6","0","6","7","0","0","0","0"
"257","Blackrock Foundry","Blackrock Foundry is the center of the Iron Horde's military might.  Find a group and take on this raid! (Heroic Difficulty)","Join Raid","1005700","0","","","34915","899","0","0","0","0","0","6","0","6","0","8","9","0","0","0","0"
"258","Hellfire Citadel","The Iron Horde has allied with Gul'dan and the Legion inside Hellfire Citadel.  Join other players to take them on! (Heroic Difficulty)","Join Raid","1113438","0","","","34917","988","0","0","0","0","0","6","2","6","0","8","10","0","0","0","0"
"259","Blackrock Foundry","Blackrock Foundry is the center of the Iron Horde's military might.  Find a group and take on this raid! (Mythic Difficulty)","Join Raid","1005700","0","","","34956","900","0","0","0","0","0","6","0","6","0","8","9","0","0","0","0"
"260","Hellfire Citadel","The Iron Horde has allied with Gul'dan and the Legion inside Hellfire Citadel.  Join other players to take them on! (Mythic Difficulty)","Join Raid","1113438","0","","","34958","989","0","0","0","0","0","6","2","6","0","8","10","0","0","0","0"
"261","Bonus Event: Timewalking","Timewalk through Burning Crusade dungeons for the duration of this Bonus Event!","Join Group","250117","0","","","35506","744","0","0","0","0","0","4","0","1","0","8","9","0","0","0","0"
"262","Bonus Event: Timewalking","Timewalk through Wrath of the Lich King dungeons for the duration of this Bonus Event!","Join Group","341221","0","","","35507","995","0","0","0","0","0","4","0","1","0","8","9","0","0","0","0"
"264","Bonus Event: Timewalking","Timewalk through Cataclysm dungeons for the duration of this Bonus Event!","Start Quest","574788","0","","","45615","0","44167","0","0","1273","0","4","0","3","0","8","9","0","0","0","0"
"265","Bonus Event: Timewalking","Timewalk through Cataclysm dungeons for the duration of this Bonus Event!","Join Group","574788","0","","","38048","1146","0","0","0","0","0","4","0","1","0","8","9","0","0","0","0"
"266","Scouting Map","You can return to the Scouting Map in your Class Hall to choose assault point quests into different zones.","","136349","0","","","42998","0","0","0","0","0","0","0","0","0","0","0","0","0","0","0","0"
"267","Scouting Map","You can return to the Scouting Map in your Class Hall to choose assault point quests into different zones.","","136349","0","","","43001","0","0","0","0","0","0","0","0","0","0","0","0","0","0","0","0"
"268","Scouting Map","You can return to the Scouting Map in your Class Hall to choose assault point quests into different zones.","","136349","0","","","42999","0","0","0","0","0","0","0","0","0","0","0","0","0","0","0","0"
"269","Scouting Map","You can return to the Scouting Map in your Class Hall to choose assault point quests into different zones.","","136349","0","","","43000","0","0","0","0","0","0","0","0","0","0","0","0","0","0","0","0"
"270","Suramar","Aid the Nightfallen and uncover the hidden secrets of this ancient elven city.","Start Quest","1409002","0","","","43002","0","39985","0","0","0","0","0","0","3","0","9","10","0","0","0","0"
"271","Random Dungeon","Run a random Legion dungeon to upgrade your character's gear!","Join Group","1450455","0","","","43173","1045","0","0","0","0","0","6","0","1","0","6","9","0","0","0","0"
"272","Heroic Dungeon","Run Legion Heroic dungeons to test your skill and receive improved rewards!","Join Group","1450455","0","","","43003","1046","0","0","0","0","0","6","0","1","0","6","9","0","0","0","0"
"273","Mythic Dungeon","Run a Legion dungeon in Mythic difficulty to test your skill and receive improved rewards!","Find Group","136150","0","","","43175","0","0","0","0","0","0","6","0","6","0","8","9","0","0","0","0"
"274","Mythic Challenges","Use the Mythic Keystone at the entrance to a Mythic Dungeon for even greater challenges and rewards!","Find Group","525134","0","","","43179","0","0","0","0","0","0","6","0","6","0","8","8","0","0","0","0"
"275","World Quests","Open your Broken Isles map to see current Emissary Quests.  Complete four relevant World Quests for a larger reward.","","136349","0","","","43191","0","0","0","0","0","0","0","0","0","0","6","9","0","0","0","0"
"277","Artifact Knowledge","You can continue to place work orders for Artifact Research Notes in your Class Hall to keep increasing your Artifact Knowledge.","","237446","0","","","43457","0","0","0","0","0","0","7","0","0","0","7","10","0","0","0","0"
"278","Additional Artifacts","Return to your Class Hall and switch to a different specialization to begin the quest for that specialization's artifact.","","1112940","0","","","43052","0","0","0","0","0","0","0","0","0","0","0","0","0","0","0","0"
"279","Artifact Knowledge","Complete the quest ""Hidden History"" in your class Hall to research Artifact Knowledge and permanently increase all artifacts gains.","","237446","0","","","43055","0","0","0","0","0","0","7","0","0","0","7","10","0","0","0","0"
"280","Emerald Nightmare","Xavius spreads an insidious corruption inside the Emerald Dream.  Join other players and take on his forces! (Raid Finder)","Join Raid","1413864","0","","","43458","1287","0","0","0","0","0","6","0","2","0","0","0","0","0","0","0"
"281","Emerald Nightmare","Xavius spreads an insidious corruption inside the Emerald Dream.  Join other players and take on his forces! (Normal Difficulty)","Find Group","1413864","0","","","43465","1348","0","0","0","0","0","6","0","6","0","7","9","0","0","0","0"
"282","Prestige Honor Levels","Reset your Honor Levels and begin the climb all over again to obtain Prestige levels and unlock further rewards!","","0","0","","","21439","0","0","0","0","0","0","5","0","0","0","0","0","0","0","0","0"
"283","Legion Arena Season I","The first arena season of Legion has started!  Join an arena team and prove yourself against other players in gladiatorial combat!","Find Team","236329","0","","","21439","0","0","0","0","0","0","5","0","7","0","0","0","0","0","0","0"
"284","Legion Arena Season II","The second arena season of Legion has started!  Join an arena team and prove yourself against other players in gladiatorial combat!","Find Team","236329","0","","","21439","0","0","0","0","0","0","5","0","7","0","0","0","0","0","0","0"
"286","Insurrection: Lockdown","First Arcanist Thalyssra has received dark tidings regarding the Nightfallen rebellion and requires your assistance.","Start Quest","1525722","0","","","46432","0","45271","0","0","0","0","7","0","3","0","10","11","0","0","0","0"
"287","Insurrection: Missing Persons","First Arcanist Thalyssra has received dark tidings regarding the Nightfallen rebellion and requires your assistance.","Start Quest","1525722","0","","","46436","0","45272","0","0","0","0","7","0","3","0","10","11","0","0","0","0"
"288","Insurrection: Waxing Crescent","Ly'leth has made contact. First Arcanist Thalyssra needs your help to act on this new information.","Start Quest","1525722","0","","","46439","0","45277","0","0","0","0","7","0","3","0","10","11","0","0","0","0"
"289","Insurrection: An Elven Problem","The Alliance and Horde have arrived in Suramar. First Arcanist Thalyssra needs your help in providing an introduction.","Start Quest","1525722","0","","","46440","0","45278","0","0","0","0","7","0","3","0","10","11","0","0","0","0"
"290","Insurrection: Crafting War","First Arcanist Thalyssra requires your aid in helping equip and train her growing rebel army.","Start Quest","1525722","0","","","46442","0","45280","0","0","0","0","7","0","3","0","10","11","0","0","0","0"
"291","Insurrection: March on Suramar","The combined might of the elven armies stand ready to assault the city of Suramar. They need only you to lead them.","Start Quest","1525722","0","","","46444","0","45281","0","0","0","0","7","0","3","0","10","11","0","0","0","0"
"292","Insurrection: Elisande's Retort","The insurrection is ready to assault the gates of the Nighthold.","Start Quest","1525722","0","","","46448","0","45282","0","0","0","0","7","0","3","0","10","11","0","0","0","0"
"293","Insurrection: Breaking the Nighthold","It is time to launch the final assault on the Nighthold's defenses.","Start Quest","1525722","0","","","46450","0","45287","0","0","0","0","7","0","3","0","10","11","0","0","0","0"
"294","Insurrection: As Strong As Our Will","With the Alliance and Horde forces neutralized, the Nightfallen will need your help in raising a new, unconventional army.","Start Quest","1525722","0","","","46451","0","45285","0","0","0","0","7","0","3","0","10","11","0","0","0","0"
"295","Karazhan","Uncover the mysteries hidden deep within Karazhan!","","1536496","0","","","47100","0","0","0","0","0","0","6","0","6","0","0","0","0","0","0","0"
"296","Trial of Valor","Prove your worth to Odyn and defeat Helya, ruler of the underworld! (Raid Finder)","Join Raid","1410957","0","","","21439","1411","0","0","0","0","0","6","0","2","0","0","0","0","0","0","0"
"297","Trial of Valor","Prove your worth to Odyn and defeat Helya, ruler of the underworld! (Normal Difficulty)","Join Raid","1410957","0","","","47099","1411","0","0","0","0","0","6","0","6","0","0","0","0","0","0","0"
"298","Trial of Valor","Prove your worth to Odyn and defeat Helya, ruler of the underworld! (Heroic Difficulty)","Join Raid","1410957","0","","","21439","1411","0","0","0","0","0","6","0","6","0","0","0","0","0","0","0"
"299","Emerald Nightmare","Xavius spreads an insidious corruption inside the Emerald Dream.  Join other players and take on his forces! (Normal Difficulty)","Join Raid","0","0","","","21439","0","0","0","0","0","0","6","0","6","0","0","0","0","0","0","0"
"300","Emerald Nightmare","Xavius spreads an insidious corruption inside the Emerald Dream.  Join other players and take on his forces! (Heroic Difficulty)","Join Raid","1410994","0","","","21439","0","0","0","0","0","0","6","0","6","0","0","0","0","0","0","0"
"301","Emerald Nightmare","Xavius spreads an insidious corruption inside the Emerald Dream.  Join other players and take on his forces! (Mythic Difficulty)","Join Raid","0","0","","","21439","0","0","0","0","0","0","6","0","6","0","0","0","0","0","0","0"
"302","Trial of Valor","Prove your worth to Odyn and defeat Helya, ruler of the underworld! (Mythic Difficulty)","Join Raid","0","0","","","21439","1411","0","0","0","0","0","0","0","6","0","0","0","0","0","0","0"
"303","The Nighthold","Attack the very seat of power of the Nightborne to defeat them and their demonic allies! (Raid Finder)","","1410987","0","","","43458","1290","0","0","0","0","0","6","0","1","0","0","0","0","0","0","0"
"304","The Nighthold","Attack the very seat of power of the Nightborne to defeat them and their demonic allies! (Normal Difficulty)","","1410987","0","","","21439","1290","0","0","0","0","0","6","0","1","0","0","0","0","0","0","0"
"305","The Nighthold","Attack the very seat of power of the Nightborne to defeat them and their demonic allies! (Heroic Difficulty)","","1410987","0","","","21439","1290","0","0","0","0","0","6","0","1","0","0","0","0","0","0","0"
"306","The Nighthold","Attack the very seat of power of the Nightborne to defeat them and their demonic allies! (Mythic Difficulty)","","1410987","0","","","21439","1290","0","0","0","0","0","6","0","1","0","0","0","0","0","0","0"
"242","Tanaan Jungle","You have built a vessel suitable to carry out your invasion of Tanaan Jungle.  Go forth and conquer!","Start Quest","1048305","0","","Continue your efforts to establish an Outpost in Tanaan Jungle.","21439","0","37889","33770","0","0","945","0","1","3","0","9","10","3","0","0","0"
