Id,Unknown0,Unknown1,Unknown2,Unknown3,Unknown4,Unknown5,Unknown6,Unknown7,Unknown8,Unknown9,Unknown10,Unknown11,Unknown12,Unknown13,Unknown14,Unknown15
"302","4","0","1","0.0555556","1","6","5","50","1","1345","0","0","1","2","2","1"
"303","4","0","1","0.0555556","1","4","5","50","1","1345","1","0","1","3","2","1"
"304","4","0","1","0.111111","1","5.2","5","50","1","1345","2","0","1","4","2","1"
"305","2","0","1","0.05555556","1","6","5","50","2","1397","0","0","1","2","2","1"
"306","2","0","1","0.05555556","1","4","5","50","2","1397","1","0","1","3","2","1"
"307","2","0","1","0.1111111","1","5.2","5","50","2","1397","2","0","1","4","2","1"
"308","0.4","0","0.06","0.05555556","1","3","5","50","3","1397","0","0","1","4","2","1"
"309","0.6","0","1","0.05555556","1","6","5","50","4","0","0","0","1","2","2","1"
"310","0.6","0","1","0.05555556","1","6","5","50","4","0","1","0","1","3","2","1"
"311","0.6","0","1","0.05555556","1","6","5","50","4","0","2","0","1","4","2","1"
"312","10","0","1","0.05555556","1","6","5","50","5","0","0","0","1","2","2","1"
"313","10","0","1","0.05555556","1","4","5","50","5","0","1","0","1","3","2","1"
"314","10","0","1","0.1111111","1","5.2","5","50","5","0","2","0","1","4","2","1"
"315","20","0","1","0.05555556","1","6","5","50","6","0","0","0","1","2","2","1"
"316","20","0","1","0.05555556","1","4","5","50","6","0","1","0","1","3","2","1"
"317","20","0","1","0.1111111","1","5.2","5","50","6","0","2","0","1","4","2","1"
"318","7","0","1","0.05555556","1","6","5","50","7","0","0","0","1","2","2","1"
"319","7","0","1","0.05555556","1","4","5","50","7","0","1","0","1","3","2","1"
"320","7","0","1","0.1111111","1","5.2","5","50","7","0","2","0","1","4","2","1"
"321","1.5","0","1","0.2777778","1","10","5","50","8","0","0","0","1","4","2","1"
"322","1.5","0","1","0.2777778","1","10","5","50","8","0","1","0","1","3","2","1"
"323","1.5","0","1","0.2777778","1","10","5","50","8","0","2","0","1","2","2","1"
"324","1","0","1","0.1111111","1","6","5","50","9","0","0","0","1","2","2","1"
"325","1","0","1","0.1111111","1","6","5","50","9","0","1","0","1","3","2","1"
"326","1","0","1","0.1111111","1","6","5","50","9","0","2","0","1","4","2","1"
"327","0.75","0","1","0.2777778","1","10","5","50","10","0","0","0","1","2","2","1"
"328","0.75","0","1","0.2777778","1","10","5","50","10","0","1","0","1","3","2","1"
"329","0.75","0","1","0.2777778","1","10","5","50","10","0","2","0","1","4","2","1"
"330","5","0","1","0.05555556","1","6","5","50","11","0","0","0","1","2","2","1"
"331","5","0","1","0.05555556","1","4","5","50","11","0","1","0","1","3","2","1"
"332","5","0","1","0.1111111","1","5.2","5","50","11","0","2","0","1","4","2","1"
"333","1.5","0","1","0.2777778","1","10","5","50","12","0","0","3","1","2","2","1"
"334","1.5","0","1","0.2777778","1","10","5","50","12","0","1","3","1","3","2","1"
"335","1.5","0","1","0.2777778","1","10","5","50","12","0","2","3","1","4","2","1"
"336","0","0","1","0.002777778","1","0.1","79","80","13","0","0","4","1","3","2","1"
"337","0","0","1","0.05555556","1","0.3","79","80","13","0","1","4","1","4","2","1"
"338","0.75","0","1","0.6944445","1","25","79","80","14","0","0","0","1","2","2","1"
"339","0.75","0","1","0.6944445","1","25","79","80","14","0","1","0","1","3","2","1"
"340","0.75","0","1","0.6944445","1","25","79","80","14","0","2","0","1","4","2","1"
"341","2","0","1","0.6944445","1","25","79","80","15","0","0","0","1","2","2","1"
"342","2","0","1","0.6944445","1","25","79","80","15","0","1","0","1","3","2","1"
"343","2","0","1","0.6944445","1","25","79","80","15","0","2","0","1","4","2","1"
"344","0.75","0","1","0.1944444","1","8","5","50","16","0","0","0","1","2","2","1"
"345","0.75","0","1","0.1944444","1","8","5","50","16","0","1","0","1","3","2","1"
"346","0.75","0","1","0.1944444","1","8","5","50","16","0","2","0","1","4","2","1"
"347","7","0","1","0.2777778","1","10","5","50","17","0","0","0","1","4","2","1"
"348","7","0","1","0.2777778","1","10","5","50","17","0","1","0","1","3","2","1"
"349","7","0","1","0.2777778","1","10","5","50","17","0","2","0","1","2","2","1"
"350","1.5","0","1","0.01388889","1","6","5","50","18","0","0","0","1","2","2","1"
"351","1.5","0","1","0.01388889","1","6","5","50","18","0","1","0","1","3","2","1"
"352","1.5","0","1","0.01388889","1","6","5","50","18","0","2","0","1","4","2","1"
"353","15","0","1","0.05555556","1","6","5","50","19","0","0","0","1","2","2","1"
"354","15","0","1","0.05555556","1","4","5","50","19","0","1","0","1","3","2","1"
"355","15","0","1","0.1111111","1","5.2","5","50","19","0","2","0","1","4","2","1"
"356","0.6","0","0.16","0.08333334","1","2","5","50","20","1397","0","0","1","4","2","1"
"357","0.4","0","0.06","0.05555556","1","3","5","50","21","1397","0","0","1","4","2","1"
"358","0.6","0","0.1","0.1111111","1","3","5","50","22","1397","0","0","1","4","2","1"
"359","0.65","0","0.08","0.1666667","1","4","5","50","23","1397","0","0","1","4","2","1"
"360","0.4","0","0.06","0.1944444","1","3","5","50","24","1397","0","0","1","4","2","1"
"361","10","0","1","0.1111111","1","5.2","5","50","25","0","0","0","1","4","2","1"
"362","0.6","0","0.06","0.3333333","1","3","5","50","26","1397","0","0","1","4","2","1"
"363","7","0","1","0.05555556","1","6","5","50","27","0","0","0","1","2","2","1"
"364","0.4","0","0.06","0.08333334","1","3","5","50","28","1397","0","0","1","4","2","1"
"365","2","0","0.06","0.3333333","1","3","5","50","29","1347","0","0","1","4","2","1"
"366","0","0","1","0.002777778","1","0.1","79","80","30","0","0","4","1","3","2","1"
"367","0","0","1","0.05555556","1","0.3","79","80","31","0","0","4","1","4","2","1"
"368","0.75","0","1","0.6944445","1","25","79","80","32","0","0","0","1","2","2","1"
"369","0.75","0","1","0.6944445","1","25","79","80","33","0","0","0","1","3","2","1"
"370","0.75","0","1","0.6944445","1","25","79","80","34","0","0","0","1","4","2","1"
"371","2","0","1","0.6944445","1","25","79","80","35","0","0","0","1","2","2","1"
"372","2","0","1","0.6944445","1","25","79","80","36","0","0","0","1","3","2","1"
"373","2","0","1","0.6944445","1","25","79","80","37","0","0","0","1","4","2","1"
"374","0.75","0","1","0.2777778","1","10","5","50","38","0","0","0","1","2","2","1"
"375","0.75","0","1","0.2777778","1","10","5","50","39","0","0","0","1","3","2","1"
"376","0.75","0","1","0.2777778","1","10","5","50","40","0","0","0","1","4","2","1"
"377","0.75","0","1","0.1944444","1","8","5","50","41","0","0","0","1","2","2","1"
"378","0.75","0","1","0.1944444","1","8","5","50","42","0","0","0","1","3","2","1"
"379","0.75","0","1","0.1944444","1","8","5","50","43","0","0","0","1","4","2","1"
"380","5","0","1","0.05555556","1","4","5","50","44","0","0","0","1","3","2","1"
"381","5","0","1","0.1111111","1","5.2","5","50","45","0","0","0","1","4","2","1"
"382","1.5","0","1","0.01388889","1","6","5","50","46","0","0","0","1","2","2","1"
"383","1.5","0","1","0.01388889","1","6","5","50","47","0","0","0","1","3","2","1"
"384","1.5","0","1","0.01388889","1","6","5","50","48","0","0","0","1","4","2","1"
"385","1.5","0","1","0.2777778","1","10","5","50","49","0","0","0","1","4","2","1"
"386","1.5","0","1","0.2777778","1","10","5","50","50","0","0","0","1","3","2","1"
"387","1.5","0","1","0.2777778","1","10","5","50","51","0","0","0","1","2","2","1"
"388","7","0","1","0.05555556","1","4","5","50","52","0","0","0","1","3","2","1"
"389","1","0","1","0.1111111","1","6","5","50","53","0","0","0","1","2","2","1"
"390","1","0","1","0.1111111","1","6","5","50","54","0","0","0","1","3","2","1"
"391","1","0","1","0.1111111","1","6","5","50","55","0","0","0","1","4","2","1"
"392","1.5","0","1","0.2777778","1","10","5","50","56","0","0","3","1","2","2","1"
"393","0.6","0","1","0.05555556","1","6","5","50","57","0","0","0","1","2","2","1"
"394","0.6","0","1","0.05555556","1","6","5","50","58","0","0","0","1","3","2","1"
"395","0.6","0","1","0.05555556","1","6","5","50","59","0","0","0","1","4","2","1"
"396","0.6","0","1","0.05555556","1","6","79","80","60","0","0","0","1","4","2","1"
"397","0.6","0","1","0.05555556","1","6","79","80","61","0","0","0","1","3","2","1"
"398","0.6","0","1","0.05555556","1","6","79","80","62","0","0","0","1","4","2","1"
"399","7","0","1","0.1111111","1","5.2","5","50","63","0","0","0","1","4","2","1"
"400","15","0","1","0.05555556","1","4","5","50","64","0","0","0","1","3","2","1"
"401","15","0","1","0.1111111","1","5.2","5","50","65","0","0","0","1","4","2","1"
"402","2","0","1","0.08333334","1","9","79","80","66","0","0","0","1","4","2","1"
"403","2","0","1","0.08333334","1","9","79","80","67","0","0","0","1","3","2","1"
"404","2","0","1","0.08333334","1","9","79","80","68","0","0","0","1","4","2","1"
"405","7","0","1","0.2777778","1","10","5","50","69","0","0","0","1","4","2","1"
"406","7","0","1","0.2777778","1","10","5","50","70","0","0","0","1","3","2","1"
"407","7","0","1","0.2777778","1","10","5","50","71","0","0","0","1","2","2","1"
"408","20","0","1","0.05555556","1","6","5","50","72","0","0","0","1","2","2","1"
"409","20","0","1","0.05555556","1","4","5","50","73","0","0","0","1","3","2","1"
"410","20","0","1","0.1111111","1","5.2","5","50","74","0","0","0","1","4","2","1"
"411","4","0","1","0.05555556","1","6","5","50","75","0","0","0","1","2","2","1"
"412","4","0","1","0.05555556","1","4","5","50","75","0","1","0","1","3","2","1"
"413","4","0","1","0.1111111","1","5.2","5","50","75","0","2","0","1","4","2","1"
"414","0.6","0","1","0.05555556","1","6","5","50","76","0","0","0","1","3","2","1"
"415","0.6","0","1","0.05555556","1","6","5","50","76","0","1","0","1","4","2","1"
"416","0.6","0","1","0.05555556","1","6","5","50","76","0","2","0","1","4","2","1"
"417","0.6","0","0.1","0.1111111","1","3","5","50","77","1397","0","0","1","4","2","1"
"418","1","0","1","0.02777778","1","4","5","50","78","1397","0","0","1","3","2","1"
"419","1","0","1","0.02777778","1","6","5","50","78","1397","1","0","1","4","2","1"
"420","1","0","1","0.02777778","1","6","5","50","78","1397","2","0","1","4","2","1"
"421","10","0","1","0.05555556","1","6","5","50","79","0","0","0","1","2","2","1"
"422","10","0","1","0.05555556","1","4","5","50","79","0","1","0","1","3","2","1"
"423","10","0","1","0.1111111","1","5.2","5","50","79","0","2","0","1","4","2","1"
"424","20","0","1","0.05555556","1","6","5","50","80","0","0","0","1","2","2","1"
"425","20","0","1","0.05555556","1","4","5","50","80","0","1","0","1","3","2","1"
"426","20","0","1","0.1111111","1","5.2","5","50","80","0","2","0","1","4","2","1"
"427","7","0","1","0.05555556","1","6","5","50","81","0","0","0","1","2","2","1"
"428","7","0","1","0.05555556","1","4","5","50","81","0","1","0","1","3","2","1"
"429","7","0","1","0.1111111","1","5.2","5","50","81","0","2","0","1","4","2","1"
"430","2","0","0.06","0.25","1","8","5","50","82","1347","0","0","1","4","2","1"
"431","1.5","0","1","0.2777778","1","10","5","50","83","0","0","0","1","4","2","1"
"432","1.5","0","1","0.2777778","1","10","5","50","83","0","1","0","1","3","2","1"
"433","1.5","0","1","0.2777778","1","10","5","50","83","0","2","0","1","2","2","1"
"434","4","0","1","0.05555556","1","4","5","50","84","0","0","0","1","2","2","1"
"435","4","0","1","0.05555556","1","4","5","50","84","0","1","0","1","3","2","1"
"436","4","0","1","0.05555556","1","4","5","50","84","0","2","0","1","4","2","1"
"437","4","0","1","0.1111111","1","6","5","50","85","0","0","0","1","2","2","1"
"438","7","0","1","0.1111111","1","6","5","50","85","0","1","0","1","4","2","1"
"439","4","0","1","0.1111111","1","6","5","50","85","0","2","0","1","3","2","1"
"440","7","0","1","0.1666667","1","8","5","50","86","0","0","0","1","2","2","1"
"441","7","0","1","0.1666667","1","8","5","50","86","0","1","0","1","3","2","1"
"442","7","0","1","0.1666667","1","8","5","50","86","0","2","0","1","4","2","1"
"443","3","0","1","0.2222222","1","6","5","50","87","0","0","0","1","2","2","1"
"444","3","0","1","0.2222222","1","4","5","50","87","0","1","0","1","3","2","1"
"445","3","0","1","0.2222222","1","5.2","5","50","87","0","2","0","1","4","2","1"
"446","0.6","0","0.06","0.3333333","1","3","5","50","88","1397","0","0","1","4","2","1"
"447","4","0","1","0.05","1","6","5","50","89","1346","0","0","1","2","2","1"
"448","4","0","1","0.05","1","5","5","50","89","1346","1","0","1","3","2","1"
"449","4","0","1","0.1","1","5.2","5","50","89","1346","2","0","1","4","2","1"
"450","2","0","1","0.05555556","1","6","5","50","90","1397","0","0","1","2","2","1"
"451","2","0","1","0.05555556","1","4","5","50","90","1397","1","0","1","3","2","1"
"452","2","0","1","0.1111111","1","5.2","5","50","90","1397","2","0","1","4","2","1"
"453","1","0","1","0.1111111","1","6","5","50","91","0","0","0","1","2","2","1"
"454","1","0","1","0.1111111","1","6","5","50","91","0","1","0","1","3","2","1"
"455","1","0","1","0.1111111","1","6","5","50","91","0","2","0","1","4","2","1"
"456","0.6","0","1","0.05555556","1","6","5","50","92","0","0","0","1","2","2","1"
"457","0.6","0","1","0.05555556","1","6","5","50","92","0","1","0","1","3","2","1"
"458","1","0","0.06","0.2777778","1","8","5","50","92","1397","2","0","1","4","2","1"
"459","2","0","1","0.001944444","1","12","5","50","93","0","0","0","1","4","2","1"
"460","1","0","1","0.04166667","1","5","5","50","94","0","0","0","1","2","2","1"
"461","1","0","1","0.04166667","1","5","5","50","94","0","1","0","1","3","2","1"
"462","1","0","1","0.04166667","1","5","5","50","94","0","2","0","1","4","2","1"
"463","0.1","0","1","0.002777778","1","8","5","50","95","0","0","0","1","2","2","1"
"464","0.1","0","1","0.002777778","1","8","5","50","95","0","1","0","1","3","2","1"
"465","0.2","0","1","0.002777778","1","8","5","50","95","0","2","0","1","4","2","1"
"466","0.75","0","1","0.2777778","1","10","5","50","96","0","0","0","1","2","2","1"
"467","0.75","0","1","0.2777778","1","10","5","50","96","0","1","0","1","3","2","1"
"468","0.75","0","1","0.2777778","1","10","5","50","96","0","2","0","1","4","2","1"
"469","2","0","1","0.2222222","1","0.5","5","50","97","0","0","0","1","2","2","1"
"470","2","0","1","0.2222222","1","0.5","5","50","97","0","1","0","1","3","2","1"
"471","2","0","1","0.2222222","1","0.5","5","50","97","0","2","0","1","4","2","1"
"472","1","0","1","0.05555556","1","4","5","50","98","0","0","0","1","2","2","1"
"473","1","0","1","0.05555556","1","4","5","50","98","0","1","0","1","3","2","1"
"474","1","0","1","0.05555556","1","4","5","50","98","0","2","0","1","4","2","1"
"475","5","0","1","0.1666667","1","3","5","50","99","0","0","0","1","3","2","1"
"476","3","0","1","0.3333333","1","8","5","50","99","0","1","0","1","4","2","1"
"477","5","0","1","0.08333334","1","1","5","50","99","0","2","0","1","2","2","1"
"478","4","0","1","0.05555556","1","5","5","50","100","0","0","0","1","3","2","1"
"479","2","0","1","0.1666667","1","4","5","50","100","0","1","0","1","4","2","1"
"480","4","0","1","0.05555556","1","1","5","50","100","0","2","0","1","2","2","1"
"481","5","0","1","0.05555556","1","6","5","50","101","0","0","0","1","2","2","1"
"482","5","0","1","0.05555556","1","4","5","50","101","0","1","0","1","3","2","1"
"483","5","0","1","0.1111111","1","5.2","5","50","101","0","2","0","1","4","2","1"
"484","2","0","1","0.0355556","1","7","5","50","102","1346","0","0","1","2","2","1"
"485","2","0","1","0.0355556","1","8","5","50","102","1346","1","0","1","3","2","1"
"486","2","0","1","0.081111","1","9","5","50","102","1346","2","0","1","4","2","1"
"487","5","0","1","0.2777778","1","4","5","50","103","0","0","0","1","3","2","1"
"488","5","0","1","0.2777778","1","5.2","5","50","103","0","1","0","1","4","2","1"
"489","5","0","1","0.2777778","1","5.2","5","50","103","0","2","0","1","4","2","1"
"490","4","0","1","0.2777778","1","10","5","50","104","0","0","0","1","2","2","1"
"491","4","0","1","0.2777778","1","10","5","50","104","0","1","0","1","3","2","1"
"492","6","0","1","0.1666667","1","10","5","50","104","1346","2","0","1","4","2","1"
"493","12","0","1","0.2222222","1","8","5","50","105","0","0","0","1","4","2","1"
"494","12","0","1","0.2222222","1","8","5","50","105","0","1","0","1","4","2","1"
"495","12","0","1","0.2222222","1","8","5","50","105","0","2","0","1","4","2","1"
"496","0.4","0","0.06","0.05555556","1","3","5","50","106","1397","0","0","1","4","2","1"
"497","1","0","1","0.0277778","1","8","5","50","107","1346","0","0","1","2","2","1"
"498","1","0","1","0.0277778","1","9","5","50","107","1346","1","0","1","3","2","1"
"499","1","0","1","0.0277778","1","10","5","50","107","1346","2","0","1","4","2","1"
"500","5","0","1","0.05555556","1","6","5","50","108","0","0","2","1","2","2","1"
"501","1.5","0","1","0.2777778","1","10","5","50","109","0","0","3","1","2","2","1"
"502","1.5","0","1","0.2777778","1","10","5","50","109","0","1","3","1","3","2","1"
"503","1.5","0","1","0.2777778","1","10","5","50","109","0","2","3","1","4","2","1"
"504","0.6","0","1","0.05555556","1","6","5","50","110","0","0","3","1","4","2","1"
"505","0.6","0","1","0.05555556","1","6","5","50","110","0","1","3","1","4","2","1"
"506","0.6","0","1","0.05555556","1","6","5","50","110","0","2","3","1","3","2","1"
"507","2.5","0","1","0.2777778","1","6","5","50","111","0","0","0","1","2","2","1"
"508","2.5","0","1","0.2777778","1","4","5","50","111","0","1","0","1","3","2","1"
"509","2.5","0","1","0.2777778","1","5.2","5","50","111","0","2","0","1","4","2","1"
"510","0.6","0","0.06","0.3333333","1","3","5","50","112","1397","0","0","1","4","2","1"
"511","2","0","0.06","0.3333333","1","3","5","50","113","1347","0","0","1","4","2","1"
"512","3","0","1","0.2222222","1","8","5","50","114","0","0","0","1","4","2","1"
"513","3","0","1","0.2222222","1","8","5","50","114","0","1","0","1","2","2","1"
"514","3","0","1","0.2222222","1","8","5","50","114","0","2","0","1","3","2","1"
"515","5","0","1","0.08333334","1","5.2","5","50","115","0","0","0","1","4","2","1"
"516","5","0","1","0.08333334","1","4","5","50","115","0","1","0","1","3","2","1"
"517","5","0","1","0.08333334","1","4","5","50","115","0","2","0","1","3","2","1"
"518","8","0","1","0.5","1","1","5","50","116","0","0","3","1","2","2","1"
"519","8","0","1","0.5","1","1.1","5","50","116","0","1","3","1","3","2","1"
"520","8","0","1","0.5","1","1.2","5","50","116","0","2","3","1","4","2","1"
"521","0.2","0","1","0.008333334","1","4","5","50","118","0","0","0","1","2","2","1"
"522","0.2","0","1","0.008333334","1","4","5","50","118","0","1","0","1","3","2","1"
"523","2","0","1","0.01388889","1","3","5","50","119","0","0","0","1","2","2","1"
"524","1","0","1","0.01388889","1","3","5","50","119","0","1","0","1","3","2","1"
"525","1","0","1","0.01388889","1","3","5","50","119","0","2","0","1","4","2","1"
"526","0.5","0","1","0.02222222","1","4","5","50","120","0","0","0","1","2","2","1"
"527","0.5","0","1","0.02222222","1","4","5","50","120","0","1","0","1","3","2","1"
"528","0.5","0","1","0.02222222","1","4","5","50","120","0","2","0","1","4","2","1"
"529","0.75","0","1","0.1944444","1","8","5","50","121","0","0","0","1","2","2","1"
"530","0.75","0","1","0.1944444","1","8","5","50","121","0","1","0","1","3","2","1"
"531","0.75","0","1","0.1944444","1","8","5","50","121","0","2","0","1","4","2","1"
"532","7","0","1","0.2777778","1","10","5","50","122","0","0","0","1","4","2","1"
"533","7","0","1","0.2777778","1","10","5","50","122","0","1","0","1","3","2","1"
"534","7","0","1","0.2777778","1","10","5","50","122","0","2","0","1","2","2","1"
"535","2","0","1","0.2777778","1","6","79","80","123","0","0","0","1","2","2","1"
"536","2","0","1","0.2777778","1","4","79","80","123","0","1","0","1","3","2","1"
"537","2","0","1","0.2777778","1","5.2","79","80","123","0","2","0","1","4","2","1"
"538","0.5","0","1","0.4444444","1","2","5","50","124","0","0","0","1","3","2","1"
"539","0.5","0","1","0.2222222","1","2","5","50","124","0","1","0","1","4","2","1"
"540","2","0","0.06","0.3333333","1","3","5","50","125","1347","0","0","1","4","2","1"
"541","0.4","0","0.06","0.05555556","1","3","5","50","126","1397","0","0","1","4","2","1"
"542","4","0","1","0.02777778","1","6","5","50","127","0","0","0","1","2","2","1"
"543","4","0","1","0.02777778","1","4","5","50","127","0","1","0","1","3","2","1"
"544","4","0","1","0.05555556","1","5.2","5","50","127","0","2","0","1","4","2","1"
"545","0.3","0","1","0.08333334","1","10","5","50","128","1397","0","0","1","2","2","1"
"546","0.3","0","1","0.08333334","1","10","5","50","128","1397","1","0","1","3","2","1"
"547","0.3","0","1","0.08333334","1","10","5","50","128","1397","2","0","1","4","2","1"
"548","0.1","0","1","0.08333334","1","10","5","50","129","0","0","0","1","2","2","1"
"549","0.1","0","1","0.08333334","1","10","5","50","129","0","1","0","1","3","2","1"
"550","0.1","0","1","0.08333334","1","10","5","50","129","0","2","0","1","4","2","1"
"551","7","0","1","0.02777778","1","6","5","50","130","0","0","0","1","2","2","1"
"552","7","0","1","0.02777778","1","4","5","50","130","0","1","0","1","3","2","1"
"553","7","0","1","0.05555556","1","5.2","5","50","130","0","2","0","1","4","2","1"
"554","0.6","0","1","0.05555556","1","6","79","80","131","0","0","0","1","4","2","1"
"555","0.6","0","1","0.05555556","1","6","79","80","131","0","1","0","1","3","2","1"
"556","0.6","0","1","0.05555556","1","6","79","80","131","0","2","0","1","4","2","1"
"557","5","0","1","0.005555556","1","10","5","50","132","0","0","0","1","4","2","1"
"558","5","0","1","0.005555556","1","10","5","50","132","0","1","0","1","2","2","1"
"559","5","0","1","0.005555556","1","10","5","50","132","0","2","0","1","3","2","1"
"560","5","0","1","0.01388889","1","10","5","50","133","0","0","0","1","2","2","1"
"561","5","0","1","0.01388889","1","10","5","50","133","0","1","0","1","3","2","1"
"562","5","0","1","0.01388889","1","10","5","50","133","0","2","0","1","4","2","1"
"563","5","0","1","0.005555556","1","10","5","50","134","0","0","0","1","4","2","1"
"564","5","0","1","0.005555556","1","10","5","50","134","0","1","0","1","2","2","1"
"565","5","0","1","0.005555556","1","10","5","50","134","0","2","0","1","3","2","1"
"566","5","0","1","0.02222222","1","10","5","50","135","0","0","0","1","2","2","1"
"567","5","0","1","0.02222222","1","10","5","50","135","0","1","0","1","3","2","1"
"568","5","0","1","0.02222222","1","10","5","50","135","0","2","0","1","4","2","1"
"569","0.15","0","1","0.05","1","9","5","50","136","1346","0","0","1","2","2","1"
"570","0.15","0","1","0.05","1","8","5","50","136","1346","1","0","1","3","2","1"
"571","0.15","0","1","0.05","1","10","5","50","136","1346","2","0","1","4","2","1"
"572","0.75","0","1","0.1944444","1","8","5","50","137","0","0","0","1","2","2","1"
"573","0.75","0","1","0.1944444","1","8","5","50","137","0","1","0","1","2","2","1"
"574","0.75","0","1","0.1944444","1","8","5","50","137","0","2","0","1","2","2","1"
"575","2","0","1","0.6944445","1","25","79","80","138","0","0","0","1","2","2","1"
"576","2","0","1","0.6944445","1","25","79","80","138","0","1","0","1","3","2","1"
"577","2","0","1","0.6944445","1","25","79","80","138","0","2","0","1","4","2","1"
"578","0.1","0","0.06","0.02777778","1","3","79","80","139","0","0","0","1","4","2","1"
"579","0.4","0","0.06","0.03472222","1","3","79","80","140","1397","0","0","1","4","2","1"
"580","0.4","0","0.01","0.04166667","1","3","79","80","141","1397","0","0","1","4","2","1"
"581","1","0","1","0.02777778","1","15","5","50","142","0","0","0","1","4","2","1"
"582","0.75","0","1","0.1944444","1","50","5","50","143","0","0","0","1","3","2","1"
"583","0.75","0","1","0.1944444","1","50","5","50","143","0","1","0","1","3","2","1"
"584","0.75","0","1","0.1944444","1","50","5","50","143","0","2","0","1","3","2","1"
"585","0.75","0","1","0.6944445","1","25","79","80","144","0","0","0","1","2","2","1"
"586","0.75","0","1","0.6944445","1","25","79","80","144","0","1","0","1","3","2","1"
"587","0.75","0","1","0.6944445","1","25","79","80","144","0","2","0","1","4","2","1"
"588","0.75","0","1","0.1944444","1","8","5","50","145","0","0","0","1","2","2","1"
"589","0.75","0","1","0.1944444","1","8","5","50","145","0","1","0","1","3","2","1"
"590","0.75","0","1","0.1944444","1","8","5","50","145","0","2","0","1","4","2","1"
"591","11.5","0","1","0.00925","1","12","5","50","146","0","0","0","1","2","2","1"
"592","11.5","0","1","0.00925","1","8","5","50","146","0","1","0","1","3","2","1"
"593","11.5","0","1","0.02083333","1","10.4","5","50","146","0","2","0","1","4","2","1"
"594","5","0","1","0.05555556","1","6","5","50","147","0","0","0","1","2","2","1"
"595","5","0","1","0.05555556","1","4","5","50","147","0","1","0","1","3","2","1"
"596","5","0","1","0.1111111","1","5.2","5","50","147","0","2","0","1","4","2","1"
"597","10","0","1","0.2777778","1","5","5","50","148","1346","0","0","1","4","2","1"
"598","10","0","1","0.2777778","1","5","5","50","148","1346","1","0","1","3","2","1"
"599","10","0","1","0.2777778","1","5","5","50","148","1346","2","0","1","2","2","1"
"600","5","0","1","0.2777778","1","5","5","50","149","0","0","0","1","4","2","1"
"601","5","0","1","0.2777778","1","5","5","50","149","0","1","0","1","3","2","1"
"602","5","0","1","0.2777778","1","5","5","50","149","1346","2","0","1","2","2","1"
"658","10","0","0","180","1","0","5","50","676","1786","0","2","0","1","3","2"
"659","0.5","0","0","1","1","0.5","5","50","677","1346","0","0","1","7","0","0"
"660","0.2","0","0","10","1.1","1","5","50","678","1346","0","0","0","0","0","0"
"661","1.15","0","1","1.22","1","0.1","5","50","679","1346","0","0","1","0","1","0"
"662","0.5","0","0","1","1","1","0","50","680","1346","0","0","0","0","2","0"
"663","5","0","1","0.194444","0","8","5","50","681","1346","0","0","1","8","2","1"
"664","5","0","1","0.194444","1","8","5","50","681","1346","1","0","1","9","2","1"
"665","5","0","1","0.194444","1","8","5","50","681","1346","2","0","1","6","2","1"
"672","4","0","1","0.05","0","6","5","50","685","1571","0","0","1","8","2","1"
"673","4","0","1","0.0555556","0","6","5","50","686","1346","0","0","1","8","2","1"
"674","4","0","1","0.0555556","1","4","5","50","686","1346","1","0","1","9","2","1"
"675","4","0","1","0.111111","1","5.2","5","50","686","1346","2","0","1","6","2","1"
"677","0.5","0","0.06","0.05555556","1","2","79","80","688","1397","0","0","1","4","2","1"
"678","0.75","0","1","1","0","6","5","75","689","1346","0","0","1","8","2","1"
"679","0.75","0","1","1","1","4","5","75","689","1346","1","0","1","9","2","1"
"680","0.75","0","1","1","1","5.2","5","75","689","1346","2","0","1","6","2","1"
"684","1","0","0","4","1","1","0","50","693","1679","0","3","1","4","1","2"
"686","5","0","0","30","1","1","5","50","694","1687","0","0","2","0","3","2"
"687","0.4","0","0.01","0.0416667","1","3","5","50","695","1397","0","0","1","6","2","0"
"688","0.15","0","0","0.208","0.5","15","5","50","696","1849","0","0","0","0","0","0"
"689","0.15","0","0","0.123","5","15","5","50","696","1346","1","0","1","1","0","0"
"690","0.15","0.07","2","0.1","0.5","100","5","50","697","1850","0","0","0","2","1","0"
"691","0.15","0.07","4","0.2","1","100","5","50","697","1851","1","0","1","0","1","0"
"692","0.15","0","0","0.08","0.5","15","5","50","698","1852","0","0","0","2","1","0"
"693","0.15","0","0","0.03","1","15","5","50","698","1346","1","0","1","0","1","0"
"694","0.4","0","4","0.03","1","10","5","50","699","1855","0","0","0","2","2","0"
"696","0.4","0.6","0","0.0075","1","5","5","50","700","1859","0","0","1","0","2","0"
"697","0.4","0.6","0","0.0075","1","10","5","50","700","1860","1","0","1","0","2","0"
"698","0.4","0","0","0.007","1","5","5","50","701","1861","0","0","1","0","2","0"
"699","0.4","0","0","0.007","1","10","5","50","701","1862","1","0","1","0","2","0"
"700","0.4","0","5","0.08","1","2","5","50","699","1863","1","0","0","3","0","0"
"701","0.15","0.305","0","0.08","0.5","15","5","50","702","1891","0","0","0","2","1","0"
"702","0.15","0.305","0","0.03","1","15","5","50","702","1346","1","0","1","0","1","0"
"707","0.75","0","1","0.1944444","1","8","5","50","707","0","0","0","1","2","2","1"
"708","5","0","1","0.05555556","1","6","5","50","708","0","0","0","1","2","2","1"
"710","0.3","0.3","0","0.55","0.5","15","5","50","710","1944","0","0","0","2","1","0"
"711","0.15","0.3","0","0.03","1","15","5","50","710","1346","1","0","1","0","1","0"
"714","10","0","0","25","1","0.2","5","50","711","1969","0","7","0","0","2","2"
"715","30","0","0","120","1","1","5","50","711","1970","1","7","2","0","3","2"
"716","15","0","0","80","2","1","5","50","711","1971","2","7","0","1","3","2"
"717","15","0","5","5","1","0.2","10","10","712","1972","0","3","0","0","2","2"
"719","15","0","0","5","1","0.2","5","50","712","1974","1","0","2","0","2","2"
"720","0.25","0","0","0.308","1","15","5","50","713","2065","0","0","0","2","0","0"
"721","0.25","0","0","0.023","1","30","5","50","713","1346","1","0","1","3","0","0"
"722","500","0","0","120","1","0","1","5","714","2074","0","7","2","0","0","2"
"723","0.3","0.1","0","0.55","0.5","15","5","50","715","2104","0","0","0","2","1","0"
"724","0.3","0.1","0","0.03","1","15","5","50","715","1346","1","0","1","0","1","0"
"725","0.4","0.1","4","0.03","1","10","5","50","716","2105","0","0","0","2","2","0"
"726","0.4","0.1","5","0.08","1","2","5","50","716","2106","1","0","0","3","0","0"
"727","0.75","0","1","0.694444","1","25","5","100","717","1346","0","0","1","1","2","1"
"728","0.15","0.05","2","0.1","0.5","100","5","50","718","2330","0","0","0","2","1","0"
"729","0.15","0.05","4","0.2","1","100","5","50","718","2331","1","0","1","0","1","0"
"730","0.15","0.212","0","0.13","0.5","15","5","50","719","2413","0","0","0","2","1","0"
"731","0.15","0.212","0","0.03","1","15","5","50","719","1346","1","0","1","0","1","0"
"732","0.4","0.212","0","0.15","1","15","5","50","719","2414","2","0","0","2","1","0"
"805","10","0","1","0.2777778","1","6","5","50","745","0","0","0","1","2","2","1"
"806","10","0","1","0.2777778","1","4","5","50","745","0","1","0","1","3","2","1"
"807","10","0","1","0.2777778","1","5.2","5","50","745","0","2","0","1","4","2","1"
"808","4","0","1","0.05555556","1","6","5","50","746","0","0","0","1","2","2","1"
"809","4","0","1","0.05555556","1","4","5","50","746","0","1","0","1","3","2","1"
"810","4","0","1","0.1111111","1","5.2","5","50","746","0","2","0","1","4","2","1"
"811","0.2","0","1","0.02777778","1","8","5","50","747","0","0","0","1","2","2","1"
"812","0.2","0","1","0.02777778","1","8","5","50","747","0","1","0","1","3","2","1"
"813","0.3","0","1","0.02777778","1","8","5","50","747","0","2","0","1","4","2","1"
"814","3","0","1","0.05555556","1","6","5","50","748","0","0","0","1","2","2","1"
"815","3","0","1","0.05555556","1","4","5","50","748","0","1","0","1","3","2","1"
"816","3","0","1","0.1111111","1","5.2","5","50","748","0","2","0","1","4","2","1"
"817","1","0","1","0.05555556","1","6","5","50","749","0","0","0","1","2","2","1"
"818","1","0","1","0.05555556","1","4","5","50","749","0","1","0","1","3","2","1"
"819","1","0","1","0.1111111","1","5.2","5","50","749","0","2","0","1","4","2","1"
"820","0.75","0","1","0.1944444","1","8","5","50","750","0","0","0","1","2","2","1"
"821","0.75","0","1","0.1944444","1","8","5","50","750","0","1","0","1","3","2","1"
"822","0.75","0","1","0.1944444","1","8","5","50","750","0","2","0","1","4","2","1"
"823","3","0","1","0.02777778","1","1","5","50","751","0","0","0","1","2","2","1"
"824","3","0","1","0.02777778","1","1","5","50","751","0","1","0","1","3","2","1"
"825","3","0","1","0.02777778","1","1","5","50","751","0","2","0","1","4","2","1"
"826","2","0","1","0.02777778","1","1","5","50","752","0","0","0","1","2","2","1"
"827","2","0","1","0.02777778","1","1","5","50","752","0","1","0","1","3","2","1"
"828","2","0","1","0.02777778","1","1","5","50","752","0","2","0","1","4","2","1"
"858","0.4","0","4","0.03","1","10","5","50","768","2568","0","0","0","1","2","0"
"859","0.4","0","5","0.08","1","2","5","50","768","2569","1","0","0","3","0","0"
"860","0.4","0","0.06","0.0555556","1","3","5","50","769","1397","0","0","1","4","2","1"
