Id,Unknown0_0,Unknown0_1,Unknown0_2,Unknown1_0,Unknown1_1,Unknown1_2,Unknown2,Unknown3,Unknown4,Unknown5,Unknown6,Unknown7,Unknown8,Unknown9,Unknown10
"4","0","0","0","0","0","0","0","0","0","0","1","0","0","0","0"
"6","-13213.2","214.836","66.2002","0","0","2","0.1","0.1","110","524","2","2","2","0","0"
"7","0","-1","0","0","2","0","0.6","0.6","90","120","2","0","2","1","2"
"8","0","-15","6","0","2","5","0.2","0.2","90","28","2","1","3","0","3"
"13","0","0","0","-9738.76","-3184.61","96.47","0.2","0.2","120","256","2","0","0","2","0"
"14","0","0","2","0","1","1","1","0.1","90","364","2","0","2","1","2"
"15","0","0","0","0","5","1","1","0.5","90","312","2","0","0","0","0"
"16","1","-2","1","0","0","0","0","0","0","16","2","0","0","0","0"
"17","0","-2","5","0","0","0","0","0","90","96","2","0","0","1","0"
"18","0","-30","20","0","0","0","1","0","120","16","2","0","0","0","0"
"19","-10182","1362","38","-10150","1380","70","0","0","90","0","2","2","0","2","0"
"20","10","-20","5","-10","10","-5","0.1","0.1","60","96","2","0","2","1","2"
"21","16","0","2","0","0","0","0","0","90","0","2","0","0","0","0"
"22","-971.749","1658.36","148.398","0","0","0","0","0","130","0","2","2","3","0","0"
"23","0","0","2","0","5","-1","2","1","90","312","2","0","0","0","0"
"24","0","0","0","0","25","0","0.3","0.3","120","376","2","0","2","1","2"
"25","0","0","0","0","0","0","0.2","0.2","120","124","2","0","0","1","2"
"26","0","-20","3","0","0","0","0.1","0.1","90","108","2","0","2","1","2"
"27","0","0","2","0","1","0","2","0.5","120","364","2","0","2","1","2"
"28","0","-2","0.5","0","0","0","0.3","0.3","120","272","2","0","0","0","0"
"29","1","0","5","0","0","0","0.1","0.1","90","108","2","0","2","1","2"
"30","1","-4","2","0","0","0","0","0","65","96","2","1","3","0","3"
"31","0","-8","-2","0","0","0","0.5","0.5","90","16","2","0","0","0","0"
"32","-4727","3851","72","0","0","0","0.2","0.2","90","0","2","2","0","0","0"
"33","0","-10","10","0","10","10","0","0","0","51","2","0","0","0","0"
"34","0","0","0","1015.18","525.116","-24.4059","0","0","80","4","2","0","0","2","0"
"35","0","0","0","712","-174","4","0","0","80","68","2","0","0","2","0"
"36","0","0","0","1014","500","191","0","0","80","68","2","0","0","2","0"
"37","0","0","0","975","514","-31","0","0","80","68","2","0","0","2","0"
"38","0","0","0","0","0","0","0.1","0.1","120","108","2","0","2","1","2"
"39","0","0","0","0","0","0","0","0","120","352","2","0","2","0","2"
"40","0","0","2","0.5","0","2","0","0","120","324","2","0","3","1","2"
"41","0","-7","6","1","0","3","0.1","0.1","115","327","2","0","3","1","2"
"42","0","-1","0","0","0","2","0","0","140","324","2","0","2","1","2"
"43","0","0","0","0","3","3","0","0","70","324","2","0","0","1","2"
"44","-8978","-1553","117","0","0","0","0.2","0.2","90","256","2","2","0","0","0"
"45","0","0","0","0","2","-2","0.2","0.2","50","272","2","0","0","0","0"
"46","-8940","-1564","103","0","0","0","0.2","0.2","90","256","2","2","0","0","0"
"47","-9136","-1662","162","0","0","0","0","0","90","352","2","2","0","1","1"
"48","0","0","0","0","7","-7","0.1","0.1","20","272","2","0","0","0","0"
"49","12","1","22","896.434","781","-304.31","0","0","90","112","2","0","0","2","0"
"50","23","-1","6","-4","4","-7","0","0","90","108","2","0","0","0","0"
"51","0","0","0","1370.64","-1466.36","120","0","0","60","256","2","0","2","2","2"
"52","0","0","0","1370.64","-1466.36","120","0","0","20","256","2","0","2","2","2"
"53","0","0","0","0","5","0","0","0","90","112","2","1","3","0","0"
"54","-9216.99","-1551.01","-143.973","-9258.18","-1551.54","-143.673","0.7","0.7","120","344","2","2","0","2","0"
"55","0","0","0","0","5","0","0.2","0.2","120","344","2","0","2","1","2"
"56","0","0","0","0","5","0","0.2","0.2","90","376","2","0","2","1","2"
"57","30","12","5","0","10","0","0","0","60","65","2","0","0","0","0"
"58","-15","-20","6","0","3","0","1","1","60","67","2","0","0","0","0"
"59","0","0","0","-1227.21","2043","10","0","0","30","367","2","0","0","2","0"
"60","0","0","0","-888.842","2305","19","0","0.1","20","367","2","0","0","2","0"
"61","2","5","4","0","0","4","0","0","90","16","2","0","0","0","0"
"62","1","-10","1","0","0","5","0","0","90","16","2","0","0","0","0"
"63","5","-20","5","0","100","0","0.1","0.1","90","16","2","0","0","0","0"
"64","0","0","0","-1251.87","2014","36","0.1","0.1","60","263","2","0","0","2","0"
"65","25","-15","5","0","0","0","0.1","0.1","90","279","2","0","0","0","0"
"66","-9686.37","-1726.78","92.737","-9695.28","-1718.43","78.988","1","0","95","0","2","2","2","2","0"
"67","20","0","20","0","0","0","0","0","60","65","2","0","0","0","0"
"68","0","0","0","0","0","0","0","0","0","0","2","0","0","0","0"
"69","0","0","0","0","0","0","0.9","0.9","90","372","2","0","0","1","0"
"70","0","0","0","3004.8","-3438.89","152","0.1","0.1","90","368","2","0","2","2","2"
"71","-9092.8","-873.791","176.061","-9076.51","-849.79","157.277","0","0","100","0","2","2","2","2","0"
"72","0","-4","0","0","0","0","0.2","0.2","10","124","2","0","2","1","2"
"73","0","-20","0","0","0","8","0.5","0.5","50","124","2","0","2","1","2"
"74","-4915.47","3467.3","-93.4857","0","0","0","0.1","0.5","120","108","2","2","0","0","2"
"75","0","-5","3","0","3","0","0.2","0.2","90","16","2","0","2","0","2"
"76","0","-10","0","0","0","0","0.2","0.2","90","64","2","0","0","0","0"
"77","0","-20","0","0","0","0","0.9","0.5","50","124","2","0","2","1","2"
"78","0","25","0","0","0","0","0","0","50","112","2","0","0","0","3"
"79","-25","-15","5","0","0","0","0","0","50","112","2","0","0","0","3"
"80","-7126.89","-2711.34","253.193","-7110.56","-2726.45","265","0","0","90","256","2","2","0","2","0"
"81","-7134.68","-2704.85","254.209","0","0","0","0","0","90","256","2","2","0","0","0"
"82","0","20","0","0","0","0","0","0","40","336","2","1","0","0","0"
"83","0","-1","1","0","1","-1","0.5","2","90","380","2","0","2","1","2"
"84","-8892.82","-1759.05","270","-8892.82","-1750","270","0","0","50","272","2","2","0","2","0"
"85","0","-1","0","0","2","0","0.7","0.7","90","380","2","0","2","1","2"
"86","0","20","0","0","0","1","0","0","20","380","2","0","2","1","2"
"87","0","-40","10","0","-20","5","0","0","90","0","2","0","0","0","0"
"88","0","0","0","0","5","0","0","0","90","368","2","1","3","0","0"
"89","0","0","5","0","3","15","0.5","0.5","90","380","2","0","2","1","2"
"90","0","0","0","-6467.59","-2479.16","306","0","0","90","256","2","0","0","2","0"
"91","0","0","0","0","0","15","0","0","90","372","2","0","2","1","2"
"92","-11","-9","-7.5","-2","0","15","0.5","0.5","90","380","2","0","2","1","2"
"93","12","-15","12","0","0","0","0.5","0.5","120","380","2","0","2","1","2"
"94","0","0","0","0","0","0","0","0","90","372","2","0","0","1","2"
"95","-15","-5","-7","-6","0","15","0.5","0.5","50","380","2","0","2","1","2"
"96","-5230.9","-4802.12","455.871","0","0","5","0.5","0.5","120","380","2","2","2","1","2"
"97","0","0","0","8","2","-7","1.5","1.5","50","272","2","0","0","0","0"
"98","0","-1","1","0","1","-1","1.5","1.5","90","380","2","0","2","1","2"
"99","0","0","-3","0","0","0","0.5","0.5","90","380","2","0","2","1","2"
"100","-7134.68","-2704.85","254.209","0","0","5","0","0","90","256","2","2","0","0","0"
"101","-7139.68","-2704.85","254.209","0","0","0","0","0","90","256","2","2","0","0","0"
"102","0","-1","1.5","0","3","2","0","0","90","272","2","0","0","0","0"
"103","0","0","1.5","0","0","0","1.5","1.5","100","372","2","0","2","1","2"
"105","0","-5","5","0","0","3","1","1","120","256","2","0","0","0","0"
"106","0","0","0.2","-10952.1","-1389.15","40.227","0","0","90","356","2","0","2","2","0"
"107","0","10","0","0","-10","0","0","0","90","96","2","0","0","0","0"
"108","0","5","9","0","-1","-10","0","0","110","96","2","0","0","0","0"
"109","0","-5","9","0","5","-9","0","0","110","96","2","0","0","0","0"
"110","0","25","0","0","-5","1","0","0","90","352","2","0","0","0","0"
"111","0","0","0.8","0","0","1.5","0","0","90","356","2","0","2","1","0"
"112","100","100","100","0","0","10","0","0","75","16","2","0","0","0","0"
"113","30","30","30","0","0","10","0","0","75","16","2","0","0","0","0"
"114","0","0","1","0","0","4","0.2","0.2","110","375","2","0","0","1","2"
"115","0","-10","0","0","0","-3","0.2","0.2","110","368","2","0","0","0","1"
"116","0","-2","0","0","3","1","0.2","0.2","120","272","2","0","0","0","0"
"117","0","-10","5","0","0","0","0.5","0.5","90","380","2","0","2","0","1"
"118","-10622.7","-1083.3","161.301","-10624.2","-1064.74","145.558","0","0","100","0","2","2","2","2","0"
"119","0","0","0","0","0","2","0.1","0.1","90","372","2","0","2","1","2"
"120","0","0","0","0","5","0","0.1","0.1","90","372","2","0","2","0","0"
"121","0","-5","0","0","0","0","0.2","0.2","90","380","2","0","2","1","2"
"122","-5","-14","5","0","0","2","0.2","0.2","110","356","2","0","0","0","0"
"123","0","0","0","0","0","0","0.1","0.1","120","364","2","1","3","0","3"
"124","0","0","4","274.603","-832.168","154.483","1","1","110","372","2","0","0","2","1"
"125","-8429.39","-79.7564","322.8","-8435","-77","320.1","0","0","120","60","2","2","0","2","0"
"126","0","0","4","-35.75","-559.945","162.964","1","1","110","372","2","0","0","2","1"
"127","0","0","4","-170.463","-298.33","165.671","1","1","110","372","2","0","0","2","1"
"128","0","0","4","-81.4584","-102.714","147","1","1","110","372","2","0","0","2","1"
"129","0","2","3","-8383.37","1483.01","151.899","0","0","60","16","2","0","2","2","1"
"130","0","-6","0","0","0","0","1","1","120","359","2","0","0","1","0"
"131","0","0","1","5","0","3","0","0","110","364","2","0","2","1","2"
"132","0","-1","0","0","1","0","1.5","1.5","90","380","2","0","2","1","2"
"133","0","2","1","-103.786","-70.6483","147.007","1","1","120","359","2","0","0","2","0"
"134","0","0","1.1","0","1","0.8","0.4","0.4","90","368","2","0","2","0","2"
"135","-83","170","100","-83","215","50","0","0","100","3","2","2","0","2","0"
"136","0","2","1","-107.684","-287.81","143.78","1","1","120","359","2","0","0","2","0"
"137","0","2","1","-33.4911","-553.033","151.191","1","1","120","359","2","0","0","2","0"
"138","0","2","1","232.359","-849.162","147.565","1","1","120","359","2","0","0","2","0"
"140","0","-6","1","0","0","3","0","0","110","364","2","0","2","1","2"
"141","0","-60","60","0","20","5","0","0","60","19","2","0","0","0","0"
"142","0","-1","-1","-5","100","5","0","0","40","364","2","0","2","0","2"
"143","0","-3","20","0","3","-20","0","0","40","16","2","0","0","0","0"
"144","0","0","2.4","0","0","4","1","0","80","380","2","0","2","1","2"
"145","600","100","100","15","-11","5","1","1","0","124","2","0","0","0","3"
"146","0","-20","3","0","0","0","0","0","110","256","2","0","0","0","0"
"147","0","0","0.1","0.1","1.25","2","0","0","70","352","2","0","0","1","2"
"148","0","0","0","0","0.25","0.5","0","0","70","352","2","0","2","1","2"
"149","0","-1","0","0","1","0","0.3","0.3","120","380","2","0","2","1","2"
"150","-1768.83","1426.68","27.8963","-1768.81","1422.3","25.6966","0","0","65","352","2","2","3","2","3"
"151","3","15","6","0","5","5","1","1","90","380","2","0","0","0","3"
"152","0","0","0","0","0","0","2.5","2.5","90","380","2","0","2","1","2"
"153","0","-2","1","0","3","1","0.2","0.2","120","272","2","0","0","0","0"
"154","0","0","0","0","0","0","1","1","90","380","2","0","2","1","2"
"155","0","0","0","0","0","0","1","1","120","380","2","0","2","1","2"
"156","0","-10","-40","0","0","0","0.1","0.1","45","40","2","0","0","0","0"
"157","-10531","993","48","-10545","978","43","1","1","90","380","2","2","2","2","2"
"158","0","0","0","0","0","0","1","1","30","380","2","0","2","1","2"
"160","0","0","0","0","0","0","0.2","0.2","30","380","2","0","2","1","2"
"161","-8863.77","79.7101","183.969","-8888","162.781","155","1","1","90","380","2","2","2","2","2"
"164","0","0","0","0","0","0","0.2","0.2","20","380","2","0","2","1","2"
"166","0","-4","1.5","0","0","2","0","0","110","364","2","0","2","1","2"
"167","0","-2","1","0","10","0","1","1","120","272","2","0","0","0","0"
"170","0","0","0","0","0","0","1","1","20","380","2","0","2","1","2"
"171","-9326","531","273","-9309","492","253","1","1","90","380","2","2","0","2","0"
"172","0","0","0","-4093.12","-2326.01","139.621","0","0","110","256","2","0","2","2","0"
"173","-9347.05","494.786","250.592","0","0","0","1","1","90","380","2","2","2","1","2"
"175","-10834.5","-341.274","15.1382","-10801","-345.189","8","1","1","90","380","2","2","2","2","2"
"176","0","0","0","-10760.7","-349.365","22.4107","1","1","90","380","2","0","2","2","2"
"177","0","-30","20","0","30","20","0.1","0.1","90","16","2","0","0","0","0"
"178","-4731.59","3883.69","45","1","1","0","1","1","90","316","2","2","2","0","0"
"179","0","2","3","0","0","0","0","0","90","112","2","0","2","1","1"
"180","0","0","2.1","0","0","4","0.4","0.4","90","368","2","0","2","1","2"
"181","0","0","2.1","0","6","2","0.4","0.4","90","368","2","0","2","0","0"
"182","0","0","1.5","0","0","1","0.4","0.4","90","368","2","0","2","1","2"
"183","0","0","0","0","0","0","2","0.5","50","364","2","0","2","1","2"
"184","-5866","5402","-1206","-5838","5389","-1211","2","0.5","90","364","2","2","2","2","2"
"186","0","0","2.1","0","0","20","0.4","0.4","120","368","2","0","2","1","2"
"187","590.872","-793.234","148.425","575.15","-776.37","146.067","0","0","50","364","2","2","2","2","2"
"188","-5997","5457","-1204","-5921","5377","-1182","2","0.5","90","364","2","2","2","2","2"
"189","0","0","0.5","10","0","20","0.4","0.4","125","368","2","0","2","1","2"
"190","0","0","0","0","0","0","0.5","2","120","380","2","0","2","1","2"
"191","0","-40","20","0","0","0","1","1","90","0","2","0","0","0","0"
"192","0","0","1.5","0","0","8","0.5","0.5","90","372","2","0","2","1","2"
"193","0","0","1.5","0","0","0","0.2","0.2","150","372","2","0","2","1","2"
"194","-328.343","-77.5922","246.58","-310.834","-43.1048","220.885","0","0","120","48","2","2","0","2","0"
"195","-326.254","-74.0391","237.367","-301.919","-33.3444","227.55","0","0","120","48","2","2","0","2","0"
"203","0","0","0","0","0","6","0.1","0.1","90","380","2","0","2","1","2"
"204","0","0","0","-8312","-4166","-80","0.1","0.1","50","380","2","0","2","2","2"
"205","0","0","0","0","0","6","2.5","2.5","50","380","2","0","2","1","2"
"206","0","0","0","0","10","-4","0.5","0.5","90","380","2","0","2","0","2"
"207","0","0","0","0","0","0","0.5","0.5","20","380","2","0","2","1","2"
"208","3940.32","6569.27","176.756","0","-10","-10","0.5","0.5","90","380","2","2","0","0","0"
"209","0","0","0","0","0","0","0.5","0.5","120","380","2","0","2","1","2"
"210","0","0","0","0","0","0","0.2","0.2","50","892","2","0","1","1","1"
"211","0","0","0","0","0","10","0.2","0.2","90","380","2","0","1","1","1"
"212","0","0","0","0","0","0","2","2","120","380","2","0","1","1","1"
"213","1159","527","84","0","0","0","0","0","100","0","2","2","0","0","0"
"214","0","0","-20","0","0","0","0","0","180","0","2","0","2","0","0"
"215","3609.68","7178.76","311.278","3624.87","7168.99","402.174","0.2","0.2","50","316","2","2","0","2","0"
"216","0","0","0","0","0","0","1","1","90","380","2","0","1","1","1"
"217","4445.95","-2132.78","1225.34","0","15","5","0","0","130","372","2","2","2","1","0"
"218","0","0","0","0","0","0","3","3","120","380","2","0","1","1","1"
"219","4084.34","7229.9","345","0","0","0","0.2","0.2","120","380","2","2","1","1","1"
"220","1160","524","-46","0","0","0","0","0","100","0","2","2","0","0","0"
"221","3667","6909","351","3700","6908","347","0.5","0.5","90","380","2","2","0","2","0"
"223","0","0","0","0","0","2","1","1","40","380","2","0","1","1","1"
"226","0","0","0","-5240","-4825","457","0.5","0.5","50","380","2","0","2","2","2"
"227","0","-10","4","0","0","0","0","0","100","19","2","0","0","1","0"
"228","0","10","4","0","0","0","0","0","100","19","2","0","0","1","0"
"232","5200","-2252","1293","0","5","0","0","0","90","368","2","2","0","0","0"
"233","1166","533","57","0","0","0","0","0","100","0","2","2","0","0","0"
"239","0","0","0","0","0","0","0.4","0.4","90","880","2","0","2","1","2"
"241","0","0","0","1653","-4351","29.3","0.2","0.2","90","828","2","0","1","2","1"
"242","0","0","0","0","0","0","1","1","90","892","2","0","1","1","1"
"245","0","0","0","0","0","1.2","0.2","0.2","50","892","2","0","1","1","1"
"246","0","0","0","0","0","0","0.2","0.2","90","892","2","0","1","1","1"
"247","1804","-4521","170","0","0","0","1","1","90","892","2","2","1","1","1"
"248","80","-50","0","0","0","0","1","1","90","892","2","0","1","1","1"
"249","10","-18","-11","3524","-734","200","0.2","0.2","120","892","2","0","1","2","1"
"250","-100","-80","0","0","0","0","1","1","90","892","2","0","1","1","1"
"252","80","-50","0","3496","-248","0","1","1","40","892","2","0","1","2","1"
"253","3280","-456","282","3263","-474","240","0","0","100","12","2","2","1","2","1"
"254","3300","-466","220","3263","-474","160","0","0","55","12","2","2","1","2","1"
"255","3290","-467","245","3257","-490","225","0","0","90","12","2","2","1","2","1"
"256","1125","-540","416","0","0","1.75","0.2","0.2","16","16","2","2","2","0","0"
"257","0","-10","0","0","0","-1","0.1","0.1","90","380","2","0","0","0","0"
"259","-171","-2897","108","0","0","1.75","0.2","0.2","16","16","2","2","2","0","0"
"260","0","0","0","-8415.54","207.646","158.086","1","1","90","828","2","0","1","2","1"
"261","0","0","0","-8424.69","205.892","160.342","1","1","90","828","2","0","1","2","1"
"265","0","0","0","0","0","0","0.1","0.1","90","620","2","1","0","0","0"
"266","0","0","0","-984.148","-1685.15","-37.8107","1","1","90","636","2","0","1","2","1"
"267","2039","-196","400","0","0","3","0.1","0.1","60","620","2","2","0","0","0"
"268","0","20","6","0","0","0","0","0","90","16","2","0","0","0","0"
"270","1365.39","-559","350","1360.86","-591.384","339","0","0","120","512","2","2","1","2","0"
"271","0","0","0","-18.03","5.63","167","0.2","0.1","90","368","2","0","0","2","0"
"272","0","0","0","0","0","0","0.2","0.1","90","368","2","0","0","1","0"
"273","-1.90032","-1649","207.719","0","0","0","0.5","0.5","90","0","2","2","0","0","0"
"274","-753.317","1311.03","176.441","-754.148","1334.17","167.664","0.2","0.05","90","0","2","2","0","2","0"
"275","237.41","1969.1","173.53","252.462","1960.37","167.43","0","0","70","512","2","2","0","2","0"
"277","237.41","1969.1","173.53","252.057","1964.74","167.6","0","0","70","512","2","2","0","2","0"
"278","237.41","1969.1","173.53","251","1963.96","167.9","0","0","70","512","2","2","0","2","0"
"280","0","0","0","0","5","-2","0","0","90","284","2","0","0","0","0"
"281","0","-8","2","0","15","4","1.2","1","110","48","2","0","0","0","0"
"282","0","-2","10","0","2","-10","0","1","140","520","2","0","0","0","0"
"283","0","0","0","0","2","-1","0.1","0.1","90","768","2","0","0","0","0"
"284","0","0","0","0","0","0","0.1","0.1","90","892","2","0","0","1","2"
"285","0","0","0","0","0","0","0.1","0.1","65","892","2","0","0","1","2"
"287","7.931","-1643.87","197","0","0","7","1","1","90","0","2","2","0","0","0"
"290","0","0","0","-878.594","139.8","15","0.1","0.1","90","256","2","0","0","2","0"
"292","0","0","0","271","1957","170","0.1","0.1","90","256","2","0","0","2","0"
"293","0","0","0","0","0","0","0.1","0","90","892","2","0","0","1","2"
"294","0","0","0","271","1957","170","0.1","0.1","50","256","2","0","0","2","0"
"297","0","10","10","0","0","0","0","0","120","0","2","0","0","1","2"
"298","1206.44","443.943","45","1203.44","444.085","1","0","0","100","15","2","2","1","2","1"
"299","517.85","-1676.3","207","0","0","0","0.1","0.1","90","620","2","2","0","0","0"
"300","0","7","5","0","0","0","0","0","100","60","2","0","0","0","0"
"301","-310","2301","237","0","0","0","0","0","80","0","2","2","0","0","0"
"302","-13156.4","292.437","44.2127","-13189","270.862","26","0.1","0.1","50","524","2","2","2","2","2"
"303","-13210","320.224","41.6221","-13200","270.862","28","0.1","0.1","60","524","2","2","2","2","2"
"304","2252.32","936.815","498.144","2317.17","948.661","484.835","0","0","90","256","2","2","0","2","0"
"305","2278.99","995.113","498.467","2283.42","912.701","483.737","0","0","90","256","2","2","0","2","0"
"306","2274.68","921.783","486.234","2271.59","904.451","484.081","0","0","90","256","2","2","0","2","0"
"307","-13208","260","30","-13208","270","21","0","0","90","11","2","2","0","2","0"
"308","0","-15","10","0","0","0","0","0","90","60","2","0","0","0","0"
"309","0","-8","10","0","0","5","1","1","90","0","2","0","0","0","0"
"310","0","-2","2","0","0","0","0.5","0.5","90","2","2","0","0","0","0"
"311","2276.16","969.093","496.038","2284.68","948.307","489.672","0","0","90","256","2","2","0","2","0"
"312","-1","-1","1","0","0","0","0","0","0","0","2","0","0","0","0"
"313","0","30","5","0","0","0","0","0","90","16","2","0","0","0","0"
"314","2146.88","1413.46","513.691","2132.35","1458.13","502.61","0","0","90","256","2","2","0","2","0"
"315","2085.34","1413.57","508.456","2134.72","1459.36","494.219","0","0","90","256","2","2","0","2","0"
"316","222.585","3939.37","107.638","264.106","3970.55","87.2143","0","0","90","256","2","2","0","2","0"
"326","2104.53","1433.4","504.179","2145.13","1460.65","487.886","0","0","90","256","2","2","0","2","0"
"327","2147.7","1461.21","492.18","2168.76","1474.33","487.887","0","0","90","256","2","2","0","2","0"
"328","213.007","3963.4","105.137","264.106","3970.55","87.2143","0","0","90","256","2","2","0","2","0"
"329","213.04","3990.7","101.198","264.106","3970.55","87.2143","0","0","90","256","2","2","0","2","0"
"330","226.483","4013.9","97.3662","264.106","3970.55","87.2143","0","0","90","256","2","2","0","2","0"
"331","241.101","4026.84","94.4425","264.106","3970.55","87.2143","0","0","90","256","2","2","0","2","0"
"332","248.247","4017.73","89.0972","246.569","3941.65","75.9367","0","0","90","256","2","2","0","2","0"
"333","247.545","3992.54","78.6114","246.569","3941.65","75.9367","0","0","90","256","2","2","0","2","0"
"335","8","-4","3.5","0","0","0.833333","0","0","90","1036","2","0","2","1","2"
"336","12.75","-6.75","6","0","-1","1","0","0","90","1036","2","0","2","1","2"
"337","3630.08","1662.26","747.937","3651","1660.35","748.461","0","0","90","256","2","2","0","2","0"
"338","3698.71","1656.4","750.87","3712.95","1655.27","752.581","0","0","90","256","2","2","0","2","0"
"339","3722.29","1659.24","754","3740.96","1657.9","756","0","0","90","256","2","2","0","2","0"
"340","3744.84","1657.2","760.885","3749.14","1656.84","756.576","0","0","90","256","2","2","0","2","0"
"341","3633.19","1798.49","748.581","3630.83","1791.54","747.146","0","0","90","256","2","2","0","2","0"
"342","3619.55","1773.81","750.488","3618.67","1765.62","747.888","0","0","90","256","2","2","0","2","0"
"343","3617.98","1754.13","753.289","3616.76","1738.81","750.366","0","0","90","256","2","2","0","2","0"
"344","3608.74","1668.43","749.588","3604.1","1623.72","742.667","0","0","90","256","2","2","0","2","0"
"345","3624.87","1806.35","751.564","3628.23","1801.72","749.266","0","0","90","256","2","2","0","2","0"
"346","3620.12","1793.86","754.608","3619.61","1780.96","754.235","0","0","90","256","2","2","0","2","0"
"347","3611.7","1667.71","752.958","3610.68","1654.18","753.276","0","0","90","256","2","2","0","2","0"
"348","4542.59","138.306","64.6711","4569.56","138.515","46.55","0","0","90","256","2","2","0","2","0"
"349","4542.59","138.306","64.6711","4578.7","119.723","62.33","0","0","90","256","2","2","0","2","0"
"350","4614.67","84.47","62.03","4657.33","75.11","53.82","0","0","90","256","2","2","0","2","0"
"351","4785.79","54.7511","11.02","4834.56","54.55","11.28","0","0","90","256","2","2","0","2","0"
"352","4892.78","58.68","11.88","4951.48","55.67","13.27","0","0","90","256","2","2","0","2","0"
"353","5023.11","50.92","14.81","5075.76","68.47","18.31","0","0","90","256","2","2","0","2","0"
"354","5140.04","101.53","19.37","5162.84","91.76","24.3","0","0","90","256","2","2","0","2","0"
"355","5201.54","48.24","49.61","5213.22","51.53","43.67","0","0","90","256","2","2","0","2","0"
"356","5209.11","70.8438","34.9632","5228.06","62.07","37","0","0","90","256","2","2","0","2","0"
"357","5238.75","67.0085","36.581","5234.7","56.6755","37","0","0","90","256","2","2","0","2","0"
"358","5180.66","83.02","33.18","5200.28","74.97","35.86","0","0","90","256","2","2","0","2","0"
"359","4599.42","141.79","21.72","4605.98","141.81","17.47","0","0","90","256","2","2","0","2","0"
"360","14","-7","8","0","1","1","0","0","90","1036","2","0","0","1","0"
"361","10","-3.5","6","0","0.5","0.5","0","0","90","1036","2","0","0","1","0"
"362","0","0","0","0","0","0","2","2","100","1036","2","0","2","1","2"
"363","2369.2","-2111.5","271.114","2431.87","-2123.5","268.302","0","0","120","256","2","2","0","2","0"
"364","2377.59","-2118.07","237.94","2390.55","-2104.64","230.631","0","0","90","256","2","2","0","2","0"
"365","3322.57","-238.756","270.631","3434.2","-265.692","285.9","0","0","55","768","2","2","0","2","0"
"366","3320","-260","275","3426.4","-281","285","0","0","55","768","2","2","0","2","0"
"367","3451.06","-311.298","271.504","3444.719","-293.199","270.859","0","0","45","768","2","2","0","2","0"
"368","0","0","0","0","0","0","0.1","0.1","90","9984","2","0","2","1","2"
"369","0","0","0","0","0","0","0.1","0.1","60","1792","2","0","2","1","2"
"370","0","0","0","0","0","0","0.1","0.1","45","1792","2","0","2","1","2"
"371","0","0","0","0","0","0","0.1","0.1","30","1792","2","0","2","1","2"
"372","3448.95","-294.661","270","0","0","0","0.1","0.1","45","1792","2","2","2","1","2"
"373","3445.78","-289.687","272.3","3655","-706","10","0.1","0.1","45","1792","2","2","2","2","2"
"374","3440.9","-291.5","270","3454.65","-283.246","266.214","0","0","90","768","2","2","0","2","0"
"375","3447","-286","270","3454.65","-283.246","269","0","0","45","768","2","2","0","2","0"
"376","-8316.73","282.307","160","-8323.26","286.785","156.833","0","0","90","256","2","2","0","2","0"
"377","-8327.1","296.605","159","-8326.5","299.612","158.6","0","0","45","256","2","2","0","2","0"
"378","-8318.63","283","159.4","-8314.7","281.573","159","0","0","45","256","2","2","0","2","0"
"379","3715.52","-663.769","10","3612.26","-568.314","53","0.1","0.1","90","1792","2","2","2","2","2"
"380","3727.82","-654.649","10","3612.26","-562.057","57.1461","0.1","0.1","90","1792","2","2","2","2","2"
"381","3272","-351.239","257","3278.89","-352.271","255","0.1","0.1","90","1792","2","2","2","2","2"
"382","3445","-282.982","270","3446.82","-288.982","269","0.1","0.1","45","1792","2","2","2","2","2"
"383","0","0","0","0","0","0","0.1","0.1","90","1792","2","0","2","1","2"
"384","3126.29","-451","241","3208.88","-398.03","244.925","0","0","120","768","2","2","0","2","0"
"386","3443.42","-283.891","270","3446.82","-288.982","269","0.1","0.1","45","1792","2","2","2","2","2"
"387","0","0","0","0","0","2","0","0","90","68","2","0","2","1","2"
"388","0","60","60","0","0","0","0","0","120","368","2","0","0","0","0"
"389","7","-60","0","0","0","0","0","0","120","368","2","0","0","0","0"
"390","0","0","0","1832.43","-4429.45","135.961","0","0","90","768","2","0","0","2","0"
"391","1817.54","-4434.68","139.62","1832.43","-4429.45","135.961","0","0","90","768","2","2","0","2","0"
"392","2324.56","4990.72","81.7267","2349.81","5011.91","72","0","0","15","0","2","2","0","2","0"
"393","0","0","0.5","0","10","0.5","0","0","90","48","2","0","0","0","0"
"394","2338.59","4975.54","77.9317","2349.81","5011.91","72","0","0","15","0","2","2","0","2","0"
"395","2360.99","4973.64","81.2125","2349.81","5011.91","72","0","0","15","0","2","2","0","2","0"
"396","2383.91","4986.96","78.8108","2349.81","5011.91","72","0","0","15","0","2","2","0","2","0"
"397","2382.68","5005.3","73.4293","2349.81","5011.91","72","0","0","15","0","2","2","0","2","0"
"398","0","0","0","2349.94","5010.5","71.8873","0.1","0.1","60","1792","2","0","2","2","2"
"399","0","0","0","0","0","0","0","0","90","1792","2","0","0","1","0"
"400","1271.7","2805.98","291.136","1209.34","2818.61","264.553","0","0","90","256","2","2","0","2","0"
"401","20","20","30","0","0","0","0","0","120","48","2","0","0","0","0"
"402","3179.57","-600.457","244.78","3169.09","-614.203","240.363","0","0","90","768","2","2","0","2","0"
"403","1594.21","4008.83","225.282","1535.74","4347.48","121.952","0","0","90","256","2","2","0","2","0"
"404","1594.21","4008.83","225.282","1377.92","4393.59","216.403","0","0","90","256","2","2","0","2","0"
"405","1425.77","4317.18","222.232","1377.92","4393.59","216.403","0","0","90","256","2","2","0","2","0"
"406","1604.6","4420.86","160.191","1593.36","4489.33","152.177","0","0","90","256","2","2","0","2","0"
"407","1641.94","4736.72","159.477","1658.12","4784.65","155.092","0","0","90","256","2","2","0","2","0"
"408","1594.21","4008.83","225.282","1658.12","4784.65","155.092","0","0","90","256","2","2","0","2","0"
"409","9","-5","3.5","0","0","0.833333","0","0","90","1036","2","0","2","1","2"
"410","12","-7","6","0","0","0.833333","0","0","90","1036","2","0","2","1","2"
"411","0","-12","5","0","0","0","2","1","100","60","2","0","0","0","0"
"412","1227.3","443.944","12.5503","0","0","0","5","2","100","12","2","2","0","0","0"
"413","0","-12","5","0","0","0","2","1","100","12","2","0","0","0","0"
"414","-385.16","1931.24","135.381","-392.342","1911.94","137","0","0","90","256","2","2","0","2","0"
"415","3074.51","2845.4","490","2968.41","2958.14","413.971","5","5","90","512","2","2","0","2","0"
"416","7","-3.5","3.5","0","0","0.833333","0","0","120","1292","2","0","2","1","2"
"421","0","0","0","0","0","0","0.9","0.9","90","620","2","1","0","0","0"
"427","0","-5","8","1","0","0","0","0","0","768","2","0","0","0","0"
"431","-599.599","-2302.58","22.8051","-608.17","-2299.22","21.7195","0","0","90","256","2","2","0","2","0"
"432","-602.798","-2302.15","22.777","-603.652","-2299.72","21.7098","0","0","90","256","2","2","0","2","0"
"433","-604.826","-2312.11","22.4489","-604.068","-2299.99","22.4489","0","0","90","256","2","2","0","2","0"
"434","-604.272","-2305.92","22.4489","-580.88","-2318.89","18.4602","0","0","90","256","2","2","0","2","0"
"435","-604.272","-2305.92","22.4489","-565.082","-2333.43","39.7855","0","0","90","256","2","2","0","2","0"
"436","-3999.13","-4040.77","329.894","-3781.7","-4405.62","56","0.1","0.1","90","1792","2","2","2","2","2"
"437","-3489.7","-4267.25","202","0","0","0","0.1","0.1","90","1792","2","2","2","1","2"
"438","-3489.7","-4267.25","202","-3720.08","-4414.27","45","0.1","0.1","90","1792","2","2","2","2","2"
"439","-298","2271","217","0","0","20","0","0","90","256","2","2","0","0","0"
"440","3632.11","1787.25","749","3640.07","1786.53","748.2","0.1","0.1","45","1792","2","2","2","2","2"
"441","3616.84","1788.56","748.412","3629.64","1787.54","745.964","0.1","0.1","90","1792","2","2","2","2","2"
"442","0","0","0","3757.48","1655.99","748.963","0.1","0.1","90","1792","2","0","2","2","2"
"443","0","5","20","0","-20","0","0","0","120","48","2","0","0","0","0"
"444","3740.53","1657.63","766.549","3773.52","1654.25","765.025","0.1","0.1","90","1792","2","2","2","2","2"
"445","0","3","8","1206.05","2812.62","275","0","0","120","48","2","0","0","2","0"
"446","1556","4233.49","152.525","1535.74","4347.48","121.952","0","0","90","256","2","2","0","2","0"
"447","3089.42","2854.49","478","2984.81","2940.21","421","0.1","0.1","90","1792","2","2","2","2","2"
"448","3090.21","2902.85","472.569","2977.41","2928.29","425.444","0.1","0.1","90","1792","2","2","2","2","2"
"449","150.972","3185.96","220.984","206.442","3205.78","232.54","0","0","90","256","2","2","0","2","0"
"450","166.598","3167.29","227.045","199.778","3206.06","257.245","0","0","90","256","2","2","0","2","0"
"451","255.912","3176.33","224.005","206.442","3205.78","232.54","0","0","90","256","2","2","0","2","0"
"452","239.646","3247.39","222.011","204.873","3217.14","220.321","0","0","90","256","2","2","0","2","0"
"453","206.041","3204.64","230.352","185.467","3210.64","224.689","0","0","90","256","2","2","0","2","0"
"454","4400.21","936.816","118.279","4408.3","941.267","118.279","0","0","90","256","2","2","0","2","0"
"455","3027.25","2903.35","435.98","3034.29","2894.74","438.3","0.1","0.1","45","1792","2","2","2","2","2"
"456","3019.3","2912.83","434.805","3034.29","2894.74","438.3","0.1","0.1","60","1792","2","2","2","2","2"
"457","3036.55","2909.79","466","2940.17","2987.59","503","0.1","0.1","90","1792","2","2","2","2","2"
"458","3051.69","2882.04","447","2941.77","2984","411.652","0.1","0.1","90","1792","2","2","2","2","2"
"459","2120.41","1360.47","560","1847.56","1364.55","517","0.1","0.1","90","1792","2","2","2","2","2"
"460","1847.51","1342.72","495.276","1764.44","1363.57","481.689","0.1","0.1","90","1792","2","2","2","2","2"
"461","1838.74","1391.55","495.276","1764.44","1363.57","481.689","0.1","0.1","90","1792","2","2","2","2","2"
"462","1598.28","-2619.37","155.166","1622.31","-2634.34","150.36","0","0","90","256","2","2","0","2","0"
"463","5235.19","87.0328","49.618","5228.06","61.07","36.18","0","0","90","256","2","2","0","2","0"
"465","2147.84","1359.9","566","1847.56","1364.55","517","0.1","0.1","90","1792","2","2","2","2","2"
"466","243.372","3209.3","247.255","297.106","3209.02","246.829","0","0","90","768","2","2","0","2","0"
"467","4323.78","947.823","157.383","4816.66","54.0296","8.30009","0","0","90","256","2","2","0","2","0"
"468","4816.66","54.0296","8.30009","5235.6","57.776","33.6454","0","0","90","256","2","2","0","2","0"
"469","5246.77","73.2977","34.9632","5236.13","57.8349","37","0","0","90","256","2","2","0","2","0"
"470","3476.83","-295.467","272","3469.44","-292.376","268","0","0","90","768","2","2","0","2","0"
"471","3476.83","-295.467","275","3449.59","-291.564","268","0","0","90","768","2","2","0","2","0"
"472","3468.72","-290.956","270","3449.59","-291.564","268","0","0","45","768","2","2","0","2","0"
"473","3491.55","-338.88","282.894","3469.44","-292.376","268","0","0","90","768","2","2","0","2","0"
"474","-2979.85","875.049","25.08","0","0","0","0","0","90","0","2","2","0","0","0"
"475","-2992.52","934.213","34.1106","0","0","0","0","0","90","0","2","2","0","0","0"
"476","3468.77","-305.149","270","0","0","0","0.1","0.1","45","1792","2","2","2","1","2"
"477","3466.17","-297.212","274","3655","-706","10","0.1","0.1","45","1792","2","2","2","2","2"
"478","3465.37","-297.775","270","3467.66","-302.202","270","0.1","0.1","90","1792","2","2","2","2","2"
"479","3466.85","-296.822","270","3467.66","-302.202","270","0.1","0.1","90","1792","2","2","2","2","2"
"480","3753.73","-688.424","3","3612.26","-562.057","57.1461","0.1","0.1","90","1792","2","2","2","2","2"
"481","3715.68","-726.15","3","3612.26","-568.314","53","0.1","0.1","90","1792","2","2","2","2","2"
"482","3231.69","-402.53","316.233","0","0","0","0.1","0.1","90","1792","2","2","2","1","2"
"483","0","0","0","3291.1","-345.437","299.916","0.1","0.1","90","1792","2","0","2","2","2"
"484","305.916","-4123.77","232.027","298.21","-4138.94","229","0","0","90","768","2","2","0","2","0"
"485","2977.98","-715.615","336.394","2824.26","-576.643","285.024","0","0","90","256","2","2","0","2","0"
"486","3158.67","-775.227","336.158","3157.99","-905.296","324.696","0","0","90","256","2","2","0","2","0"
"487","3156.55","-903.851","327.185","3160.98","-893.513","324.696","0","0","90","256","2","2","0","2","0"
"488","277","-4108","220","0","0","0","0.1","0.1","45","1792","2","2","2","1","2"
"489","277","-4108","228","211","-3957","141","0.1","0.1","45","1792","2","2","2","2","2"
"490","0","0","0","0","0","0","0","0","0","256","2","0","0","0","0"
"491","0","0","30","0","0","0","0","0","90","2048","2","0","2","1","1"
"493","3611.51","1692.03","753.67","3607.34","1641.99","742.694","0.1","0.1","90","1792","2","2","2","2","2"
"494","1227","-470","381","0","0","1.75","0.2","0.2","45","16","2","2","2","0","0"
"495","-186","-2766","57","0","0","1.75","0.2","0.2","45","16","2","2","2","0","0"
"496","-4036.96","-4763.99","10.1257","-4022.69","-4748.74","5","0.1","0.1","90","1792","2","2","2","2","2"
"497","-605.378","-2342.65","32","-624.421","-2359.28","23","0.1","0.1","90","1792","2","2","2","2","2"
"498","-153.201","-3109.61","43","-176.778","-3083.67","34.9795","0.1","0.1","90","1792","2","2","2","2","2"
"499","-60","-3148","93","-43","-3151","86","0.1","0.1","90","1792","2","2","2","2","2"
"500","-27","-3138","90","-47","-3152","86","0.1","0.1","90","1792","2","2","2","2","2"
"501","720","320","365.996","685","303","353.298","0.1","0.1","90","1792","2","2","2","2","2"
"502","4571.49","2496.85","152.011","4677.6","2843.57","129.189","0","0","90","768","2","2","0","2","0"
"503","4330.04","1283.94","474.741","4265.02","1354.12","461.604","0","0","90","768","2","2","0","2","0"
"504","4268.41","1338.68","464.068","4275.49","1338.32","463.846","0","0","90","768","2","2","0","2","0"
"505","4284.95","1338.18","460.348","4287.62","1338.01","460.967","0","0","90","768","2","2","0","2","0"
"506","4289.48","1333.19","458","4283.14","1341.65","459.95","0","0","90","768","2","2","0","2","0"
"507","-1656.15","1052.91","35","-1719.4","1052.89","30","0.1","0.1","45","1792","2","2","2","2","2"
"508","-1656.15","1052.91","35","-1719.4","1052.89","30","0.1","0.1","90","1792","2","2","2","2","2"
"509","-1087.8","1163.54","18","-1078.99","1156.65","19","0.1","0.1","90","1792","2","2","2","2","2"
"510","-1086.16","1170.89","19","-1082.17","1158.94","17","0.1","0.1","90","1792","2","2","2","2","2"
"511","0","0","0","6516","5763","144","0","0","90","2048","2","0","0","2","2"
"512","6571.54","5362.9","57","6606.62","5326.18","53.6","0.1","0.1","90","1792","2","2","2","2","2"
"513","6881.29","5364.72","55.35","6863.04","5415.32","48.1599","0.1","0.1","90","1792","2","2","2","2","2"
"514","0","10","10","0","0","0","0","0","90","2048","2","0","1","0","2"
"515","0","-15","5","0","0","5","0.1","0.1","90","1792","2","0","2","1","2"
"516","922.458","-2582.71","195.476","920.332","-2589.93","195.783","0.1","0.1","90","1792","2","2","2","2","2"
"517","0","-1","0.3","0","1","0","0","0","130","520","2","0","0","0","0"
"518","0","0","0","0","0","0","0.1","0.1","90","1292","2","0","2","1","2"
"519","5","-15","5","-5","0","2","0.1","0.1","90","1792","2","0","2","1","2"
"520","2","-5","3","-2","0","1","0.1","0.1","90","1792","2","0","2","1","2"
"521","0","5","1","0","-5","1","0.1","0.1","90","1792","2","0","2","1","2"
"522","0","0","0","0","0","0","0.1","0.1","90","1536","2","0","2","1","2"
"523","0","-15","5","0","0","0","0","0","90","1024","2","0","0","1","2"
"525","0","45","10","0","-15","40","0","0","90","2064","2","0","0","1","2"
"528","-8","-3","8","-2","10","0","0","0","110","2061","2","0","0","0","0"
"529","1144.33","-704.465","87.0345","1275.1","-598.229","78.4183","0","0","90","768","2","2","0","2","0"
"530","978.796","-693.328","28.0932","1008.34","-639.22","17.4142","0","0","90","768","2","2","0","2","0"
"531","585.36","-964.637","111.533","497.827","-933.815","97.2268","0","0","90","768","2","2","0","2","0"
"532","632.119","-1162.17","-9.91838","616.309","-1164.79","-13.0115","0","0","90","768","2","2","0","2","0"
"533","499.337","-1407.22","85.247","464.775","-1444.01","80.633","0","0","90","768","2","2","0","2","0"
"534","1276.36","-1515.44","141.653","1303.34","-1557.66","131.687","0","0","90","768","2","2","0","2","0"
"535","1186.37","793.769","793.388","1196.87","773.285","391.899","0","0","90","1280","2","2","1","2","0"
"536","813.823","-1043.7","121.001","820.535","-1045.73","122.437","0","0","90","768","2","2","0","2","0"
"537","1331.65","505.2","597.743","1393.37","435.276","624.749","0","0","90","256","2","2","0","2","0"
"539","211.543","-495.923","-2.5","212.366","-498.905","-2.83258","0","0","90","0","2","2","0","2","0"
"542","0","15","0","0","0","0","0.1","0.1","90","2076","2","0","1","0","1"
"543","6818.6","5788.26","329.575","6827.23","5798.62","329","0.1","0.1","90","2816","2","2","2","2","2"
"544","6814.69","5809.55","424.92","6814","5777","413","0.1","0.1","90","1792","2","2","2","2","2"
"545","6816.24","5783.88","418.46","6816.81","5760.11","412","0.1","0.1","90","1792","2","2","2","2","2"
"546","6804.08","5802.69","340","6825","5805","331","0.1","0.1","90","2816","2","2","2","2","2"
"547","0","50","35","0","0","15","0","0","90","2064","2","0","0","0","0"
"548","805.394","-984.139","139.141","856.137","-997.759","139.986","0","0","90","768","2","2","0","2","0"
"549","587.998","-1654.04","116.697","582.255","-2134.77","107.242","0","0","90","768","2","2","0","2","0"
"550","3909.92","2472.33","13.3019","3913.73","2494.99","2.90227","0","0","90","768","2","2","0","2","0"
"551","2915.25","2211.67","117.249","2925.39","2183.13","112.954","0","0","90","768","2","2","0","2","0"
"552","0","-30","10","5","10","5","0","0","90","1280","2","0","0","1","2"
"553","0","0","0","0","0","0","0.5","0.5","90","9984","2","0","2","1","2"
"554","937.399","-1044.16","123.061","950.046","-1020.9","116.942","0.1","0.1","90","2816","2","2","2","2","2"
"555","3202.56","2020.64","121.873","3179.32","2026.86","112.167","0","0","90","768","2","2","0","2","0"
"556","3387.96","2073.8","170.898","3179.32","2026.86","112.167","0","0","90","768","2","2","0","2","0"
"557","3167.13","2311.04","171.274","2925.39","2183.13","112.954","0","0","90","768","2","2","0","2","0"
"558","2951.31","2210.8","123.065","2925.39","2183.13","112.954","0","0","90","768","2","2","0","2","0"
"562","0","0","0","0","0","0","1","0.1","60","1792","2","0","2","1","2"
"563","1880.67","-495.752","226.683","0","0","0","0","0","90","2064","2","2","0","0","0"
"564","7334.26","5089.41","131","7306.81","5095.41","135.525","0","0","90","768","2","2","0","2","0"
"565","6606.37","741.908","176.328","6606.06","734.863","175.12","0","0","90","768","2","2","0","2","0"
"566","6606.37","741.908","177.328","6612.37","726.805","178.705","0","0","90","768","2","2","0","2","0"
"567","6617.73","737.699","178.108","6612.16","735.957","178.196","0","0","90","768","2","2","0","2","0"
"568","6609.92","773.715","185.93","6609.11","768.595","183.713","0","0","90","768","2","2","0","2","0"
"569","6617.73","737.699","178.108","6604.39","738.349","176.733","0","0","90","768","2","2","0","2","0"
"570","6617.73","737.699","178.108","6603.35","744.178","281.201","0","0","90","768","2","2","0","2","0"
"571","7386.59","5043","137.7","7306.6","5093.38","134.212","0","0","90","768","2","2","0","2","0"
"572","7328.39","5088.13","129.882","7314.22","5091.4","136.86","0","0","90","768","2","2","0","2","0"
"573","0","20","5","0","0","0","0.1","0.1","90","2076","2","0","0","0","0"
"574","622.031","-3137.04","121.948","608.269","-3100.42","105.957","0","0","90","768","2","2","0","2","0"
"575","587.328","-3051.33","78.3904","579.446","-3042.2","69.39","0","0","90","768","2","2","0","2","0"
"576","0","-5","2","0","10","2","0","0","120","2064","4","0","0","0","0"
"577","0","0","0","1","0","3","0.1","0.1","30","1280","2","0","2","1","2"
"578","-45","0","10","0","0","0","0.1","0.1","90","2078","2","0","0","0","0"
"579","3","-10","3","0","6","0","0","0.1","90","768","2","0","0","0","0"
"580","0","-12","10","0","8","-2","0","0","120","56","2","0","0","0","0"
"581","-1824.77","1101.78","50.31","-1810.1","1095.74","45.57","0","0","90","768","2","2","0","2","0"
"582","0","100","35","0","0","15","0","0","90","2064","2","0","2","2","2"
"583","0","0","0","0","0","0","0.1","0.1","105","9984","2","0","2","1","2"
"584","6650.41","-543.386","42.367","6648.99","-640.542","11.9265","0","0","90","2067","2","2","2","2","2"
"585","0","-60","100","0","0","0","0","0","0","0","2","0","0","0","2"
"586","0","-10","4","0","0","2","0.1","0.2","90","1280","2","0","2","0","2"
"587","0","-15","20","0","0","0","0","0","90","2064","2","0","0","0","0"
"588","-11857.6","-3202.96","-6","-11885.2","-3206.22","-6","0.1","0.1","90","2816","2","2","2","2","2"
"589","0","30","30","0","30","30","60","60","120","23","2","0","1","0","1"
"590","5530.41","1511.87","291.607","5556.56","996.208","507.737","2","2","90","2816","2","2","2","2","2"
"591","6927.25","1477.41","36","6945.32","1447.27","40","2","2","90","2816","2","2","2","2","2"
"592","618.469","-3070.85","101.37","575.108","-3118.7","72.8107","0","0","90","768","2","2","0","2","0"
"593","471.31","-2973.2","241.08","499.57","-3057.36","191.79","0","0","90","768","2","2","0","2","0"
"594","7237.85","1733.89","95.331","7222.7","1772.32","85.5477","0","0","90","768","2","2","0","2","0"
"595","7237.85","1733.89","95.331","7222.7","1772.32","95.5477","0","0","90","768","2","2","0","2","0"
"596","7203.26","1852.95","92.9676","7179.4","1910.69","102.752","0","0","90","768","2","2","0","2","0"
"597","3505.34","7558.66","83","3454","7610","60","2","2","90","2816","2","2","2","2","2"
"598","-76.1898","6379.44","19.79","-62.6476","6324.59","5.99868","0.1","0.1","90","256","2","2","0","2","0"
"599","0","-100","100","0","0","0","0","0","0","2064","2","0","0","0","0"
"600","0","0","0","0","0","0","0.1","0.1","120","1280","2","0","2","1","2"
"602","985.138","4861.65","40.7802","976.819","4844.27","37.4077","0","0","90","256","2","2","0","2","0"
"603","0","-6","15","0","6","-10","0","0","110","96","2","0","0","0","0"
"604","0","2","3","0","50","0","0","0","120","1032","4","0","0","0","2"
"605","0","0","60","0","30","0","0","1","120","2048","2","0","0","0","0"
"606","3","2","1.5","1.2","0","0.8","0","0","90","0","2","0","0","0","0"
"607","4086.98","-298.073","-275.814","4044.5","-297.887","-274.896","0","0","90","768","2","2","0","2","0"
"608","0","0","0","0","0","0","0","0","120","576","2","0","0","1","2"
"609","-3","1","0.1","6","20","0","0","111","70","524","2","0","0","0","0"
"610","-0.5","0","-0.5","-2","55","3","0","0","70","12","2","0","0","0","0"
"611","0","0","0","0","11","1.2","0","0","90","12","2","0","0","0","0"
"613","4608.81","489.425","-3.69496","4585.65","493.394","0.316297","0","0","90","256","2","2","0","2","0"
"614","4760.99","307.773","0","4757.19","286.559","0.863766","0","0","90","256","2","2","0","2","0"
"615","-2707.94","330.679","16.3343","-2700","335.851","14.3343","0","0","90","0","2","2","0","2","0"
"616","0","0","0","0","0","0","0.1","0.1","120","9984","2","0","2","1","2"
"617","-561.347","2013.68","686.062","-610.264","1948.96","685.943","0","0","90","768","2","2","0","2","2"
"618","784","1090","49","0","0","1","0","0","60","2305","2","2","0","0","0"
"619","-3","1","0.1","0","0","0","0.1","0.1","90","1280","2","0","0","1","0"
"621","-778.22","2156.84","230.284","-554.426","2175.75","281.653","0","0","90","768","2","2","0","2","2"
"622","2419.88","-5641.79","61.6926","2421.4","-5650.14","61.333","0","0","90","0","2","2","0","2","0"
"623","-1374.8","1090.01","262.407","-1380.31","1089.01","262.575","0","0","90","256","2","2","0","2","0"
"624","-2656.57","366.282","18.6677","-2672.25","354.521","17.3342","0","0","90","0","2","2","0","2","0"
"625","809","1097","61","7","0","2.5","0","0","65","2305","2","2","0","0","0"
"626","4325.96","-612.968","-280.462","4325.99","-604.589","-280.215","0","0","90","0","2","2","0","2","0"
"627","840.074","7229.9","106.682","811.694","7228.79","118.115","0","0","90","256","2","2","0","2","0"
"628","808.015","7257.572","139.076","834.569","7228.717","106.6781","0","0","90","256","2","2","0","2","0"
"629","0","-10","-2","0","10","5","1","1","0","2064","2","0","0","0","0"
"631","0","-5","1.5","0","5","0","0.05","0.1","100","2064","2","0","0","0","0"
"632","0","23","15","0","0","1","0","0","0","2051","1","1","1","0","0"
"633","4136.38","-300.511","-272.189","4064.16","-298.38","-273.083","0","0","90","768","2","2","0","2","0"
"634","2611","6751","116","2610.97","6752","107","2","2","90","2816","2","2","2","2","2"
"635","4089.96","-275.182","-275.802","4066.54","-287.935","-271.438","0","0","90","768","2","2","0","2","0"
"636","4052.74","-295.486","-279.052","4037.96","-303.038","-277.29","0","0","90","768","2","2","0","2","0"
"637","4060.81","-246.784","-259.536","4053.8","-261.828","-262.457","0","0","90","768","2","2","0","2","0"
"638","2611","6751","125","2610.97","6752","107","2","2","90","2816","2","2","2","2","2"
"639","0.7","5","2","0","0","2","0","0","90","0","2","0","0","0","0"
"640","-2","21","9","-0.5","15","7.5","0","0","90","0","2","0","0","0","0"
"641","-2","6","4","0.5","0","3","0","0","90","0","2","0","0","0","0"
"642","-1","8","5","1","0","4","0","0","90","0","2","0","0","0","0"
"643","0","0","0","0","10","0","0","0","90","1280","2","0","0","0","0"
"644","0","40","20","0","0","0","0","0","90","2064","2","0","0","0","0"
"645","99.808","1946.75","70.2175","199358","1647","70.2175","0","0","90","256","2","2","0","2","0"
"646","0","0","0","0","0","0","0.1","0.1","25","1536","2","0","2","1","2"
"647","2","8","5","0.5","0","4","0","0","90","0","2","0","0","0","0"
"648","6","6","7","2","0","5.5","0","0","90","0","2","0","0","0","0"
"649","1.5","4.5","3","0.5","0","2","0","0","90","0","2","0","0","0","0"
"650","-1","6","4","1","0","2.5","0","0","90","0","2","0","0","0","0"
"651","0.5","-5","4.5","-0.5","0","3","0","0","90","0","2","0","0","0","0"
"652","-2.5","5","4","0.5","0","3","0","0","90","0","2","0","0","0","0"
"653","-1.5","6","5","0.5","0","4","0","0","90","0","2","0","0","0","0"
"654","-1","8","5","1","0","3","0","0","90","0","2","0","0","0","0"
"655","-1","7","5.5","0.5","0","4.5","0","0","90","0","2","0","0","0","0"
"657","0","-30","5","0","0","0","0","0","90","16","2","0","0","0","0"
"658","0","0","0","0","0","0","0.1","0.1","70","1792","2","0","2","1","2"
"659","2902.23","5884.7","304","2903","5879.78","301","2","2","90","2816","2","2","2","2","2"
"660","2900.32","5890.15","301.4","2901.6","5887","301","2","2","90","2816","2","2","2","2","2"
"661","2902.63","5898.98","302","2897.56","5895.83","300","2","2","90","2816","2","2","2","2","2"
"662","2896.73","5903.34","298.839","2900.96","5885.68","307.325","2","2","90","2816","2","2","2","2","2"
"663","2936.02","5778.51","394.944","2899.26","5894.66","297.115","2","2","90","2816","2","2","2","2","2"
"664","2919.24","5818.19","357.804","2899.26","5894.66","300","2","2","20","2816","2","2","2","2","2"
"665","0","0","0","0","0","0","0.1","0.1","80","9984","2","0","2","1","2"
"666","-728.78","2704.66","111.196","-610.394","2534.88","109.893","0","0","90","256","2","0","0","1","0"
"669","0","-200","400","0","0","40","0","0","0","2576","2","0","1","0","0"
"670","2499.86","-1601.02","403.915","2483.82","-1618.38","405.299","0","0","90","768","2","2","0","2","0"
"671","3578","6454.56","185.87","3582.29","6467.03","198.841","2","2","90","2816","2","2","2","2","2"
"672","3592.11","6470.23","180.799","3595.36","6478.69","181.568","2","2","90","2816","2","2","2","2","2"
"673","3595.11","6464.76","181.266","3595.36","6478.69","181.568","2","2","90","2816","2","2","2","2","2"
"674","3599.86","6425.69","185.959","3589","6474.38","195.576","2","2","90","2816","2","2","2","2","2"
"675","3635.69","6444.65","185.959","3589","6474.38","195.576","2","2","90","2816","2","2","2","2","2"
"676","3587.63","6474.66","180","3588.93","6479.82","179","2","2","90","2816","2","2","2","2","2"
"677","3585.9","6468.25","179","3585.15","6481.1","180","2","2","90","2816","2","2","2","2","2"
"678","0","0","-20","0","0","30","0.1","0.1","90","10499","2","0","2","0","2"
"679","80.7539","-65.64","66.8533","103.676","-63.0295","69.9065","0","0","90","768","2","2","0","2","0"
"680","0","3","2","0","5","2","0","0","135","2064","2","0","0","0","0"
"681","2901.97","5874.83","321.842","2917.94","5854.33","339.776","2","2","20","2816","2","2","2","2","2"
"682","3","2","1.5","1.2","0","0.8","0","0","90","0","2","1","2","1","2"
"683","-785.598","4533.67","754.035","0","0","7","0","0","115","2048","2","2","0","1","1"
"684","0","-5","1","0","10","0","1","1","90","2575","2","0","0","0","0"
"685","4065.4","7222.96","56","4078.12","7215.44","57","0","0","90","768","2","2","0","2","0"
"686","2111.21","5486.59","-18.2242","2085.14","5427.66","-36.0001","0","0","90","768","2","2","0","2","0"
"687","1160.64","4034.1","111.542","962.597","4053.8","86.6604","0","0","90","256","2","2","2","2","2"
"688","0","35","20","0","0","15","0","0","90","2064","2","0","0","0","0"
"689","0","0","0","0","0","0","0","0","0","128","3","0","0","0","0"
"690","0","0","0","0","0","0","0","0","0","256","3","0","0","0","0"
"691","0","0","0","0","0","0","0","0","0","0","4","0","0","0","0"
"694","0","0","0","0","0","0","0","0","0","4096","4","0","0","0","0"
"695","1709.65","4637.25","132.765","1722.28","4614.32","128.618","0","0","90","256","2","2","2","2","2"
"696","1714.45","4628.56","127","1719.24","4620.36","129","0","0","90","256","2","2","2","2","2"
"697","1319","4828","174","1344","4795","178","0","0","90","768","2","2","0","2","0"
"699","0","-15","6","0","30","6","0","0","110","2051","2","1","1","1","1"
"700","-584.374","8121.86","75.2569","-607.044","8127.92","84.6352","0","0","90","768","2","2","0","2","0"
"701","-533.933","8114.9","72.1017","-557.722","8119.73","79.79","0","0","90","768","2","2","0","2","0"
"702","2610.54","6727.97","109.118","2611.03","6742.41","106.739","0","0","90","2304","2","2","2","2","2"
"703","2599","6744.68","108.245","2615.55","6735.5","107.55","0","0","90","2304","2","2","2","2","2"
"704","2622.57","6724.78","113.545","2634.81","6690.01","117.169","0","0","90","2304","2","2","2","2","2"
"705","2631.48","6715.39","113.964","2634.81","6690.01","117.169","0","0","90","2304","2","2","2","2","2"
"706","2885.26","5895.41","304","2912","5856","340","2","2","20","2816","2","2","2","2","2"
"707","2888","5904.28","297","2900.96","5885.68","315","2","2","90","2816","2","2","2","2","2"
"708","0","0","0","0","0","0","0","0","0","2048","2","0","0","0","0"
"709","4247.65","-311.18","-278.409","4237.23","-303.282","-275.298","0","0","90","768","2","2","0","2","0"
"710","1198","1610","13","1162","1538","25","1","1","90","263","2","2","2","2","2"
"712","4056.5","-299.119","-274.387","4044.5","-297.887","-274.896","0","0","90","768","2","2","0","2","0"
"713","4058.58","-289.537","-279.022","4065.44","-296.753","-279.062","0","0","90","768","2","2","0","2","0"
"714","4124.8","-205.52","-250.577","4138.39","-240.981","-256.42","0","0","90","768","2","2","0","2","0"
"715","4124.8","-205.52","-250.577","4099.27","-239.048","-256.941","0","0","90","768","2","2","0","2","0"
"716","0","0","0","0","0","0","0.1","0.1","40","1792","2","0","2","1","2"
"717","1377.05","1347.16","193.924","1392.03","1347.21","197","0","0","90","768","2","2","0","2","0"
"718","12","-6","4","770","-266","15","0","0","120","2305","2","0","0","2","0"
"722","0","0","0","0","0","6","0.1","0.1","90","9984","2","0","2","1","2"
"723","0","-10","10","0","0","0","0","0","110","2320","2","0","0","0","0"
"724","1","5","2","0.5","0","-1","0","0","90","0","2","0","0","0","0"
"725","0","0","0","0","0","0","0.1","0.1","90","9472","2","0","2","1","2"
"197","0","0","0","0","25","0","0.3","0.3","120","376","2","0","2","1","2"
"163","0","0","0","0","0","0","0.1","0.1","120","108","2","0","2","1","2"
"139","0","2","1","-103.786","-70.6483","147.007","1","1","120","359","2","0","0","2","0"
"168","0","0","1.1","0","1","0.8","0.4","0.4","90","368","2","0","2","0","2"
"159","0","0","0","0","0","0","1","1","90","380","2","0","2","1","2"
"162","0","0","0","0","0","0","1","1","90","380","2","0","2","1","2"
"165","0","0","0","0","0","0","1","1","90","380","2","0","2","1","2"
"169","0","0","0","0","0","0","1","1","90","380","2","0","2","1","2"
"174","0","0","0","0","0","0","1","1","20","380","2","0","2","1","2"
"243","0","0","0","0","0","0","0.2","0.2","50","892","2","0","1","1","1"
"258","0","0","0","0","0","0","1","1","90","892","2","0","1","1","1"
"279","0","0","0","0","0","0","1","1","90","892","2","0","1","1","1"
"286","0","0","0","0","0","0","1","1","90","892","2","0","1","1","1"
"288","0","0","0","0","0","0","1","1","90","892","2","0","1","1","1"
"291","0","0","0","0","0","0","1","1","90","892","2","0","1","1","1"
"269","0","0","0","0","0","0","0.2","0.2","90","892","2","0","1","1","1"
"251","80","-50","0","0","0","0","1","1","90","892","2","0","1","1","1"
"289","0","0","0","0","0","0","0.1","0.1","90","892","2","0","0","1","2"
"385","0","0","0","0","0","0","0.1","0.1","90","1792","2","0","2","1","2"
"492","0","0","0","0","0","0","0.1","0.1","90","1792","2","0","2","1","2"
"464","0","0","0.5","0","10","0.5","0","0","90","48","2","0","0","0","0"
"540","0","0","0","0","0","0","0.1","0.1","90","1292","2","0","2","1","2"
"692","0","0","0","0","0","0","0","0","0","0","4","0","0","0","0"
"693","0","0","0","0","0","0","0","0","0","0","4","0","0","0","0"
"711","0","0","0","0","0","0","0","0","0","2048","2","0","0","0","0"
