Id,Unknown0,Unknown1,Unknown2_0,Unknown2_1,Unknown2_2,Unknown2_3,Unknown3_0,Unknown3_1,Unknown3_2,Unknown3_3,Unknown4,Unknown5,Unknown6
"1","1","72","0","0","0","0","0","0","0","0","3","2","12"
"2","2","72","0","0","0","0","0","0","0","0","5","4","10"
"3","3","72","0","0","0","0","0","0","0","0","3","2","12"
"4","4","72","0","0","0","0","0","0","0","0","3","2","12"
"5","5","72","0","0","0","0","0","0","0","0","5","4","10"
"6","6","72","0","0","0","0","0","0","0","0","5","4","10"
"7","7","0","0","0","0","0","0","0","0","0","0","0","0"
"10","40","2056","0","0","0","0","0","0","0","0","3","2","0"
"11","72","2081","0","0","0","0","0","0","0","0","3","2","12"
"12","72","0","0","0","0","0","72","0","0","0","2","2","4"
"14","14","0","0","0","0","0","0","0","0","0","8","0","1"
"15","7","1","0","0","0","0","7","0","0","0","0","0","0"
"16","14","1","0","0","0","0","14","0","0","0","8","0","1"
"17","15","1","0","0","0","0","15","0","0","0","8","0","1"
"18","19","1","0","0","0","0","19","0","0","0","8","0","1"
"19","17","1","0","0","0","0","17","0","0","0","8","0","1"
"20","16","1","0","0","0","0","16","0","0","0","8","0","1"
"21","20","1","0","0","0","0","20","0","0","0","8","8","1"
"22","22","0","0","0","0","0","22","0","0","0","8","0","1"
"23","54","2049","0","0","0","0","0","0","0","0","2","2","4"
"24","24","1","0","0","0","0","24","0","0","0","8","0","1"
"25","25","0","0","0","0","0","25","0","0","0","8","0","0"
"26","25","1","0","0","0","0","25","0","0","0","8","0","1"
"27","15","1","1","0","0","0","15","0","0","0","8","0","1"
"28","26","1","0","0","0","0","26","0","0","0","8","0","1"
"29","76","0","0","0","0","0","0","0","0","0","4","4","2"
"30","27","1","0","0","0","0","27","0","0","0","8","0","1"
"31","28","1024","973","0","0","0","148","28","0","0","0","0","0"
"32","29","16","28","0","0","0","0","0","0","0","0","0","0"
"33","40","2056","0","0","0","0","0","0","0","0","5","4","0"
"34","15","1","0","0","0","0","15","0","0","0","8","0","0"
"35","31","0","0","0","0","0","31","0","0","0","0","1","0"
"36","32","1025","0","0","0","0","32","0","0","0","0","0","0"
"37","33","1","0","0","0","0","33","0","0","0","8","0","1"
"38","29","33","28","0","0","0","29","0","0","0","8","0","1"
"39","18","1","0","0","0","0","18","0","0","0","8","0","1"
"40","34","1","0","0","0","0","34","0","0","0","8","0","1"
"41","35","49","36","0","0","0","35","0","0","0","8","0","1"
"42","36","9","0","0","0","0","36","0","0","0","1","1","0"
"43","35","33","36","0","0","0","35","0","0","0","8","0","0"
"44","37","1","0","0","0","0","37","0","0","0","8","0","1"
"45","38","1","0","0","0","0","38","0","0","0","8","0","1"
"46","39","1","0","0","0","0","39","0","0","0","8","0","1"
"47","41","1","0","0","0","0","41","0","0","0","8","0","1"
"48","42","1","0","0","0","0","42","0","0","0","8","0","1"
"49","43","0","0","0","0","0","43","0","0","0","8","0","1"
"50","44","1","0","0","0","0","44","0","0","0","8","0","1"
"51","45","1","46","40","0","0","45","0","0","0","8","0","1"
"52","769","8","770","0","0","0","0","0","0","0","8","0","0"
"53","49","0","0","0","0","0","49","0","0","0","2","2","12"
"54","48","1","0","0","0","0","48","0","0","0","8","0","1"
"55","47","0","0","0","0","0","47","0","0","0","2","2","4"
"56","49","33","0","0","0","0","49","0","0","0","2","2","12"
"57","47","2081","0","0","0","0","0","0","0","0","3","2","12"
"58","7","1","0","0","0","0","0","0","0","0","8","0","0"
"59","32","1","0","0","0","0","32","0","0","0","8","0","1"
"60","50","1","0","0","0","0","50","0","0","0","8","0","1"
"61","51","1","0","0","0","0","51","0","0","0","8","0","1"
"62","52","1","1015","932","934","0","52","0","0","0","8","0","1"
"63","53","1","0","0","0","0","53","0","0","0","8","0","1"
"64","54","1","0","0","0","0","0","0","0","0","2","2","4"
"65","76","1","45","0","0","0","76","0","0","0","0","0","0"
"66","55","17","28","0","0","0","55","0","0","0","8","0","1"
"67","56","1","0","0","0","0","56","0","0","0","8","0","1"
"68","68","0","0","0","0","0","0","0","0","0","4","4","2"
"69","470","0","0","0","0","0","470","0","0","0","0","0","0"
"70","57","1","0","0","0","0","57","0","0","0","8","0","1"
"71","68","2081","0","0","0","0","0","0","0","0","5","4","10"
"72","58","1","0","0","0","0","58","0","0","0","8","0","1"
"73","669","1","0","0","0","0","669","0","0","0","8","0","1"
"74","60","1","289","0","0","0","60","0","0","0","8","0","1"
"76","61","33","0","0","0","0","61","0","0","0","0","2","4"
"77","62","0","0","0","0","0","0","0","0","0","8","0","0"
"78","63","0","0","0","0","0","0","0","0","0","8","0","1"
"79","69","2081","0","0","0","0","0","0","0","0","3","2","12"
"80","69","0","0","0","0","0","69","0","0","0","2","2","4"
"81","64","1025","0","0","0","0","64","0","0","0","8","0","1"
"82","65","1","0","0","0","0","65","0","0","0","8","0","1"
"83","66","33","0","0","0","0","0","0","0","0","4","4","2"
"84","189","33","0","0","0","0","0","0","0","0","2","2","4"
"85","76","2081","0","0","0","0","0","0","0","0","5","4","10"
"86","770","64","769","0","0","0","771","0","0","0","0","1","0"
"87","70","1","0","0","0","0","70","0","0","0","8","0","1"
"88","71","33","0","0","0","0","71","0","0","0","2","2","4"
"89","56","33","20","0","0","0","56","0","0","0","8","0","1"
"90","73","1","0","0","0","0","73","0","0","0","8","0","1"
"91","74","0","0","0","0","0","74","0","0","0","8","0","1"
"92","75","0","0","0","0","0","0","0","0","0","8","0","1"
"93","14","8","0","0","0","0","0","0","0","0","8","0","1"
"94","77","0","0","0","0","0","0","0","0","0","0","8","0"
"95","78","1","0","0","0","0","78","0","0","0","8","0","1"
"96","79","0","0","0","0","0","0","0","0","0","2","2","0"
"97","70","64","79","0","0","0","70","0","0","0","8","0","0"
"98","68","8","0","0","0","0","0","0","0","0","4","4","10"
"99","36","8","0","0","0","0","0","0","0","0","8","0","0"
"100","77","32","0","0","0","0","0","0","0","0","0","0","9"
"101","77","0","0","0","0","0","0","0","0","0","0","8","4"
"102","77","0","0","0","0","0","0","0","0","0","0","8","2"
"103","80","65","689","0","0","0","80","0","0","0","8","0","1"
"104","81","0","0","0","0","0","0","0","0","0","4","4","2"
"105","81","2081","0","0","0","0","0","0","0","0","5","4","10"
"106","66","33","0","0","0","0","0","0","0","0","4","4","10"
"107","33","0","0","0","0","0","0","0","0","0","8","0","1"
"108","70","64","79","0","0","0","70","0","0","0","0","0","0"
"109","110","1","0","0","0","0","110","111","0","0","8","0","1"
"110","110","33","85","0","0","0","110","0","0","0","8","0","1"
"111","85","1","0","0","0","0","85","111","0","0","8","0","1"
"112","85","33","110","0","0","0","85","111","0","0","8","0","1"
"113","40","2056","0","0","0","0","0","0","0","0","1","1","0"
"114","77","0","0","0","0","0","0","0","0","0","0","0","1"
"115","8","72","0","0","0","0","0","0","0","0","3","2","12"
"116","9","72","0","0","0","0","0","0","0","0","5","4","10"
"118","68","33","0","0","0","0","0","0","0","0","4","4","2"
"119","87","1","0","0","0","0","87","0","0","0","8","0","1"
"120","21","0","0","0","0","0","21","0","0","0","0","0","0"
"121","21","6177","0","0","0","0","21","0","0","0","1","0","8"
"122","47","33","0","0","0","0","0","0","0","0","2","2","4"
"123","72","33","0","0","0","0","0","0","0","0","2","2","4"
"124","69","33","0","0","0","0","0","0","0","0","2","2","4"
"125","76","33","0","0","0","0","0","0","0","0","4","4","2"
"126","530","0","0","0","0","0","0","0","0","0","4","4","2"
"127","35","32","0","0","0","0","0","0","0","0","0","0","1"
"128","88","1","0","0","0","0","88","0","0","0","8","0","1"
"129","89","1","0","0","0","0","89","0","0","0","8","0","1"
"130","90","1","0","0","0","0","90","0","0","0","8","0","1"
"131","91","1","0","0","0","0","91","0","0","0","8","0","1"
"132","92","1","0","0","0","0","92","0","0","0","8","0","1"
"133","93","1","0","0","0","0","93","0","0","0","8","0","1"
"134","94","1","0","0","0","0","94","0","0","0","8","0","1"
"149","108","1025","0","0","0","0","0","0","0","0","2","2","0"
"150","108","2081","0","0","0","0","0","0","0","0","3","2","12"
"151","108","0","0","0","0","0","0","0","0","0","2","0","4"
"152","109","1","40","0","0","0","109","111","0","0","8","0","1"
"153","109","0","0","0","0","0","109","111","0","0","8","0","0"
"154","111","1","0","0","0","0","109","85","111","110","8","0","1"
"168","128","0","0","0","0","0","0","0","0","0","0","0","1"
"188","148","1025","0","0","0","0","148","28","0","0","0","0","0"
"189","7","1024","0","0","0","0","0","0","0","0","0","0","0"
"190","148","0","0","0","0","0","0","0","0","0","0","0","0"
"208","168","5","0","0","0","0","168","0","0","0","2","2","0"
"209","168","2","0","0","0","0","168","0","0","0","2","2","0"
"210","189","33","0","0","0","0","189","0","0","0","2","2","12"
"230","573","1","0","0","0","0","573","0","0","0","8","0","1"
"231","40","2120","0","0","0","0","0","0","0","0","3","2","8"
"232","40","2120","0","0","0","0","0","0","0","0","5","4","8"
"233","20","33","68","0","0","0","20","0","0","0","8","0","1"
"250","40","2120","0","0","0","0","0","0","0","0","1","1","8"
"270","229","1","0","0","0","0","229","0","0","0","8","0","1"
"290","40","8","0","0","0","0","0","0","0","0","1","1","0"
"310","249","1","0","0","0","0","249","0","0","0","8","0","1"
"311","249","1","0","0","0","0","249","0","0","0","8","0","0"
"312","22","1","0","0","0","0","22","0","0","0","8","0","1"
"330","229","1","0","0","0","0","229","0","0","0","8","0","0"
"350","88","0","0","0","0","0","88","0","0","0","8","0","0"
"370","915","33","912","0","0","0","915","0","0","0","8","8","1"
"371","269","0","0","0","0","0","269","0","0","0","2","2","4"
"390","21","33","60","0","0","0","21","0","0","0","0","0","0"
"410","43","1","0","0","0","0","43","0","0","0","8","0","1"
"411","310","1","0","0","0","0","310","0","0","0","8","0","1"
"412","510","33","509","0","0","0","510","0","0","0","4","4","2"
"413","309","1","0","0","0","0","309","0","0","0","8","0","1"
"414","576","1","65","0","0","0","576","0","0","0","8","0","1"
"415","311","1","0","0","0","0","311","0","0","0","8","0","1"
"416","311","0","0","0","0","0","0","0","0","0","8","0","0"
"430","329","0","0","0","0","0","0","0","0","0","0","0","0"
"450","229","33","40","0","0","0","229","0","0","0","8","0","1"
"470","311","0","0","0","0","0","0","0","0","0","8","0","1"
"471","349","1","0","0","0","0","349","0","0","0","0","0","0"
"472","70","65","349","0","0","0","70","0","0","0","8","0","1"
"473","349","65","70","0","0","0","349","0","0","0","0","0","0"
"474","369","0","0","0","0","0","369","0","0","0","0","0","0"
"475","369","6177","0","0","0","0","369","0","0","0","1","0","8"
"494","389","32","53","0","0","0","389","0","0","0","8","0","1"
"495","40","2121","0","0","0","0","40","0","0","0","1","1","8"
"514","409","1","0","0","0","0","409","0","0","0","8","0","1"
"534","189","0","0","0","0","0","0","0","0","0","2","2","0"
"554","429","1","0","0","0","0","429","0","0","0","8","0","7"
"574","449","33","450","0","0","0","449","0","0","0","8","0","1"
"575","450","0","0","0","0","0","450","0","0","0","8","0","1"
"594","32","0","0","0","0","0","0","0","0","0","8","0","0"
"614","36","9","0","0","0","0","36","0","0","0","0","1","0"
"634","14","0","0","0","0","0","0","0","0","0","8","0","0"
"635","609","1","0","0","0","0","609","0","0","0","0","0","0"
"636","576","0","65","0","0","0","576","0","0","0","8","0","1"
"637","470","6177","0","0","0","0","470","0","0","0","1","0","8"
"654","82","1","0","0","0","0","82","0","0","0","8","0","1"
"655","90","9","0","0","0","0","90","0","0","0","8","0","5"
"674","48","1","0","0","0","0","48","0","0","0","0","0","0"
"694","189","0","0","0","0","0","189","0","0","0","2","2","4"
"695","749","1","0","0","0","0","749","0","0","0","0","0","0"
"714","66","33","0","0","0","0","0","0","0","0","4","4","0"
"734","48","1","0","0","0","0","48","0","0","0","1","1","0"
"735","489","0","0","0","0","0","489","0","0","0","1","1","0"
"736","489","1","0","0","0","0","489","0","0","0","8","0","1"
"754","48","65","34","0","0","0","48","0","0","0","8","0","1"
"774","40","8","0","0","0","0","0","0","0","0","3","2","0"
"775","40","8","0","0","0","0","0","0","0","0","5","4","0"
"776","910","0","249","80","0","0","910","531","0","0","0","0","0"
"777","912","33","915","0","0","0","912","0","0","0","1","1","0"
"778","511","1","0","0","0","0","511","0","0","0","8","0","1"
"794","529","0","0","0","0","0","529","0","0","0","1","0","0"
"795","572","1","0","0","0","0","572","0","0","0","8","0","1"
"814","529","1","0","0","0","0","529","0","0","0","1","0","0"
"834","74","1","0","0","0","0","74","0","0","0","8","0","1"
"854","577","6177","0","0","0","0","577","0","0","0","1","0","8"
"855","577","0","0","0","0","0","577","0","0","0","0","0","0"
"874","589","33","0","0","0","0","0","0","0","0","2","2","4"
"875","54","0","0","0","0","0","0","0","0","0","2","2","4"
"876","530","33","0","0","0","0","0","0","0","0","4","4","2"
"877","530","2081","0","0","0","0","0","0","0","0","5","4","10"
"894","108","0","0","0","0","0","108","0","0","0","2","2","4"
"914","679","0","0","0","0","0","0","0","0","0","0","0","0"
"934","575","0","0","0","0","0","575","0","0","0","8","0","1"
"954","73","0","0","0","0","0","73","0","0","0","8","0","1"
"974","20","0","0","0","0","0","20","0","0","0","8","0","1"
"994","609","0","0","0","0","0","609","0","0","0","0","0","0"
"995","81","33","0","0","0","0","0","0","0","0","4","4","2"
"996","609","33","249","0","0","0","609","0","0","0","1","0","8"
"1014","629","1","0","0","0","0","629","0","0","0","0","0","0"
"1015","629","0","0","0","0","0","629","0","0","0","0","0","0"
"1034","66","0","0","0","0","0","0","0","0","0","4","0","2"
"1054","189","2081","0","0","0","0","189","0","0","0","3","2","12"
"1055","189","33","0","0","0","0","189","0","0","0","2","2","4"
"1074","76","1","0","0","0","0","0","0","0","0","4","4","2"
"1075","108","1","0","0","0","0","108","0","0","0","2","2","4"
"1076","69","1","0","0","0","0","69","0","0","0","2","2","4"
"1077","108","33","0","0","0","0","108","0","0","0","2","2","4"
"1078","72","1","0","0","0","0","72","0","0","0","2","2","4"
"1080","31","8","74","0","0","0","31","649","0","0","0","1","0"
"1081","74","1","649","0","0","0","74","0","0","0","8","0","1"
"1094","23","1024","0","0","0","0","0","0","0","0","0","0","0"
"1096","108","2080","679","0","0","0","0","0","0","0","3","2","12"
"1097","69","32","0","0","0","0","0","0","0","0","2","2","4"
"1114","689","64","80","0","0","0","689","0","0","0","8","0","1"
"1134","68","2080","679","0","0","0","0","0","0","0","5","4","10"
"1174","76","73","0","0","0","0","0","0","0","0","4","4","2"
"1194","709","0","0","0","0","0","0","0","0","0","0","0","0"
"1214","729","33","730","0","0","0","729","0","0","0","5","4","10"
"1215","729","1","730","0","0","0","729","0","0","0","4","4","2"
"1216","730","33","729","0","0","0","730","0","0","0","3","2","12"
"1217","730","1","729","0","0","0","730","0","0","0","2","2","4"
"1234","750","33","749","0","0","0","750","0","0","0","8","0","1"
"1235","750","1","749","0","0","0","750","0","0","0","8","0","1"
"1236","750","0","749","0","0","0","750","0","0","0","8","0","1"
"1254","609","4129","0","0","0","0","609","0","0","0","1","0","8"
"1274","7","33","0","0","0","0","0","0","0","0","0","0","4"
"1275","7","33","0","0","0","0","0","0","0","0","0","0","2"
"1294","771","0","770","0","0","0","0","0","0","0","8","0","1"
"1314","66","65","0","0","0","0","0","0","0","0","4","4","2"
"1315","189","65","0","0","0","0","0","0","0","0","2","2","4"
"1334","730","0","729","0","0","0","730","0","0","0","2","2","4"
"1335","729","0","730","0","0","0","729","0","0","0","4","4","2"
"1354","809","0","0","0","0","0","809","0","0","0","0","0","0"
"1355","809","1","0","0","0","0","809","0","0","0","0","0","0"
"1374","829","1","0","0","0","0","38","0","0","0","8","0","1"
"1375","77","32","0","0","0","0","0","0","0","0","0","0","15"
"1394","80","33","689","47","0","0","80","0","0","0","8","0","1"
"1395","916","1","0","0","0","0","916","0","0","0","8","0","1"
"1414","790","0","0","0","0","0","0","0","0","0","0","0","4"
"1415","849","0","0","0","0","0","0","0","0","0","0","0","2"
"1434","869","1","0","0","0","0","869","0","0","0","8","0","1"
"1454","36","9","35","0","0","0","36","0","0","0","0","1","0"
"1474","59","1","0","0","0","0","59","0","0","0","0","0","0"
"1475","59","0","0","0","0","0","59","0","0","0","0","0","0"
"1494","66","0","0","0","0","0","66","0","0","0","4","4","2"
"1495","66","2081","0","0","0","0","66","0","0","0","5","4","10"
"1496","66","33","0","0","0","0","66","0","0","0","4","4","2"
"1514","890","33","0","0","0","0","0","0","0","0","2","2","4"
"1515","889","33","0","0","0","0","0","0","0","0","4","4","2"
"1534","730","33","729","0","0","0","730","0","0","0","2","2","4"
"1554","729","2120","0","0","0","0","0","0","0","0","5","4","8"
"1555","909","0","0","0","0","0","909","0","0","0","0","0","0"
"1574","270","0","0","0","0","0","270","0","0","0","0","0","0"
"1575","72","33","0","0","0","0","0","0","0","0","3","2","12"
"1576","269","33","0","0","0","0","269","0","0","0","2","2","4"
"1577","509","33","510","0","0","0","509","0","0","0","2","2","4"
"1594","69","33","0","0","0","0","0","0","0","0","3","2","12"
"1595","76","33","0","0","0","0","0","0","0","0","5","4","10"
"1598","510","0","509","0","0","0","510","0","0","0","4","4","2"
"1599","509","0","510","0","0","0","509","0","0","0","2","2","4"
"1600","69","33","0","0","0","0","0","0","0","0","2","2","8"
"1601","910","33","249","80","0","0","910","531","0","0","0","0","0"
"1602","911","33","0","0","0","0","0","0","0","0","4","4","2"
"1603","911","2081","0","0","0","0","0","0","0","0","5","4","10"
"1604","911","0","0","0","0","0","0","0","0","0","4","4","2"
"1605","531","0","0","0","0","0","531","0","0","0","0","0","1"
"1606","7","0","7","0","0","0","0","0","0","0","0","4","2"
"1608","609","73","249","0","0","0","609","0","0","0","1","0","8"
"1610","914","72","0","0","0","0","0","0","0","0","5","4","10"
"1611","47","65","916","0","0","0","0","0","0","0","3","2","4"
"1612","76","65","916","0","0","0","0","0","0","0","5","4","2"
"1613","912","0","915","0","0","0","912","0","0","0","1","1","0"
"1615","169","6177","0","0","0","0","169","0","0","0","1","0","8"
"1616","919","0","918","0","0","0","919","0","0","0","0","15","0"
"1617","918","64","919","0","0","0","918","0","0","0","0","0","1"
"1618","47","33","0","0","0","0","0","0","0","0","2","2","12"
"1619","76","33","0","0","0","0","0","0","0","0","4","4","10"
"1620","128","0","0","0","0","0","0","0","0","0","0","0","15"
"1621","921","0","920","0","0","0","0","0","0","0","2","0","4"
"1622","920","0","921","0","0","0","0","0","0","0","2","0","4"
"1623","922","0","0","0","0","0","0","0","0","0","4","4","2"
"1624","529","2115","0","0","0","0","529","0","0","0","1","0","8"
"1625","529","4129","0","0","0","0","529","0","0","0","1","0","8"
"1626","20","33","679","0","0","0","20","0","0","0","8","0","1"
"1627","923","33","0","0","0","0","0","0","0","0","4","4","2"
"1628","922","35","0","0","0","0","0","0","0","0","4","4","2"
"1629","927","72","0","0","0","0","0","0","0","0","3","2","12"
"1630","928","8229","14","148","0","0","928","20","0","0","8","0","7"
"1634","928","33","68","72","0","0","928","20","0","0","8","0","0"
"1635","169","6161","891","0","0","0","169","892","0","0","0","0","0"
"1636","923","1","0","0","0","0","0","0","0","0","4","4","2"
"1637","923","0","0","0","0","0","0","0","0","0","4","4","2"
"1638","930","0","0","0","0","0","0","0","0","0","2","2","4"
"1639","930","2081","0","0","0","0","0","0","0","0","3","2","12"
"1640","930","33","0","0","0","0","0","0","0","0","2","2","4"
"1641","889","1","0","0","0","0","0","0","0","0","4","4","2"
"1642","890","1","0","0","0","0","0","0","0","0","2","2","4"
"1643","937","1","0","0","0","0","937","0","0","0","8","0","1"
"1644","940","33","0","0","0","0","0","0","0","0","2","2","4"
"1645","940","2081","0","0","0","0","0","0","0","0","3","2","12"
"1648","940","0","0","0","0","0","72","0","0","0","2","2","4"
"1649","940","1","0","0","0","0","72","0","0","0","2","2","4"
"1650","941","2081","0","0","0","0","0","0","0","0","5","4","10"
"1651","941","33","28","0","0","0","0","0","0","0","4","4","2"
"1652","941","0","0","0","0","0","0","0","0","0","4","4","2"
"1653","941","1","0","0","0","0","0","0","0","0","4","4","2"
"1654","930","0","0","0","0","0","69","0","0","0","2","2","4"
"1655","930","1","0","0","0","0","69","0","0","0","2","2","4"
"1659","942","33","60","0","0","0","942","0","0","0","1","0","8"
"1660","942","0","0","0","0","0","942","0","0","0","1","0","8"
"1661","942","4129","0","0","0","0","942","0","0","0","1","0","8"
"1662","943","1","0","0","0","0","943","0","0","0","8","0","1"
"1663","944","289","945","0","0","0","944","0","0","0","8","0","1"
"1664","945","33","944","0","0","0","945","0","0","0","8","0","1"
"1665","31","2080","14","0","0","0","0","0","0","0","1","7","8"
"1666","946","2081","0","0","0","0","0","0","0","0","3","2","12"
"1667","946","1","0","0","0","0","72","0","0","0","2","2","4"
"1668","947","2081","0","0","0","0","0","0","0","0","5","4","10"
"1669","947","1","0","0","0","0","0","0","0","0","4","4","2"
"1670","947","33","0","0","0","0","0","0","0","0","4","4","2"
"1671","946","33","0","0","0","0","0","0","0","0","2","2","4"
"1672","949","64","952","0","0","0","949","0","0","0","1","7","0"
"1673","950","0","951","0","0","0","950","0","0","0","0","0","0"
"1674","953","0","951","0","0","0","950","953","0","0","0","15","0"
"1675","952","64","949","0","0","0","952","0","0","0","0","15","0"
"1676","954","0","0","0","0","0","954","0","0","0","0","15","0"
"1677","951","0","0","0","0","0","954","0","0","0","0","15","0"
"1678","956","1","0","0","0","0","956","0","0","0","8","0","1"
"1679","955","1","40","0","0","0","955","0","0","0","8","0","1"
"1680","74","37","957","0","0","0","74","0","0","0","0","1","0"
"1681","957","36","74","0","0","0","74","0","0","0","8","0","1"
"1682","958","32","958","0","0","0","0","0","0","0","0","0","0"
"1683","959","293","960","0","0","0","959","0","0","0","0","0","0"
"1684","960","293","959","0","0","0","960","0","0","0","0","0","0"
"1685","961","0","0","0","0","0","961","0","0","0","2","0","4"
"1686","961","33","962","0","0","0","961","0","0","0","2","2","4"
"1687","962","1","961","0","0","0","962","0","0","0","8","0","1"
"1688","963","32","964","0","0","0","963","0","0","0","0","1","0"
"1689","964","32","963","0","0","0","964","0","0","0","0","1","0"
"1690","963","0","964","0","0","0","963","0","0","0","0","1","0"
"1691","964","0","963","0","0","0","964","0","0","0","0","1","0"
"1692","965","161","966","0","0","0","965","0","0","0","8","8","1"
"1693","966","161","965","0","0","0","966","0","0","0","8","8","1"
"1694","930","1","0","0","0","0","0","0","0","0","2","2","4"
"1696","967","1","0","0","0","0","967","0","0","0","0","0","0"
"1697","943","1","946","947","0","0","943","0","0","0","8","0","1"
"1698","930","0","968","0","0","0","930","0","0","0","2","2","4"
"1699","930","1","968","0","0","0","930","0","0","0","2","2","4"
"1700","930","33","968","0","0","0","930","0","0","0","2","2","4"
"1701","968","33","930","0","0","0","968","0","0","0","8","0","7"
"1702","968","1","930","0","0","0","968","0","0","0","8","0","7"
"1704","943","1","679","0","0","0","943","0","0","0","8","0","1"
"1705","943","1","0","0","0","0","943","679","0","0","8","0","1"
"1706","971","33","970","0","0","0","971","0","0","0","8","0","1"
"1707","970","0","0","0","0","0","970","0","0","0","1","0","8"
"1708","970","1","0","0","0","0","970","0","0","0","1","0","8"
"1709","970","33","971","0","0","0","970","0","0","0","1","0","8"
"1710","942","1","0","0","0","0","942","0","0","0","1","0","8"
"1711","973","33","974","0","0","0","973","0","0","0","8","0","1"
"1712","974","1","0","0","0","0","974","0","0","0","8","0","1"
"1713","974","1024","0","0","0","0","974","0","0","0","8","0","1"
"1714","968","33","930","975","0","0","968","0","0","0","8","0","7"
"1715","975","17","0","0","0","0","975","0","0","0","8","0","1"
"1716","976","1024","0","0","0","0","976","0","0","0","0","1","8"
"1717","976","1","0","0","0","0","976","0","0","0","0","1","0"
"1718","976","33","977","0","0","0","976","0","0","0","0","1","0"
"1719","976","0","0","0","0","0","976","0","0","0","0","1","8"
"1720","977","32","976","0","0","0","977","0","0","0","8","0","1"
"1721","978","2081","0","0","0","0","978","0","0","0","3","2","12"
"1722","978","0","0","0","0","0","978","0","0","0","2","2","4"
"1723","978","1","0","0","0","0","978","0","0","0","2","2","4"
"1724","978","33","0","0","0","0","978","0","0","0","2","2","4"
"1725","979","1","0","0","0","0","469","67","0","0","0","7","8"
"1726","979","6177","0","0","0","0","469","67","0","0","0","7","0"
"1727","979","0","0","0","0","0","469","67","0","0","0","7","8"
"1728","942","2080","14","0","0","0","942","0","0","0","1","0","8"
"1729","947","0","0","0","0","0","0","0","0","0","4","4","2"
"1730","933","33","0","0","0","0","933","0","0","0","1","0","8"
"1731","933","0","0","0","0","0","933","0","0","0","1","0","8"
"1732","189","0","0","0","0","0","0","0","0","0","2","2","4"
"1733","189","1","0","0","0","0","0","0","0","0","2","2","4"
"1734","66","1","0","0","0","0","0","0","0","0","4","4","2"
"1735","66","0","0","0","0","0","0","0","0","0","4","4","2"
"1736","966","161","965","0","0","0","966","0","0","0","8","8","0"
"1737","946","0","0","0","0","0","72","0","0","0","2","2","4"
"1738","981","1","0","0","0","0","981","0","0","0","8","0","1"
"1739","982","0","0","0","0","0","982","0","0","0","0","0","1"
"1740","983","0","0","0","0","0","982","0","0","0","0","0","1"
"1741","935","0","0","0","0","0","935","0","0","0","1","0","8"
"1742","984","0","0","0","0","0","984","0","0","0","0","0","1"
"1743","932","0","0","0","0","0","932","0","0","0","0","0","0"
"1744","934","0","0","0","0","0","934","0","0","0","0","0","0"
"1745","911","33","679","0","0","0","0","0","0","0","4","4","2"
"1746","934","289","0","0","0","0","934","0","0","0","0","0","0"
"1747","985","2121","986","987","0","0","985","0","0","0","1","1","0"
"1748","986","33","985","0","0","0","986","0","0","0","8","0","1"
"1749","987","33","985","0","0","0","987","0","0","0","0","0","0"
"1750","988","1","0","0","0","0","14","0","0","0","8","0","1"
"1751","14","33","932","935","0","0","0","0","0","0","8","0","1"
"1752","993","33","991","992","943","529","993","0","0","0","8","0","7"
"1753","993","32","991","992","943","529","993","0","0","0","8","0","7"
"1754","993","96","991","992","943","529","993","0","0","0","8","0","7"
"1755","991","33","993","0","0","0","991","992","0","0","2","2","0"
"1756","991","1","993","0","0","0","991","992","0","0","2","2","0"
"1757","991","65","993","0","0","0","991","992","0","0","2","2","0"
"1758","992","33","993","0","0","0","992","991","0","0","4","4","0"
"1759","992","65","993","0","0","0","992","991","0","0","4","4","0"
"1760","992","1","993","0","0","0","992","991","0","0","4","4","0"
"1761","994","36","994","0","0","0","0","0","0","0","0","0","15"
"1762","995","36","996","997","998","994","0","0","0","0","0","0","7"
"1763","996","36","997","998","994","995","0","0","0","0","0","0","7"
"1764","997","36","998","994","995","996","0","0","0","0","0","0","7"
"1765","998","36","994","995","996","997","0","0","0","0","0","0","7"
"1766","529","2115","993","0","0","0","529","0","0","0","0","0","0"
"1767","529","2083","993","0","0","0","529","0","0","0","0","0","0"
"1768","73","33","14","529","0","0","73","0","0","0","0","0","15"
"1769","73","65","14","529","0","0","73","0","0","0","0","0","15"
"1770","959","293","960","0","0","0","959","0","0","0","0","1","0"
"1771","960","293","959","0","0","0","960","0","0","0","0","0","1"
"1772","999","17","968","0","0","0","999","0","0","0","8","0","1"
"1773","1000","0","0","0","0","0","1000","0","0","0","0","1","0"
"1774","31","0","1000","0","0","0","31","0","0","0","0","1","0"
"1775","935","6177","0","0","0","0","935","0","0","0","1","0","8"
"1776","932","4113","1010","0","0","0","932","0","0","0","0","0","0"
"1777","932","17","0","0","0","0","932","0","0","0","0","0","0"
"1778","990","0","0","0","0","0","990","0","0","0","0","0","0"
"1779","989","0","0","0","0","0","989","1491","0","0","0","0","0"
"1780","1001","33","929","0","0","0","1001","0","0","0","8","0","1"
"1781","929","33","1001","0","0","0","929","0","0","0","8","0","1"
"1782","1001","32","929","0","0","0","1001","0","0","0","8","0","1"
"1783","929","32","1001","0","0","0","929","0","0","0","8","0","1"
"1784","1001","1","929","0","0","0","1001","0","0","0","8","0","1"
"1787","14","33","994","0","0","0","14","0","0","0","8","0","1"
"1788","933","33","968","0","0","0","933","0","0","0","1","0","8"
"1789","968","33","933","0","0","0","968","0","0","0","8","0","7"
"1790","1001","289","929","0","0","0","1001","0","0","0","8","0","1"
"1791","929","289","1001","0","0","0","929","0","0","0","8","0","1"
"1792","943","33","0","0","0","0","943","0","0","0","8","0","1"
"1793","968","32","930","0","0","0","968","0","0","0","8","0","7"
"1794","1003","1","0","0","0","0","1003","0","0","0","0","1","0"
"1795","1003","33","956","0","0","0","1003","0","0","0","0","1","0"
"1796","956","33","1003","0","0","0","956","0","0","0","8","0","1"
"1797","1003","0","0","0","0","0","1003","0","0","0","0","1","0"
"1798","1004","33","0","0","0","0","968","1004","0","0","8","0","1"
"1799","1002","1","956","0","0","0","1002","0","0","0","8","0","1"
"1800","956","1","1002","0","0","0","956","0","0","0","8","0","1"
"1801","67","33","0","0","0","0","0","0","0","0","5","4","10"
"1802","469","33","0","0","0","0","0","0","0","0","3","2","12"
"1803","148","33","0","0","0","0","0","0","0","0","0","0","4"
"1804","148","33","0","0","0","0","0","0","0","0","0","0","2"
"1805","932","0","0","0","0","0","932","0","0","0","1","1","0"
"1806","1181","4097","0","0","0","0","1181","0","0","0","0","0","8"
"1807","1003","2121","0","0","0","0","1003","0","0","0","1","1","8"
"1808","1007","32","0","0","0","0","1007","0","0","0","8","0","1"
"1809","1009","32","0","0","0","0","1009","0","0","0","8","0","1"
"1810","1006","32","0","0","0","0","1006","0","0","0","8","0","1"
"1811","1008","32","0","0","0","0","1008","0","0","0","8","0","1"
"1812","31","4161","0","0","0","0","31","0","0","0","0","1","8"
"1813","1010","1","1023","0","0","0","1010","0","0","0","8","0","1"
"1814","966","32","965","0","0","0","966","0","0","0","8","8","1"
"1815","29","65","28","0","0","0","29","0","0","0","8","0","1"
"1816","31","1024","0","0","0","0","31","0","0","0","0","1","0"
"1818","1011","0","0","0","0","0","1011","0","0","0","0","0","0"
"1819","189","2081","73","0","0","0","0","0","0","0","2","2","12"
"1820","1012","33","0","0","0","0","1012","0","0","0","0","0","0"
"1821","1013","0","0","0","0","0","1013","0","0","0","0","1","0"
"1822","1014","0","0","0","0","0","1013","0","0","0","0","1","0"
"1823","956","32","0","0","0","0","956","0","0","0","8","0","1"
"1824","1015","33","0","0","0","0","1015","0","0","0","0","0","0"
"1825","73","73","14","529","0","0","73","0","0","0","0","0","15"
"1826","1010","33","73","1023","0","0","1010","0","0","0","8","0","1"
"1827","1016","1","0","0","0","0","1016","0","0","0","8","0","1"
"1828","1017","64","1016","0","0","0","1017","0","0","0","0","0","0"
"1829","1018","32","0","0","0","0","1018","14","0","0","0","1","0"
"1830","1019","32","0","0","0","0","1019","14","0","0","0","1","0"
"1831","1020","32","0","0","0","0","1020","14","0","0","0","1","0"
"1832","1021","32","0","0","0","0","1021","14","0","0","0","1","0"
"1833","1022","32","0","0","0","0","1022","14","0","0","0","1","0"
"1834","1023","73","14","1010","0","0","1023","0","0","0","0","0","15"
"1835","66","2081","73","0","0","0","0","0","0","0","4","4","10"
"1836","933","4129","0","0","0","0","933","0","0","0","1","0","8"
"1837","970","4129","971","0","0","0","970","0","0","0","1","0","8"
"1838","934","4385","1010","0","0","0","934","0","0","0","0","0","0"
"1839","1024","33","1025","0","0","0","1024","0","0","0","8","0","1"
"1840","1025","32","1024","0","0","0","1025","0","0","0","1","7","0"
"1841","1026","32","0","0","0","0","1026","0","0","0","0","1","0"
"1842","1027","0","0","0","0","0","0","0","0","0","0","0","1"
"1843","1010","65","932","934","1033","1012","1010","0","0","0","8","0","1"
"1844","932","17","1010","0","0","0","932","0","0","0","0","0","0"
"1845","934","289","1010","0","0","0","934","0","0","0","0","0","0"
"1846","1028","1","0","0","0","0","1028","0","0","0","8","0","1"
"1847","965","0","966","0","0","0","965","0","0","0","8","8","1"
"1848","966","0","965","0","0","0","966","0","0","0","8","8","1"
"1849","1010","32","1023","0","0","0","1010","0","0","0","8","0","1"
"1850","1015","33","52","0","0","0","1015","0","0","0","0","0","0"
"1851","1011","6177","0","0","0","0","1011","0","0","0","1","0","8"
"1852","1029","0","0","0","0","0","963","964","1029","0","0","1","0"
"1853","1010","33","932","934","0","0","1010","0","0","0","8","0","1"
"1854","932","17","1030","0","0","0","932","934","0","0","0","0","0"
"1855","934","289","1030","0","0","0","934","932","0","0","0","0","0"
"1856","1031","0","0","0","0","0","1031","0","0","0","1","0","0"
"1857","31","6177","0","0","0","0","1032","0","0","0","1","1","8"
"1858","1012","321","1030","0","0","0","932","934","1012","1033","0","1","0"
"1859","1033","321","1030","0","0","0","932","934","1012","1033","0","1","0"
"1860","1034","1","0","0","0","0","1034","0","0","0","0","1","0"
"1862","1035","1","0","0","0","0","1035","0","0","0","8","0","1"
"1863","52","4161","1015","1036","932","934","52","0","0","0","8","0","1"
"1864","1036","65","52","0","0","0","14","0","0","0","8","0","1"
"1865","52","1","0","0","0","0","52","0","0","0","8","0","1"
"1866","1012","65","1010","0","0","0","1012","0","0","0","1","0","0"
"1867","1033","328","1010","0","0","0","932","934","1012","1033","0","1","0"
"1868","966","161","965","0","0","0","966","0","0","0","0","1","0"
"1869","981","1","0","0","0","0","1035","0","0","0","8","0","0"
"1870","1031","4129","0","0","0","0","1031","0","0","0","1","0","0"
"1871","1035","65","0","0","0","0","1035","0","0","0","8","0","1"
"1872","1038","0","0","0","0","0","1038","0","0","0","1","0","0"
"1873","1024","33","0","0","0","0","1024","0","0","0","8","0","1"
"1874","1038","4097","0","0","0","0","1038","0","0","0","1","0","0"
"1875","932","17","52","0","0","0","932","0","0","0","0","0","0"
"1876","934","289","52","0","0","0","934","0","0","0","0","0","0"
"1877","52","33","1015","932","934","0","52","0","0","0","8","0","1"
"1878","1041","1","0","0","0","0","1041","0","0","0","8","0","1"
"1879","1042","33","1031","0","0","0","1042","0","0","0","8","0","1"
"1880","52","0","0","0","0","0","52","0","0","0","8","0","1"
"1881","1035","64","0","0","0","0","1035","0","0","0","8","0","1"
"1882","1010","72","1023","0","0","0","1010","0","0","0","8","0","1"
"1883","1044","33","0","0","0","0","1044","0","0","0","8","0","7"
"1884","1047","1","0","0","0","0","0","0","0","0","8","8","1"
"1885","1045","129","0","0","0","0","1045","0","0","0","8","0","1"
"1886","7","1","0","0","0","0","7","0","0","0","8","0","1"
"1887","7","1024","0","0","0","0","7","7","0","0","8","0","0"
"1888","1046","1","0","0","0","0","1046","0","0","0","8","8","1"
"1889","1833","0","31","14","73","0","1833","0","0","0","0","0","15"
"1890","1049","1","0","0","0","0","1049","0","0","0","8","0","1"
"1891","1050","2081","0","0","0","0","1050","0","0","0","3","2","4"
"1892","1050","0","0","0","0","0","1050","0","0","0","2","2","4"
"1893","1050","64","1045","0","0","0","1050","0","0","0","3","2","4"
"1894","1045","289","0","0","0","0","1045","0","0","0","8","0","1"
"1895","1045","32","1050","0","0","0","1045","0","0","0","8","0","1"
"1896","909","6177","0","0","0","0","909","0","0","0","1","1","8"
"1897","1067","65","1045","1050","0","0","1052","1067","0","0","4","4","2"
"1898","1050","73","1067","0","0","0","1050","0","0","0","2","2","4"
"1899","1050","72","1067","0","0","0","1050","0","0","0","2","2","4"
"1900","1067","64","1053","0","0","0","1052","1067","0","0","4","4","2"
"1901","1052","1","0","0","0","0","1052","0","0","0","4","4","2"
"1902","960","1","0","0","0","0","0","0","0","0","8","0","1"
"1905","1055","64","1054","0","0","0","1055","0","0","0","0","0","0"
"1906","1054","0","1055","0","0","0","1054","0","0","0","8","0","1"
"1907","949","0","949","0","0","0","948","0","0","0","1","0","8"
"1908","949","0","949","0","0","0","948","0","0","0","1","0","0"
"1909","42","1","14","0","0","0","42","0","0","0","0","0","9"
"1910","1056","0","0","0","0","0","1056","0","0","0","0","1","0"
"1911","1057","0","0","0","0","0","1057","0","0","0","0","1","0"
"1912","1058","0","0","0","0","0","1058","0","0","0","1","1","0"
"1913","1059","0","0","0","0","0","1059","0","0","0","0","7","0"
"1914","1045","32","1067","1085","0","0","1045","0","0","0","8","0","1"
"1915","1060","0","0","0","0","0","1060","0","0","0","0","0","0"
"1916","1033","72","1010","0","0","0","932","934","1012","1033","0","1","0"
"1917","7","1","0","0","0","0","7","0","0","0","0","0","1"
"1918","1052","64","679","0","0","0","1052","0","0","0","4","4","2"
"1919","1062","32","1063","0","0","0","1062","0","0","0","8","0","1"
"1920","1063","64","1062","0","0","0","1063","0","0","0","3","0","4"
"1921","1064","1","0","0","0","0","1064","0","0","0","0","4","2"
"1922","1064","0","0","0","0","0","1064","0","0","0","0","4","2"
"1923","1064","2113","0","0","0","0","1064","0","0","0","0","4","2"
"1924","1065","1","0","0","0","0","1065","0","0","0","8","0","1"
"1925","14","64","14","0","0","0","0","0","0","0","8","0","9"
"1926","1068","1","0","0","0","0","1068","0","0","0","2","0","4"
"1927","1068","0","0","0","0","0","1068","0","0","0","2","0","4"
"1928","1067","0","0","0","0","0","1067","1052","0","0","4","0","2"
"1929","1067","1","0","0","0","0","1067","1052","0","0","4","0","2"
"1930","1069","0","0","0","0","0","1069","0","0","0","0","0","0"
"1931","1070","0","0","0","0","0","1070","0","0","0","0","0","0"
"1932","74","32","14","0","0","0","74","0","0","0","0","0","15"
"1933","31","0","0","0","0","0","31","0","0","0","0","4","0"
"1934","959","293","960","0","0","0","959","0","0","0","2","2","4"
"1935","959","293","960","0","0","0","959","0","0","0","4","4","2"
"1936","1071","0","0","0","0","0","0","0","0","0","0","0","0"
"1942","1071","0","0","0","0","0","960","0","0","0","0","0","0"
"1945","1071","8191","0","0","0","0","1071","551","189","0","15","15","15"
"1948","921","8191","469","0","0","0","921","0","0","0","1","2","1"
"1949","1073","33","1046","0","0","0","1073","0","0","0","0","0","0"
"1950","1073","33","0","0","0","0","1073","0","0","0","0","0","0"
"1951","69","33","22","29","0","0","69","0","0","0","2","2","12"
"1952","1074","0","0","0","0","0","1074","0","0","0","0","1","0"
"1953","973","65","974","0","0","0","973","0","0","0","8","0","1"
"1954","1076","129","0","0","0","0","1076","0","0","0","8","0","1"
"1955","1076","128","0","0","0","0","1076","0","0","0","8","0","1"
"1956","1077","1","0","0","0","0","1077","0","0","0","1","0","0"
"1958","1833","0","73","0","0","0","1833","0","0","0","0","0","0"
"1959","960","293","959","0","0","0","960","0","0","0","0","1","0"
"1960","1077","4113","0","0","0","0","1077","0","0","0","1","0","0"
"1961","1078","72","1078","0","0","0","0","0","0","0","0","15","0"
"1962","20","32","73","0","0","0","20","0","0","0","8","0","1"
"1963","73","33","20","0","0","0","73","0","0","0","8","0","1"
"1964","20","33","73","0","0","0","20","0","0","0","8","0","1"
"1965","965","160","966","0","0","0","965","0","0","0","8","8","1"
"1966","19","65","60","0","0","0","19","0","0","0","8","0","0"
"1967","1077","0","1077","0","0","0","0","0","0","0","1","0","0"
"1968","1079","64","19","0","0","0","1079","0","0","0","0","0","8"
"1969","19","65","1079","0","0","0","19","0","0","0","8","0","1"
"1970","14","64","1079","0","0","0","14","0","0","0","8","0","1"
"1971","1080","1","0","0","0","0","1080","0","0","0","0","1","0"
"1972","1081","0","0","0","0","0","0","0","0","0","0","0","0"
"1973","1050","1","0","0","0","0","1050","0","0","0","3","2","4"
"1974","1050","65","1084","20","0","0","1050","0","0","0","2","2","4"
"1975","20","33","1050","0","0","0","20","0","0","0","8","0","7"
"1976","1050","33","679","0","0","0","1050","0","0","0","3","2","4"
"1977","1050","0","1050","0","0","0","0","0","0","0","3","2","4"
"1978","1085","1","0","0","0","0","1085","0","0","0","4","0","2"
"1979","1085","33","0","0","0","0","1085","0","0","0","4","0","2"
"1980","1085","33","20","0","0","0","1085","0","0","0","4","0","2"
"1981","1085","0","0","0","0","0","1085","0","0","0","4","0","2"
"1982","20","33","1085","0","0","0","20","0","0","0","8","0","1"
"1983","965","65","966","0","0","0","965","0","0","0","8","8","1"
"1984","966","65","965","0","0","0","966","0","0","0","8","8","1"
"1985","14","33","20","0","0","0","14","0","0","0","8","0","1"
"1986","40","2121","1057","1058","1056","0","40","0","0","0","1","1","8"
"1987","942","65","1086","0","0","0","942","148","0","0","1","0","0"
"1988","20","32","1050","0","0","0","20","0","0","0","8","0","7"
"1989","1086","65","148","942","0","0","1086","0","0","0","8","0","1"
"1990","148","65","0","0","0","0","148","942","0","0","8","0","1"
"1991","20","69","14","148","0","0","928","20","0","0","0","0","7"
"1992","14","64","14","0","0","0","0","0","0","0","0","0","9"
"1993","965","160","966","0","0","0","965","0","0","0","2","2","4"
"1994","966","32","965","0","0","0","966","0","0","0","2","2","4"
"1995","1059","0","0","0","0","0","1059","0","0","0","0","5","2"
"1997","1059","0","0","0","0","0","1059","0","0","0","0","3","4"
"1998","1087","129","0","0","0","0","1087","0","0","0","8","0","1"
"1999","974","1024","0","0","0","0","974","0","0","0","0","0","0"
"2000","974","1","0","0","0","0","974","0","0","0","8","0","0"
"2001","1088","65","1089","0","0","0","1088","0","0","0","8","8","1"
"2003","1089","65","1088","0","0","0","1089","0","0","0","8","8","1"
"2004","1050","64","20","0","0","0","1050","0","0","0","3","2","4"
"2006","1090","1","0","0","0","0","1090","0","0","0","0","0","0"
"2007","1090","0","0","0","0","0","1090","0","0","0","0","0","0"
"2008","1090","4097","0","0","0","0","1090","0","0","0","0","0","0"
"2009","1090","6145","0","0","0","0","1090","0","0","0","1","0","0"
"2010","1091","0","0","0","0","0","1091","0","0","0","0","0","0"
"2011","1091","1","0","0","0","0","1091","0","0","0","0","0","0"
"2012","1091","4097","0","0","0","0","1091","0","0","0","0","0","0"
"2013","1091","6145","0","0","0","0","1091","0","0","0","0","0","0"
"2014","1092","1","0","0","0","0","1092","0","0","0","0","0","0"
"2016","1092","65","20","0","0","0","1092","0","0","0","0","0","0"
"2017","1092","0","0","0","0","0","1092","0","0","0","0","0","0"
"2018","20","65","1092","0","0","0","20","0","0","0","8","0","7"
"2019","1064","65","20","0","0","0","1064","0","0","0","0","4","2"
"2020","1085","0","0","0","0","0","1085","0","0","0","4","4","2"
"2021","1082","0","0","0","0","0","1082","0","0","0","3","2","4"
"2022","14","72","0","0","0","0","14","0","0","0","8","0","1"
"2023","928","8229","14","148","0","0","928","20","0","0","9","0","6"
"2024","1067","2081","0","0","0","0","1067","0","0","0","5","0","2"
"2025","1094","1","67","0","0","0","1094","0","0","0","3","2","4"
"2026","1094","33","67","0","0","0","1094","0","0","0","3","2","4"
"2027","1094","0","67","0","0","0","1094","0","0","0","3","2","4"
"2028","148","512","0","0","0","0","0","0","0","0","0","1","0"
"2029","973","32","974","28","0","0","973","0","0","0","8","0","1"
"2031","66","33","0","0","0","0","148","0","0","0","4","4","0"
"2032","1095","33","0","0","0","0","1095","0","0","0","0","2","4"
"2033","14","0","56","0","0","0","0","0","0","0","8","0","1"
"2034","1085","33","1095","0","0","0","1085","0","0","0","4","0","2"
"2035","20","65","31","0","0","0","20","0","0","0","8","0","7"
"2036","31","0","20","0","0","0","31","0","0","0","0","1","8"
"2037","1050","73","148","0","0","0","1050","0","0","0","2","2","4"
"2038","148","64","1050","0","0","0","148","0","0","0","8","0","0"
"2039","14","33","1050","0","0","0","14","0","0","0","8","0","1"
"2040","1050","64","14","0","0","0","1050","0","0","0","3","2","4"
"2041","1091","65","20","0","0","0","1091","0","0","0","0","0","0"
"2042","20","65","1091","0","0","0","20","0","0","0","8","0","7"
"2043","20","33","1050","1085","0","0","20","0","0","0","8","0","7"
"2044","1050","65","20","0","0","0","1050","0","0","0","1","2","4"
"2045","1085","33","20","0","0","0","1085","0","0","0","0","4","2"
"2046","40","72","0","0","0","0","0","0","0","0","5","4","8"
"2047","1073","32","965","0","0","0","0","0","0","0","0","0","0"
"2048","928","0","0","0","0","0","928","20","0","0","8","0","0"
"2049","928","8","0","0","0","0","928","20","0","0","0","0","0"
"2050","1098","0","0","0","0","0","1098","0","0","0","1","0","0"
"2051","1098","6177","0","0","0","0","1098","0","0","0","1","0","0"
"2052","1099","33","1050","1085","1101","1100","1099","0","0","0","8","1","0"
"2053","1100","65","20","1099","0","0","1100","0","0","0","1","6","0"
"2054","1101","33","20","1099","0","0","1101","0","0","0","0","6","0"
"2055","965","160","966","0","0","0","965","0","0","0","4","4","2"
"2056","966","32","965","0","0","0","966","0","0","0","4","4","2"
"2057","1066","1","0","0","0","0","1066","0","0","0","8","0","1"
"2058","1102","0","0","0","0","0","1102","0","0","0","0","7","0"
"2059","1103","0","0","0","0","0","1103","0","0","0","0","7","0"
"2060","1104","0","0","0","0","0","1104","0","0","0","0","0","0"
"2061","1104","65","1105","0","0","0","1104","0","0","0","0","0","0"
"2062","1104","6177","1105","0","0","0","1104","0","0","0","0","0","0"
"2063","1105","0","0","0","0","0","1105","0","0","0","0","0","0"
"2064","1105","65","1104","0","0","0","1105","0","0","0","0","0","0"
"2065","1105","1","14","0","0","0","1105","0","0","0","0","0","0"
"2066","1105","6177","1104","0","0","0","1105","0","0","0","0","0","0"
"2067","1091","65","14","0","0","0","1091","0","0","0","0","0","8"
"2068","20","33","1107","1106","959","0","20","0","0","0","8","0","7"
"2069","1107","33","1106","20","0","0","1107","0","0","0","8","0","7"
"2070","1106","0","0","0","0","0","1106","0","0","0","0","0","0"
"2071","1106","1","0","0","0","0","1106","0","0","0","0","0","0"
"2072","1106","6145","0","0","0","0","1106","0","0","0","0","0","0"
"2073","1106","33","1107","20","0","0","1106","0","0","0","0","0","0"
"2074","73","33","1833","0","0","0","73","0","0","0","0","0","15"
"2075","1110","33","1108","0","0","0","1110","0","0","0","8","0","1"
"2076","1108","33","1110","1109","0","0","1108","0","0","0","0","1","0"
"2077","1108","65","1110","1109","0","0","1108","0","0","0","0","1","0"
"2078","1109","0","0","0","0","0","1109","0","0","0","0","0","0"
"2080","20","65","1111","0","0","0","20","0","0","0","8","0","7"
"2081","1111","32","20","0","0","0","1111","0","0","0","0","1","0"
"2082","20","0","0","0","0","0","20","0","0","0","0","1","0"
"2083","20","1","0","0","0","0","20","0","0","0","0","1","0"
"2084","20","33","529","56","0","0","20","0","0","0","0","1","0"
"2085","20","2081","529","56","0","0","20","0","0","0","0","1","0"
"2086","529","0","0","0","0","0","529","0","0","0","8","0","1"
"2087","529","1","0","0","0","0","529","0","0","0","8","0","1"
"2088","960","33","20","56","0","0","960","0","0","0","0","0","1"
"2089","56","65","20","529","0","0","56","0","0","0","8","0","1"
"2090","1112","0","0","0","0","0","1112","0","0","0","2","0","0"
"2091","1113","0","0","0","0","0","1113","0","0","0","4","0","0"
"2092","1114","0","0","0","0","0","1114","0","0","0","0","1","0"
"2093","20","0","959","0","0","0","20","0","0","0","0","1","0"
"2095","56","0","20","529","0","0","56","0","0","0","8","0","1"
"2096","56","0","20","529","0","0","56","0","0","0","0","0","0"
"2098","1116","33","1115","0","0","0","1116","0","0","0","8","0","1"
"2099","1115","33","1116","0","0","0","1115","0","0","0","8","0","1"
"2100","20","65","529","56","0","0","20","0","0","0","0","1","8"
"2101","960","36","959","0","0","0","960","0","0","0","0","1","0"
"2102","960","36","959","0","0","0","960","0","0","0","0","0","1"
"2103","56","64","20","529","0","0","56","0","0","0","8","0","1"
"2104","965","160","966","0","0","0","965","0","0","0","1","1","0"
"2105","966","32","965","0","0","0","966","0","0","0","1","1","0"
"2106","148","17","28","0","0","0","148","0","0","0","8","0","1"
"2107","1119","33","1120","1121","0","0","1119","0","0","0","8","0","0"
"2108","1120","33","1119","0","0","0","1120","0","0","0","8","0","1"
"2109","1121","129","0","0","0","0","1121","0","0","0","8","0","1"
"2110","31","65","0","0","0","0","31","0","0","0","0","1","8"
"2111","14","33","31","0","0","0","14","0","0","0","8","0","1"
"2112","1119","33","1121","0","0","0","1119","0","0","0","8","0","0"
"2113","1121","161","1119","0","0","0","1121","0","0","0","8","0","1"
"2114","1045","129","0","0","0","0","1045","20","0","0","8","0","1"
"2115","959","33","1107","20","0","0","959","0","0","0","0","1","8"
"2116","1045","0","0","0","0","0","1045","0","0","0","8","0","1"
"2117","959","32","1107","20","0","0","959","0","0","0","0","1","8"
"2118","1122","33","1120","0","0","0","1122","0","0","0","0","1","0"
"2119","1123","1","0","0","0","0","965","966","1123","0","8","0","1"
"2120","1123","0","0","0","0","0","965","966","1123","0","8","0","1"
"2121","1124","1","0","0","0","0","1124","0","0","0","4","4","2"
"2122","1124","129","0","0","0","0","1124","0","0","0","4","4","2"
"2123","1124","0","0","0","0","0","1124","0","0","0","4","4","2"
"2124","14","33","1119","0","0","0","14","0","0","0","8","0","1"
"2125","1121","161","148","0","0","0","1121","0","0","0","8","0","1"
"2126","1121","129","148","0","0","0","1121","0","0","0","8","0","1"
"2127","148","1","1121","0","0","0","148","0","0","0","0","0","0"
"2128","1125","33","1125","0","0","0","1125","0","0","0","0","1","0"
"2129","1124","2177","0","0","0","0","1124","0","0","0","4","4","10"
"2130","1094","2081","67","0","0","0","1094","0","0","0","3","2","12"
"2131","1106","73","1107","20","0","0","1106","0","0","0","0","0","0"
"2132","1085","2081","0","0","0","0","1085","0","0","0","5","4","2"
"2133","1121","32","1119","0","0","0","1121","0","0","0","8","0","1"
"2134","1106","8","20","0","0","0","1106","0","0","0","0","0","0"
"2135","31","4097","0","0","0","0","31","0","0","0","0","1","0"
"2136","148","1","0","0","0","0","148","0","0","0","0","0","0"
"2137","31","65","148","0","0","0","31","0","0","0","0","1","0"
"2138","1106","32","1107","20","0","0","1106","0","0","0","0","0","0"
"2139","928","0","68","72","0","0","928","20","0","0","8","0","1"
"2140","31","65","20","0","0","0","31","0","0","0","0","1","0"
"2141","31","2113","0","0","0","0","31","0","0","0","0","1","8"
"2142","469","73","0","0","0","0","0","0","0","0","3","2","12"
"2143","1050","73","1085","0","0","0","1050","0","0","0","2","2","4"
"2144","1098","32","20","0","0","0","1098","0","0","0","1","0","0"
"2145","928","8224","14","148","0","0","928","20","0","0","8","0","7"
"2146","1128","1","0","0","0","0","1128","0","0","0","8","0","1"
"2147","1128","0","0","0","0","0","1128","0","0","0","8","0","1"
"2148","1073","6177","0","0","0","0","1073","0","0","0","0","0","0"
"2149","1129","65","1089","0","0","0","1129","0","0","0","0","0","0"
"2150","966","8224","965","0","0","0","0","0","0","0","8","8","1"
"2151","1130","1","0","0","0","0","1130","0","0","0","8","0","1"
"2152","1130","1024","0","0","0","0","1130","0","0","0","0","0","0"
"2153","1132","1","0","0","0","0","1132","0","0","0","8","0","1"
"2154","1131","1","0","0","0","0","1131","0","0","0","8","0","1"
"2155","47","1","0","0","0","0","47","0","0","0","2","2","4"
"2156","973","65","0","0","0","0","973","0","0","0","0","0","0"
"2157","1131","65","28","0","0","0","1131","0","0","0","8","0","1"
"2158","1131","1024","28","0","0","0","1131","0","0","0","8","0","0"
"2159","1133","0","0","0","0","0","1133","0","0","0","4","4","2"
"2161","1133","2081","0","0","0","0","1133","0","0","0","5","4","10"
"2162","1133","32","0","0","0","0","1133","0","0","0","4","4","2"
"2163","1134","0","0","0","0","0","1134","0","0","0","2","2","4"
"2164","1134","1","0","0","0","0","1134","0","0","0","2","2","4"
"2165","1134","2113","0","0","0","0","1134","0","0","0","3","2","12"
"2166","1134","33","0","0","0","0","1134","0","0","0","2","2","4"
"2167","1135","0","0","0","0","0","1135","0","0","0","0","0","0"
"2168","1135","257","0","0","0","0","1135","0","0","0","0","0","0"
"2169","889","0","0","0","0","0","0","0","0","0","4","4","2"
"2170","74","33","31","0","0","0","74","0","0","0","8","0","1"
"2171","31","65","74","0","0","0","31","0","0","0","0","1","0"
"2172","890","0","0","0","0","0","0","0","0","0","2","2","4"
"2173","1134","2081","24","0","0","0","1134","0","0","0","3","2","12"
"2174","24","32","1134","0","0","0","24","0","0","0","8","0","0"
"2175","973","33","974","69","0","0","973","0","0","0","8","0","1"
"2176","959","2341","960","0","0","0","959","0","0","0","4","4","2"
"2178","959","2341","960","0","0","0","959","0","0","0","2","2","4"
"2179","24","32","1134","0","0","0","24","0","0","0","8","0","1"
"2180","31","64","60","0","0","0","31","0","0","0","1","7","0"
"2181","31","64","60","0","0","0","31","0","0","0","0","0","0"
"2182","1134","2113","24","0","0","0","1134","0","0","0","3","2","12"
"2183","1143","0","0","0","0","0","1143","0","0","0","8","0","1"
"2184","1142","0","0","0","0","0","1142","0","0","0","8","0","1"
"2185","31","65","1142","0","0","0","31","0","0","0","1","7","0"
"2186","1144","8224","0","0","0","0","1144","0","0","0","8","0","15"
"2187","1144","8192","0","0","0","0","1144","0","0","0","8","0","15"
"2189","1145","8224","0","0","0","0","1145","0","0","0","8","0","15"
"2190","1145","8225","0","0","0","0","1145","0","0","0","0","0","15"
"2191","1145","8192","0","0","0","0","1145","0","0","0","8","0","15"
"2200","973","65","974","28","0","0","973","0","0","0","0","0","0"
"2201","66","32","0","0","0","0","0","0","0","0","4","4","2"
"2202","72","32","0","0","0","0","0","0","0","0","2","2","4"
"2203","1153","72","0","0","0","0","0","0","0","0","3","2","12"
"2204","1152","72","0","0","0","0","0","0","0","0","5","4","10"
"2205","60","0","289","0","0","0","60","0","0","0","8","0","1"
"2206","14","0","60","0","0","0","0","0","0","0","8","0","1"
"2207","1134","32","14","0","0","0","1134","0","0","0","2","2","4"
"2208","14","32","1134","0","0","0","0","0","0","0","8","0","1"
"2209","20","65","1098","1106","0","0","20","0","0","0","8","0","7"
"2210","911","0","0","0","0","0","0","0","0","0","4","7","0"
"2211","76","32","0","0","0","0","0","0","0","0","4","4","2"
"2212","20","64","1098","1106","0","0","20","0","0","0","8","0","7"
"2213","68","32","0","0","0","0","0","0","0","0","4","4","2"
"2214","1098","64","20","0","0","0","1098","529","0","0","1","6","0"
"2215","530","32","7","0","0","0","0","0","0","0","4","4","2"
"2216","1156","0","0","0","0","0","1106","1156","1098","0","0","0","0"
"2217","1156","1","0","0","0","0","1106","1156","1098","0","0","0","0"
"2218","1156","33","20","0","0","0","1106","1156","1098","0","0","0","0"
"2219","1156","6177","20","0","0","0","1106","1156","1098","0","0","0","0"
"2220","60","0","0","0","0","0","60","0","0","0","8","0","0"
"2221","60","129","0","0","0","0","60","0","0","0","8","0","0"
"2222","60","145","530","0","0","0","60","0","0","0","8","0","0"
"2223","530","33","60","0","0","0","0","0","0","0","4","4","2"
"2224","60","144","530","0","0","0","60","0","0","0","8","0","1"
"2225","530","32","60","0","0","0","0","0","0","0","4","4","2"
"2226","1098","65","20","0","0","0","1098","529","0","0","1","6","0"
"2227","1133","0","1157","0","0","0","1133","0","0","0","4","4","2"
"2228","1157","16","1133","0","0","0","1157","0","0","0","8","0","1"
"2229","1157","145","1133","0","0","0","1157","0","0","0","8","0","1"
"2230","1106","72","1107","20","0","0","1106","0","0","0","0","0","0"
"2231","1133","129","1157","0","0","0","1133","0","0","0","4","4","2"
"2232","74","33","1158","0","0","0","74","1128","0","0","8","0","1"
"2233","1158","33","1128","74","977","0","1158","0","0","0","1","0","8"
"2234","74","32","1158","0","0","0","74","1128","0","0","8","0","1"
"2235","1160","0","0","0","0","0","1160","0","0","0","0","5","2"
"2236","1159","0","0","0","0","0","1159","0","0","0","0","3","4"
"2237","31","65","56","0","0","0","31","0","0","0","0","1","0"
"2238","76","32","14","0","0","0","0","0","0","0","4","4","2"
"2239","76","0","14","0","0","0","0","0","0","0","4","4","2"
"2240","369","4129","0","0","0","0","369","0","0","0","1","0","8"
"2241","1135","289","60","0","0","0","1135","0","0","0","0","0","0"
"2242","60","144","1135","0","0","0","60","0","0","0","8","0","1"
"2243","60","145","1135","0","0","0","60","0","0","0","8","0","1"
"2244","959","260","960","0","0","0","959","0","0","0","0","1","0"
"2245","960","4","959","0","0","0","960","0","0","0","0","0","1"
"2246","1161","32","81","69","0","0","1161","0","0","0","8","0","1"
"2247","1161","33","81","69","0","0","1161","0","0","0","8","0","1"
"2248","81","33","1161","0","0","0","0","0","0","0","4","4","2"
"2249","81","32","1161","0","0","0","0","0","0","0","4","4","2"
"2250","69","33","1161","0","0","0","0","0","0","0","2","2","4"
"2251","69","32","1161","0","0","0","0","0","0","0","2","2","4"
"2252","1158","0","977","0","0","0","1158","0","0","0","1","0","8"
"2253","1128","32","1158","0","0","0","74","1128","0","0","8","0","1"
"2254","1128","33","1158","0","0","0","74","1128","0","0","8","0","1"
"2255","1135","288","60","0","0","0","1135","0","0","0","0","0","0"
"2256","1135","288","14","0","0","0","1135","0","0","0","0","0","0"
"2257","14","144","1135","0","0","0","14","0","0","0","8","0","1"
"2258","573","0","0","0","0","0","573","0","0","0","8","0","1"
"2259","54","33","0","0","0","0","0","0","0","0","2","2","4"
"2260","973","33","14","0","0","0","973","0","0","0","8","0","1"
"2261","469","32","0","0","0","0","0","0","0","0","3","2","12"
"2262","14","65","0","0","0","0","14","0","0","0","8","0","3"
"2263","959","36","960","0","0","0","959","0","0","0","0","1","0"
"2264","33","32","47","0","0","0","33","0","0","0","8","0","3"
"2265","76","73","1161","0","0","0","0","0","0","0","4","4","2"
"2266","1161","33","81","69","76","0","1161","0","0","0","8","0","1"
"2267","76","73","4","14","0","0","0","0","0","0","4","4","10"
"2268","76","32","0","0","0","0","0","0","0","0","5","4","10"
"2269","1135","4129","0","0","0","0","469","67","0","0","0","7","0"
"2270","48","64","47","0","0","0","48","0","0","0","8","0","1"
"2271","47","64","48","0","0","0","0","0","0","0","3","2","4"
"2272","80","65","689","52","0","0","80","0","0","0","8","0","1"
"2273","52","33","80","0","0","0","52","0","0","0","8","0","3"
"2274","69","33","52","0","0","0","0","0","0","0","2","2","4"
"2275","60","145","0","0","0","0","60","0","0","0","8","0","7"
"2276","60","144","1115","0","0","0","60","0","0","0","8","0","1"
"2277","60","145","1115","0","0","0","60","0","0","0","8","0","1"
"2278","1115","33","60","0","0","0","1115","0","0","0","0","0","0"
"2279","1115","32","60","0","0","0","1115","0","0","0","0","0","0"
"2280","7","0","7","0","0","0","0","0","0","0","0","0","0"
"2281","1171","0","0","0","0","0","1171","0","0","0","0","0","0"
"2282","1171","1","0","0","0","0","1171","0","0","0","0","0","0"
"2283","1171","32","14","0","0","0","1171","0","0","0","0","0","0"
"2284","1171","33","0","0","0","0","1171","0","0","0","0","0","0"
"2285","1171","32","1128","0","0","0","1171","0","0","0","0","0","0"
"2286","1171","33","1128","0","0","0","1171","0","0","0","0","0","0"
"2287","1171","33","1135","0","0","0","1171","0","0","0","0","0","0"
"2288","1171","32","1135","0","0","0","1171","0","0","0","0","0","0"
"2289","1135","288","1171","0","0","0","1135","0","0","0","0","0","0"
"2290","1135","289","1171","0","0","0","1135","0","0","0","0","0","0"
"2291","1128","32","1171","1135","0","0","74","1128","0","0","8","0","1"
"2292","1128","33","1171","1135","0","0","74","1128","0","0","8","0","1"
"2293","66","32","0","0","0","0","66","0","0","0","4","4","2"
"2294","189","32","0","0","0","0","189","0","0","0","2","2","4"
"2295","72","32","60","0","0","0","0","0","0","0","2","2","4"
"2296","14","32","0","0","0","0","14","0","0","0","8","0","7"
"2297","1128","32","14","0","0","0","1128","0","0","0","8","0","1"
"2298","14","144","1128","0","0","0","14","0","0","0","8","0","1"
"2299","31","6209","0","0","0","0","31","0","0","0","0","1","8"
"2300","54","32","14","0","0","0","0","0","0","0","2","2","4"
"2301","189","32","14","0","0","0","189","0","0","0","2","2","4"
"2302","189","4","0","0","0","0","189","0","0","0","2","2","4"
"2303","52","33","1172","0","0","0","52","0","0","0","8","0","1"
"2304","52","32","1172","0","0","0","52","0","0","0","8","0","1"
"2305","1172","0","0","0","0","0","1172","0","0","0","4","0","0"
"2306","1172","1","0","0","0","0","1172","0","0","0","4","0","0"
"2307","1172","32","52","0","0","0","1172","0","0","0","4","0","0"
"2308","1172","32","52","0","0","0","1172","0","0","0","4","0","2"
"2309","1158","4129","977","0","0","0","1158","0","0","0","1","0","8"
"2310","1171","32","32","0","0","0","1171","0","0","0","0","0","0"
"2311","1171","33","32","0","0","0","1171","0","0","0","0","0","0"
"2312","32","33","1171","0","0","0","32","0","0","0","8","0","1"
"2313","34","33","72","0","0","0","34","0","0","0","8","0","1"
"2314","76","32","0","0","0","0","0","0","0","0","4","4","10"
"2316","72","32","0","0","0","0","0","0","0","0","3","2","12"
"2317","1135","288","1128","0","0","0","1135","0","0","0","0","0","0"
"2318","1135","289","1128","0","0","0","1135","0","0","0","0","0","0"
"2319","65","0","0","0","0","0","65","0","0","0","8","0","1"
"2320","1106","73","148","0","0","0","1106","0","0","0","0","0","0"
"2321","72","2080","0","0","0","0","0","0","0","0","3","2","12"
"2322","76","2080","0","0","0","0","0","0","0","0","5","4","10"
"2323","1135","289","14","0","0","0","1135","0","0","0","0","0","0"
"2324","14","145","1135","0","0","0","14","0","0","0","8","0","1"
"2325","1128","32","50","0","0","0","1128","0","0","0","8","0","7"
"2326","1128","33","50","0","0","0","1128","0","0","0","8","0","7"
"2327","50","1","0","0","0","0","50","0","0","0","0","1","0"
"2328","50","33","1128","0","0","0","50","0","0","0","0","1","0"
"2330","50","0","0","0","0","0","50","0","0","0","0","1","0"
"2331","1173","0","0","0","0","0","1173","0","0","0","0","0","0"
"2332","1173","1","0","0","0","0","1173","0","0","0","0","0","0"
"2333","1173","17","0","0","0","0","1173","0","0","0","0","0","8"
"2334","14","64","1173","1065","0","0","14","0","0","0","8","0","1"
"2335","169","0","0","0","0","0","21","577","369","0","1","0","0"
"2336","1174","32","1128","0","0","0","1174","0","0","0","2","2","4"
"2337","1174","33","1128","0","0","0","1174","0","0","0","2","2","4"
"2338","1174","1","0","0","0","0","1174","0","0","0","2","2","4"
"2339","1174","0","0","0","0","0","1174","0","0","0","2","2","4"
"2340","1172","32","1128","0","0","0","1172","0","0","0","4","0","0"
"2341","1172","33","1128","0","0","0","1172","0","0","0","4","0","0"
"2342","72","32","1128","0","0","0","0","0","0","0","2","2","4"
"2343","72","33","1128","0","0","0","0","0","0","0","2","2","4"
"2344","76","73","1128","0","0","0","0","0","0","0","4","4","2"
"2345","76","72","1128","0","0","0","0","0","0","0","4","4","2"
"2346","1133","0","1128","0","0","0","1133","0","0","0","4","4","2"
"2347","1133","1","1128","0","0","0","1133","0","0","0","4","4","2"
"2348","1065","0","0","0","0","0","1065","0","0","0","8","0","1"
"2349","68","2112","679","0","0","0","0","0","0","0","5","4","10"
"2350","80","65","50","0","0","0","80","0","0","0","8","0","1"
"2351","80","64","50","0","0","0","80","0","0","0","8","0","1"
"2352","50","32","80","0","0","0","50","0","0","0","0","1","0"
"2353","50","33","80","0","0","0","50","0","0","0","0","1","0"
"2354","1177","1","0","0","0","0","1177","0","0","0","2","2","4"
"2355","1178","33","0","0","0","0","1178","0","0","0","4","4","2"
"2356","48","0","0","0","0","0","48","0","0","0","8","0","1"
"2357","1179","64","0","0","0","0","0","0","0","0","0","0","0"
"2358","973","33","974","28","0","0","973","0","0","0","8","0","1"
"2359","1173","4113","0","0","0","0","1173","0","0","0","0","0","0"
"2360","1134","32","24","0","0","0","1134","0","0","0","3","2","12"
"2361","66","0","0","0","0","0","0","0","0","0","4","4","0"
"2362","189","129","0","0","0","0","0","0","0","0","2","2","0"
"2363","1106","4097","0","0","0","0","1106","0","0","0","0","0","0"
"2364","59","4097","0","0","0","0","59","0","0","0","0","0","0"
"2365","16","0","0","0","0","0","16","0","0","0","8","0","1"
"2366","54","2081","0","0","0","0","0","0","0","0","2","2","4"
"2367","369","32","14","0","0","0","369","0","0","0","0","0","8"
"2369","1158","32","1128","74","0","0","1158","0","0","0","1","0","8"
"2371","977","32","1158","0","0","0","1128","977","74","0","8","0","1"
"2372","977","33","1158","0","0","0","1128","977","74","0","8","0","1"
"2373","31","6177","0","0","0","0","1189","0","0","0","1","0","8"
"2374","966","2209","965","0","0","0","966","0","0","0","0","1","0"
"2375","24","32","0","0","0","0","24","0","0","0","8","0","1"
"2376","1177","2049","0","0","0","0","1177","0","0","0","2","2","4"
"2377","1178","2081","0","0","0","0","1178","0","0","0","4","4","2"
"2378","1158","4129","977","0","0","0","1158","0","0","0","1","0","0"
"2379","1204","0","0","0","0","0","1204","1158","0","0","1","0","8"
"2381","1228","33","0","0","0","0","1228","0","0","0","8","0","7"
"2382","469","33","1228","0","0","0","469","0","0","0","2","2","0"
"2383","1233","32","0","0","0","0","1233","0","0","0","0","1","0"
"2384","1234","33","1233","0","0","0","1234","1235","1237","0","8","0","1"
"2385","1233","2121","1234","1237","0","0","1233","0","0","0","0","1","0"
"2386","1235","0","0","0","0","0","1235","0","0","0","0","1","0"
"2387","1237","33","1233","0","0","0","1234","1235","1237","0","8","0","1"
"2388","1241","0","1240","0","0","0","1241","0","0","0","0","0","0"
"2389","1240","0","1241","0","0","0","1240","0","0","0","0","0","1"
"2390","1228","32","1242","0","0","0","1228","0","0","0","0","0","0"
"2391","1228","0","0","0","0","0","1228","0","0","0","0","0","0"
"2392","1228","1","0","0","0","0","1228","0","0","0","0","0","0"
"2393","1242","32","1228","0","0","0","1242","0","0","0","2","2","4"
"2394","14","10272","14","67","469","0","0","0","0","0","1","0","15"
"2395","1249","0","0","0","0","0","0","0","0","0","1","1","8"
"2399","1253","32","1252","0","0","0","1253","0","0","0","0","1","8"
"2400","1252","32","1253","0","0","0","1252","0","0","0","8","0","1"
"2468","1265","0","0","0","0","0","809","1265","0","0","0","0","0"
"2476","1268","0","0","0","0","0","1268","0","0","0","8","8","1"
"2477","1268","32","0","0","0","0","1268","0","0","0","8","8","1"
"2478","1268","33","0","0","0","0","1268","0","0","0","8","8","1"
"2479","1268","32","1269","1270","0","0","1268","0","0","0","8","8","1"
"2480","1268","33","1269","1270","0","0","1268","0","0","0","8","8","1"
"2481","1269","0","0","0","0","0","1269","0","0","0","0","1","0"
"2482","1270","0","0","0","0","0","1270","0","0","0","0","1","0"
"2483","1269","32","0","0","0","0","1269","0","0","0","0","1","8"
"2484","1269","33","0","0","0","0","1269","0","0","0","0","1","8"
"2485","1269","6177","0","0","0","0","1269","0","0","0","0","1","8"
"2486","1269","32","1268","14","0","0","1269","0","0","0","0","1","8"
"2487","1269","33","1268","14","0","0","1269","0","0","0","0","1","8"
"2488","1270","32","0","0","0","0","1270","0","0","0","0","1","8"
"2489","1270","33","0","0","0","0","1270","0","0","0","0","1","8"
"2490","1270","6177","0","0","0","0","1270","0","0","0","0","1","8"
"2491","1270","32","14","1268","0","0","1270","0","0","0","0","1","8"
"2492","1270","33","14","1268","0","0","1270","0","0","0","0","1","8"
"2493","1271","0","0","0","0","0","1271","0","0","0","0","1","0"
"2497","1272","0","0","0","0","0","1272","0","0","0","0","1","0"
"2498","148","32","1228","0","0","0","0","0","0","0","0","0","8"
"2501","959","68","960","0","0","0","959","0","0","0","0","1","0"
"2502","960","68","959","0","0","0","960","0","0","0","0","0","1"
"2503","1242","33","1228","0","0","0","1242","0","0","0","2","2","4"
"2504","1286","32","0","0","0","0","1286","0","0","0","1","1","8"
"2505","1228","32","0","0","0","0","1228","0","0","0","8","0","7"
"2533","1302","0","0","0","0","0","1302","0","0","0","0","1","0"
"2548","148","33","1228","0","0","0","148","0","0","0","0","0","0"
"2550","1336","33","1337","1270","0","0","1336","0","0","0","8","0","1"
"2551","1336","32","0","0","0","0","1336","0","0","0","8","0","1"
"2552","1337","0","1336","0","0","0","1337","0","0","0","0","1","0"
"2553","1337","32","1336","0","0","0","1337","0","0","0","0","1","0"
"2554","1337","33","1336","0","0","0","1337","0","0","0","0","1","0"
"2556","1337","6177","1336","0","0","0","1337","0","0","0","0","1","8"
"2557","1336","33","0","0","0","0","1336","0","0","0","8","0","1"
"2558","1336","32","1337","1270","0","0","1336","0","0","0","8","0","1"
"2559","1228","32","0","0","0","0","1228","0","0","0","8","0","1"
"2560","1338","32","1339","1340","0","0","1338","0","0","0","8","0","1"
"2561","1339","32","1340","1338","0","0","1339","0","0","0","8","0","1"
"2562","1340","32","1338","1339","0","0","1340","0","0","0","8","0","1"
"2563","128","0","31","14","0","0","0","0","0","0","0","0","15"
"2564","1270","32","14","1336","0","0","1270","0","0","0","0","1","8"
"2565","1270","33","14","1336","0","0","1270","0","0","0","0","1","8"
"2566","72","0","14","0","0","0","0","0","0","0","2","2","4"
"2568","1345","32","0","0","0","0","1345","0","0","0","0","1","8"
"2569","1345","0","0","0","0","0","1345","0","0","0","0","1","8"
"2570","1345","33","0","0","0","0","1345","0","0","0","0","1","8"
"2573","974","32","28","0","0","0","974","0","0","0","8","0","1"
"2574","974","33","28","0","0","0","974","0","0","0","8","0","1"
"2575","28","0","973","0","0","0","148","28","0","0","0","0","0"
"2576","28","1","973","0","0","0","148","28","0","0","0","0","0"
"2577","1145","32","67","469","14","0","0","0","0","0","0","0","15"
"2578","1268","33","1269","1270","974","973","1268","0","0","0","8","8","1"
"2579","1268","32","1269","1270","974","973","1268","0","0","0","8","8","1"
"2580","31","0","0","0","0","0","31","0","0","0","0","1","8"
"2581","1270","6177","14","1268","0","0","1270","0","0","0","0","1","8"
"2585","14","1","1336","0","0","0","14","0","0","0","8","0","1"
"2587","1364","1","0","0","0","0","1364","0","0","0","0","1","0"
"2588","7","72","7","0","0","0","0","0","0","0","0","0","0"
"2590","974","33","28","1336","0","0","974","0","0","0","8","0","1"
"2591","1366","1","0","0","0","0","1366","0","0","0","0","1","0"
"2592","1367","1","0","0","0","0","1367","0","0","0","0","1","0"
"2593","1368","1","0","0","0","0","1368","0","0","0","0","1","0"
"2594","1369","1","0","0","0","0","1369","0","0","0","0","1","0"
"2595","1370","1","0","0","0","0","1370","0","0","0","0","1","0"
"2596","31","6209","1336","0","0","0","31","0","0","0","0","1","8"
"2597","14","32","14","1268","0","0","0","0","0","0","8","0","15"
"2598","1359","0","0","0","0","0","1359","0","0","0","0","1","0"
"2600","1337","32","1336","0","0","0","1337","0","0","0","0","1","8"
"2602","1371","0","0","0","0","0","1371","0","0","0","2","3","12"
"2603","1371","32","0","0","0","0","1371","0","0","0","2","3","12"
"2604","1372","0","0","0","0","0","1372","0","0","0","4","5","10"
"2605","1372","32","0","0","0","0","1372","0","0","0","4","5","10"
"2606","1242","2081","1228","0","0","0","1242","0","0","0","3","2","12"
"2607","1242","0","1228","0","0","0","1242","0","0","0","2","2","4"
"2608","1228","2081","1242","0","0","0","1228","0","0","0","5","4","10"
"2609","1372","2081","0","0","0","0","1372","0","0","0","4","5","10"
"2611","1272","6177","0","0","0","0","1272","0","0","0","0","1","8"
"2612","1302","6177","0","0","0","0","1302","0","0","0","0","1","8"
"2614","1271","6177","0","0","0","0","1271","0","0","0","0","1","8"
"2618","189","32","0","0","0","0","0","0","0","0","2","2","4"
"2622","1341","0","0","0","0","0","1341","0","0","0","0","1","0"
"2623","14","32","1268","0","0","0","0","0","0","0","8","0","0"
"2624","14","33","1268","0","0","0","0","0","0","0","8","0","0"
"2625","1268","33","0","0","0","0","1268","0","0","0","8","0","9"
"2626","1433","0","0","0","0","0","1433","0","0","0","0","0","0"
"2628","14","32","1270","0","0","0","14","0","0","0","8","0","7"
"2629","14","32","1124","0","0","0","14","0","0","0","8","0","1"
"2630","14","32","1094","0","0","0","14","0","0","0","8","0","1"
"2633","31","1","0","0","0","0","31","0","0","0","0","1","8"
"2634","14","32","31","0","0","0","14","0","0","0","8","0","1"
"2635","14","1","31","0","0","0","14","0","0","0","8","0","1"
"2637","1387","33","0","0","0","0","1387","469","0","0","3","2","12"
"2638","1387","32","0","0","0","0","1387","469","0","0","3","2","12"
"2639","1387","0","0","0","0","0","1387","469","0","0","3","2","4"
"2640","1388","33","0","0","0","0","67","1388","0","0","5","4","10"
"2641","1388","32","0","0","0","0","67","1388","0","0","5","4","10"
"2642","1388","0","0","0","0","0","67","1388","0","0","5","4","10"
"2643","148","32","14","0","0","0","0","0","0","0","0","0","8"
"2648","1443","145","530","1447","0","0","1443","0","0","0","8","0","0"
"2649","1443","144","530","1447","0","0","1443","0","0","0","8","0","0"
"2650","530","32","1443","0","0","0","530","0","0","0","4","4","2"
"2651","1445","0","0","0","0","0","1445","0","0","0","4","4","2"
"2652","1445","32","0","0","0","0","1445","0","0","0","4","4","2"
"2653","1445","33","0","0","0","0","1445","0","0","0","4","4","2"
"2654","1445","6177","0","0","0","0","1445","0","0","0","4","4","2"
"2655","1445","32","14","0","0","0","1445","0","0","0","4","4","10"
"2656","1445","33","14","0","0","0","1445","0","0","0","4","4","10"
"2659","1443","145","1447","0","0","0","1443","0","0","0","8","0","1"
"2660","1443","32","530","1447","0","0","1443","0","0","0","8","0","1"
"2661","1447","32","1443","0","0","0","1447","0","0","0","1","4","0"
"2662","1447","2081","0","0","0","0","1447","0","0","0","1","4","8"
"2663","1447","0","0","0","0","0","1447","0","0","0","1","4","0"
"2664","76","72","429","0","0","0","0","0","0","0","4","4","2"
"2665","1443","160","0","0","0","0","1443","0","0","0","8","0","7"
"2666","1443","144","530","1447","0","0","1443","0","0","0","0","0","2"
"2667","66","33","0","0","0","0","0","0","0","0","4","12","2"
"2668","189","33","0","0","0","0","0","0","0","0","2","10","4"
"2669","1457","1","1483","0","0","0","1457","0","0","0","8","0","1"
"2673","29","17","28","0","0","0","29","0","0","0","0","0","0"
"2674","1483","32","1457","0","0","0","1483","0","0","0","8","0","1"
"2675","14","1024","0","0","0","0","14","0","0","0","8","0","0"
"2676","1491","0","0","0","0","0","1491","989","0","0","0","0","0"
"2677","1341","4129","1500","0","0","0","1341","0","0","0","0","1","0"
"2678","1445","33","1496","0","0","0","1445","0","0","0","4","4","2"
"2679","1445","32","1496","0","0","0","1445","0","0","0","4","4","2"
"2680","1496","32","1445","0","0","0","1496","0","0","0","8","8","1"
"2681","1496","33","1445","0","0","0","1496","0","0","0","8","8","1"
"2684","1387","10273","0","0","0","0","1387","469","0","0","3","2","12"
"2685","1388","8225","0","0","0","0","67","1388","0","0","5","4","10"
"2686","1500","0","67","469","1341","0","1500","0","0","0","1","0","6"
"2687","469","33","0","0","0","0","1500","0","0","0","3","2","12"
"2688","67","33","0","0","0","0","1500","0","0","0","5","4","10"
"2691","36","9","0","0","0","0","36","0","0","0","1","1","8"
"2692","1445","6177","14","0","0","0","1445","0","0","0","4","4","10"
"2693","1508","33","0","0","0","0","1508","0","0","0","8","8","1"
"2694","1508","32","0","0","0","0","1508","0","0","0","8","8","1"
"2695","1508","0","0","0","0","0","1508","0","0","0","8","8","1"
"2696","1509","33","0","0","0","0","1509","0","0","0","8","0","1"
"2697","14","33","1509","0","0","0","14","0","0","0","8","0","1"
"2699","1514","33","1515","0","0","0","1514","0","0","0","8","0","7"
"2700","1515","33","1514","0","0","0","1515","0","0","0","0","1","8"
"2703","189","32","0","0","0","0","189","0","0","0","2","2","12"
"2705","1508","0","0","0","0","0","1508","0","0","0","8","0","0"
"2706","1520","0","0","0","0","0","1520","0","0","0","0","0","0"
"2707","1520","0","0","0","0","0","1520","0","0","0","8","8","0"
"2708","1520","32","0","0","0","0","1520","0","0","0","8","8","0"
"2709","1520","33","0","0","0","0","1520","0","0","0","8","8","0"
"2710","1521","32","0","0","0","0","1521","0","0","0","8","8","1"
"2711","1521","33","0","0","0","0","1521","0","0","0","8","8","1"
"2712","1591","2081","0","0","0","0","1591","0","0","0","1","2","12"
"2713","189","32","0","0","0","0","189","0","0","0","2","2","8"
"2714","66","32","0","0","0","0","66","0","0","0","4","4","8"
"2715","1617","33","1618","1623","0","0","1617","0","0","0","8","0","1"
"2716","1618","33","1617","1623","0","0","1618","0","0","0","8","0","1"
"2717","1623","32","0","0","0","0","1623","0","0","0","8","0","1"
"2718","1623","33","0","0","0","0","1623","0","0","0","0","0","1"
"2719","1623","33","14","0","0","0","1623","0","0","0","0","0","9"
"2720","1514","65","1515","0","0","0","1514","0","0","0","8","0","7"
"2721","1665","33","0","0","0","0","1665","0","0","0","8","8","1"
"2722","1665","32","0","0","0","0","1665","0","0","0","8","8","1"
"2723","1623","33","14","1618","1617","0","1623","0","0","0","0","0","9"
"2725","940","2081","0","0","0","0","940","0","0","0","1","1","8"
"2726","940","33","0","0","0","0","940","0","0","0","1","1","8"
"2727","940","1","0","0","0","0","940","0","0","0","1","1","8"
"2728","940","0","0","0","0","0","940","0","0","0","1","1","8"
"2729","1618","32","1617","1623","0","0","1618","0","0","0","8","0","1"
"2730","1623","32","14","1618","1617","0","1623","0","0","0","0","0","9"
"2731","1674","32","0","0","0","0","1674","0","0","0","8","0","1"
"2732","960","69","959","0","0","0","960","0","0","0","0","0","1"
"2733","1680","32","0","0","0","0","1680","0","0","0","8","8","1"
"2734","1680","33","0","0","0","0","1680","0","0","0","8","8","1"
"2735","1760","32","0","0","0","0","1760","0","0","0","0","0","0"
"2736","1760","4129","0","0","0","0","1760","0","0","0","0","0","0"
"2737","1687","32","1617","1623","0","0","1618","1687","0","0","8","0","1"
"2738","1687","33","1617","1623","0","0","1618","1687","0","0","8","0","1"
"2739","14","33","1090","0","0","0","14","0","0","0","8","0","1"
"2740","14","1","1090","0","0","0","14","0","0","0","8","0","1"
"2741","1617","33","1618","1623","1090","0","1617","0","0","0","8","0","1"
"2742","1090","33","1617","0","0","0","1090","0","0","0","0","0","0"
"2743","7","0","0","0","0","0","0","0","0","0","4","4","0"
"2744","14","33","1665","0","0","0","14","0","0","0","8","0","1"
"2745","1617","33","1618","1623","0","0","1617","0","0","0","8","0","0"
"2746","1711","0","0","0","0","0","1711","0","0","0","1","1","8"
"2747","1711","6177","0","0","0","0","1711","0","0","0","1","1","8"
"2748","1710","6177","0","0","0","0","1710","0","0","0","2","2","12"
"2749","1708","6177","0","0","0","0","1708","0","0","0","4","4","10"
"2750","1710","0","0","0","0","0","1710","0","0","0","2","2","12"
"2751","1708","0","0","0","0","0","1708","0","0","0","4","4","10"
"2752","14","33","1508","0","0","0","14","0","0","0","8","0","1"
"2753","974","0","0","0","0","0","974","0","0","0","8","0","0"
"2754","74","4129","0","0","0","0","74","0","0","0","0","1","0"
"2755","1732","0","0","0","0","0","1732","0","0","0","0","0","0"
"2756","1732","6177","0","0","0","0","1732","0","0","0","1","0","0"
"2757","959","68","960","0","0","0","959","0","0","0","0","0","0"
"2758","1145","8192","1145","0","0","0","469","67","0","0","8","7","8"
"2759","1746","1","0","0","0","0","1746","0","0","0","8","0","1"
"2760","1747","0","0","0","0","0","1747","31","469","67","1","15","0"
"2761","1617","32","1618","1623","0","0","1617","0","0","0","8","0","1"
"2762","1591","0","0","0","0","0","1591","0","0","0","1","2","12"
"2763","47","2080","0","0","0","0","0","0","0","0","3","2","12"
"2764","69","2080","0","0","0","0","0","0","0","0","3","2","12"
"2765","54","2081","0","0","0","0","0","0","0","0","3","2","12"
"2766","54","2080","0","0","0","0","0","0","0","0","3","2","12"
"2767","1134","2112","0","0","0","0","1134","0","0","0","3","2","12"
"2768","930","2080","0","0","0","0","0","0","0","0","3","2","12"
"2769","1133","2080","0","0","0","0","1133","0","0","0","5","4","10"
"2770","530","2080","0","0","0","0","0","0","0","0","5","4","10"
"2771","911","2080","0","0","0","0","0","0","0","0","5","4","10"
"2772","81","2080","0","0","0","0","0","0","0","0","5","4","10"
"2773","67","2081","0","0","0","0","0","0","0","0","5","4","10"
"2774","469","2081","0","0","0","0","0","0","0","0","3","2","12"
"2775","1756","33","1757","1758","0","0","1756","0","0","0","8","8","7"
"2776","1757","33","1756","1758","0","0","1757","0","0","0","8","8","7"
"2777","1758","33","1756","1757","0","0","1758","0","0","0","8","8","7"
"2778","1759","33","1758","0","0","0","1759","0","0","0","8","15","0"
"2779","1591","0","0","0","0","0","1591","0","0","0","1","6","8"
"2780","1786","2081","148","0","0","0","1786","0","0","0","0","0","15"
"2781","1731","0","0","0","0","0","1731","0","0","0","2","2","4"
"2782","1815","0","0","0","0","0","1815","0","0","0","8","0","0"
"2783","1815","33","0","0","0","0","1815","0","0","0","8","0","0"
"2784","31","2633","1786","0","0","0","31","1181","0","0","0","1","0"
"2785","1828","0","0","0","0","0","1828","0","0","0","0","0","0"
"2786","1828","32","14","0","0","0","1828","0","0","0","0","0","8"
"2787","1828","6177","0","0","0","0","1828","0","0","0","0","0","8"
"2788","1828","33","14","0","0","0","1828","0","0","0","0","0","8"
"2789","1833","0","0","0","0","0","1833","0","0","0","0","1","0"
"2792","73","33","974","28","0","0","73","0","0","0","8","0","1"
"2794","1849","0","0","0","0","0","1849","0","0","0","1","1","8"
"2795","1850","0","0","0","0","0","1850","0","0","0","1","1","8"
"2796","1847","0","0","0","0","0","1847","0","0","0","2","2","8"
"2797","1848","0","0","0","0","0","1848","0","0","0","4","4","8"
"2798","14","32","25","0","0","0","0","0","0","0","8","0","1"
"2799","1859","0","0","0","0","0","1859","0","0","0","0","0","8"
"2800","1859","32","0","0","0","0","1859","0","0","0","0","0","8"
"2801","1859","33","0","0","0","0","1859","0","0","0","0","0","8"
"2802","1859","6177","0","0","0","0","1859","0","0","0","1","0","8"
"2803","31","2080","73","0","0","0","31","469","67","0","6","7","8"
"2804","31","73","73","0","0","0","31","0","0","0","0","1","8"
"2805","1138","2080","73","0","0","0","1138","0","0","0","0","0","8"
"2806","1065","0","0","0","0","0","1065","0","0","0","8","8","0"
"2807","1883","0","0","0","0","0","1883","0","0","0","0","1","0"
"2808","1883","33","0","0","0","0","1883","0","0","0","0","1","8"
"2809","1888","33","60","14","0","0","1888","0","0","0","0","0","9"
"2810","1888","32","60","14","0","0","1888","0","0","0","0","0","9"
"2811","1888","0","60","14","0","0","1888","0","0","0","0","0","9"
"2812","31","0","0","0","0","0","1888","0","0","0","0","1","0"
"2813","1905","32","73","0","0","0","1905","0","0","0","0","7","0"
"2814","1905","6177","73","0","0","0","1905","0","0","0","0","7","0"
"2815","1910","1","0","0","0","0","1910","14","0","0","8","0","1"
"2816","1911","1","1912","0","0","0","1911","0","0","0","8","0","1"
"2817","1912","1","0","0","0","0","1912","0","0","0","8","0","1"
"2818","1911","33","1912","0","0","0","1911","0","0","0","8","0","1"
"2819","1912","33","0","0","0","0","1912","0","0","0","8","0","1"
"2820","1913","32","1914","0","0","0","1913","73","0","0","8","0","1"
"2821","1913","32","1914","0","0","0","1913","0","0","0","8","0","1"
"2822","1914","32","1913","0","0","0","1914","0","0","0","8","0","1"
"2823","1913","33","1914","0","0","0","1913","73","0","0","8","0","1"
"2824","1913","33","1914","0","0","0","1913","0","0","0","8","0","1"
"2825","1914","33","1913","0","0","0","1914","0","0","0","8","0","1"
"2826","148","4129","0","0","0","0","148","0","0","0","0","0","0"
"2827","1888","0","0","0","0","0","0","0","0","0","0","0","0"
"2828","1920","33","1913","14","0","0","1920","0","0","0","0","1","8"
"2829","1920","32","1913","14","0","0","1920","0","0","0","0","1","8"
"2830","1920","0","1913","14","0","0","1920","0","0","0","0","1","8"
"2831","1913","33","1914","1920","0","0","1913","0","0","0","8","0","1"
"2832","973","32","28","974","0","0","973","0","0","0","8","0","1"
"2835","189","2113","1786","0","0","0","0","0","0","0","2","2","8"
"2836","66","2113","1786","0","0","0","0","0","0","0","4","4","8"
"2837","1905","32","73","14","0","0","1905","0","0","0","0","7","8"
"2838","1947","0","0","0","0","0","1947","0","0","0","0","0","0"
"2839","1947","1","0","0","0","0","1947","0","0","0","0","0","0"
"2840","1947","4097","0","0","0","0","1947","0","0","0","0","0","0"
"2841","1947","6145","0","0","0","0","1947","0","0","0","1","0","0"
"2842","1947","33","73","0","0","0","1947","0","0","0","0","0","0"
"2843","1947","41","73","0","0","0","1947","0","0","0","0","0","0"
"2844","1948","0","0","0","0","0","1948","0","0","0","0","0","0"
"2845","1948","6177","14","73","0","0","1948","0","0","0","0","0","0"
"2846","1947","6209","0","0","0","0","1947","0","0","0","1","0","8"
"2847","1913","32","0","0","0","0","1913","0","0","0","8","0","0"
"2848","14","17","1914","0","0","0","14","0","0","0","8","0","1"
"2849","1953","8224","0","0","0","0","1953","0","0","0","0","0","0"
"2850","1905","32","73","14","1953","0","1905","0","0","0","0","7","8"
"2851","73","33","0","0","0","0","73","1913","0","0","8","0","1"
"2852","14","33","0","0","0","0","73","14","0","0","8","0","1"
"2853","1900","0","0","0","0","0","1900","0","0","0","0","0","0"
"2854","1894","0","0","0","0","0","1894","0","0","0","0","0","0"
"2855","1962","0","0","0","0","0","1962","0","0","0","0","1","0"
"2856","73","73","0","0","0","0","73","0","0","0","8","0","1"
"2857","1947","33","73","1786","0","0","1947","0","0","0","0","0","0"
"2858","14","33","73","0","0","0","14","0","0","0","8","0","1"
"2859","73","8257","31","0","0","0","73","0","0","0","8","0","7"
"2860","31","2080","73","0","0","0","469","67","31","0","1","7","0"
"2861","19","580","60","14","469","67","19","0","0","0","0","0","15"
"2862","931","72","469","67","0","0","0","0","0","0","0","0","15"
"2863","31","2120","73","0","0","0","469","67","31","0","1","7","0"
"2864","73","8256","31","0","0","0","73","0","0","0","8","0","7"
"2865","31","64","73","0","0","0","469","67","31","0","1","7","0"
"2866","1894","2081","0","0","0","0","1894","0","0","0","0","0","0"
"2867","1894","2080","0","0","0","0","1894","0","0","0","0","0","0"
"2868","1894","2081","14","0","0","0","1894","0","0","0","0","0","0"
"2869","1989","2121","73","0","0","0","1989","0","0","0","1","0","0"
"2871","1859","6177","1913","0","0","0","1859","0","0","0","1","0","8"
"2872","1145","8192","1145","2040","0","0","469","67","709","0","8","7","8"
"2874","1090","2633","1786","0","0","0","31","1090","0","0","0","1","0"
"2875","31","72","1786","0","0","0","31","0","0","0","0","1","0"
"2876","1181","2633","1786","1059","0","0","31","1181","0","0","0","1","0"
"2877","1102","2081","148","0","0","0","1786","1181","0","0","0","0","15"
"2878","1059","2081","148","0","0","0","1786","31","0","0","0","0","15"
"2879","31","2633","1786","1102","0","0","31","1181","0","0","0","1","0"
"2881","1786","2081","148","28","0","0","1786","0","0","0","0","0","15"
"2882","1913","32","1914","2012","0","0","1913","0","0","0","8","0","1"
"2883","1913","32","1914","2012","0","0","1913","73","0","0","8","0","1"
"2884","2012","32","1913","0","0","0","1859","2012","0","0","0","1","0"
"2885","1859","33","1913","73","0","0","1859","0","0","0","0","1","8"
"2886","1913","33","2012","1859","0","0","1913","73","0","0","8","0","1"
"2887","960","292","959","0","0","0","960","0","0","0","0","1","0"
"2888","2040","0","67","469","1145","0","2018","2040","0","0","1","0","6"
"2892","1883","6177","14","73","0","0","1883","0","0","0","1","0","8"
"2401","1","72","0","0","0","0","0","0","0","0","3","2","12"
"148","14","0","0","0","0","0","0","0","0","0","8","0","1"
"1614","14","1","0","0","0","0","14","0","0","0","8","0","1"
"1786","73","1","0","0","0","0","73","0","0","0","8","0","1"
"1095","679","0","0","0","0","0","0","0","0","0","0","0","0"
"1703","679","0","0","0","0","0","0","0","0","0","0","0","0"
"2097","20","0","0","0","0","0","20","0","0","0","8","0","1"
"1154","68","2080","679","0","0","0","0","0","0","0","5","4","10"
"1597","729","33","730","0","0","0","729","0","0","0","5","4","10"
"1596","730","33","729","0","0","0","730","0","0","0","3","2","12"
"2682","66","65","0","0","0","0","0","0","0","0","4","4","2"
"2683","189","65","0","0","0","0","0","0","0","0","2","2","4"
"1657","911","33","0","0","0","0","0","0","0","0","4","4","2"
"1656","911","2081","0","0","0","0","0","0","0","0","5","4","10"
"1658","911","0","0","0","0","0","0","0","0","0","4","4","2"
"1695","911","0","0","0","0","0","0","0","0","0","4","4","2"
"1607","7","0","7","0","0","0","0","0","0","0","0","4","2"
"2402","914","72","0","0","0","0","0","0","0","0","5","4","10"
"1647","930","2081","0","0","0","0","0","0","0","0","3","2","12"
"1646","930","33","0","0","0","0","0","0","0","0","2","2","4"
"1785","929","32","1001","0","0","0","929","0","0","0","8","0","1"
"1904","960","1","0","0","0","0","0","0","0","0","8","0","1"
"1937","1071","0","0","0","0","0","0","0","0","0","0","0","0"
"1938","1071","0","0","0","0","0","0","0","0","0","0","0","0"
"1939","1071","0","0","0","0","0","0","0","0","0","0","0","0"
"1940","1071","0","0","0","0","0","0","0","0","0","0","0","0"
"1941","1071","0","0","0","0","0","0","0","0","0","0","0","0"
"1943","1071","0","0","0","0","0","0","0","0","0","0","0","0"
"1944","1071","0","0","0","0","0","0","0","0","0","0","0","0"
"1947","1071","8191","0","0","0","0","1071","551","189","0","15","15","15"
"1957","1077","1","0","0","0","0","1077","0","0","0","1","0","0"
"2621","960","293","959","0","0","0","960","0","0","0","0","1","0"
"2005","20","33","1050","0","0","0","20","0","0","0","8","0","7"
"2030","973","32","974","28","0","0","973","0","0","0","8","0","1"
"2079","1108","65","1110","1109","0","0","1108","0","0","0","0","1","0"
"2094","20","0","0","0","0","0","20","0","0","0","0","1","0"
"2370","14","33","31","0","0","0","14","0","0","0","8","0","1"
"2636","31","2113","0","0","0","0","31","0","0","0","0","1","8"
"2160","1133","0","0","0","0","0","1133","0","0","0","4","4","2"
"2188","1144","8192","0","0","0","0","1144","0","0","0","8","0","15"
"2315","52","32","1172","0","0","0","52","0","0","0","8","0","1"
"2329","50","33","1128","0","0","0","50","0","0","0","0","1","0"
"2599","1252","32","1253","0","0","0","1252","0","0","0","8","0","1"
"2646","1270","6177","0","0","0","0","1270","0","0","0","0","1","8"
