Id,Unknown0,Unknown1,Unknown2,Unknown3,Unknown4,Unknown5,Unknown6,Unknown7
"11","6","10797","1","0","100","0","0","0"
"14","8","11326","1","0","100","0","0","0"
"15","8","11327","1","0","100","0","0","1"
"16","8","11330","1","0","100","0","0","2"
"17","8","11325","1","0","100","0","0","3"
"18","8","11331","1","0","100","0","0","4"
"19","8","11333","1","0","100","0","0","5"
"26","5","11099","1","0","33","4","0","8"
"27","5","11099","3","0","33","4","0","10"
"29","5","11011","1","0","100","0","0","12"
"30","5","11365","1","0","50","7","0","13"
"31","5","11365","2","0","50","7","0","14"
"32","5","11575","1","0","100","0","0","15"
"33","5","10765","1","0","25","5","0","16"
"36","5","10765","4","0","25","5","0","19"
"48","5","11078","2","0","33","3","0","20"
"49","5","11078","3","0","33","3","0","21"
"50","5","11267","1","0","100","0","0","22"
"51","5","10919","1","0","100","0","0","23"
"53","5","10920","1","0","100","0","0","25"
"54","5","11372","1","0","100","0","0","26"
"55","5","11346","1","0","100","0","0","27"
"56","5","10976","1","0","100","0","0","28"
"70","12","11384","1","0","100","0","0","0"
"71","12","11420","1","0","100","0","0","1"
"72","12","11417","1","0","100","0","0","2"
"73","12","11416","1","0","100","0","0","3"
"74","12","11419","1","0","100","0","0","4"
"75","12","11418","1","0","100","0","0","5"
"95","14","11448","1","0","100","0","0","0"
"96","14","11651","1","0","100","0","0","1"
"97","14","11103","1","0","100","0","0","2"
"98","14","11477","1","0","100","0","0","3"
"103","16","11269","1","0","100","1","0","0"
"104","16","11269","2","0","100","1","0","1"
"105","16","11269","3","0","100","1","0","2"
"106","119","12605","3","0","100","5","0","3"
"107","119","12605","4","0","100","5","0","4"
"108","14","11452","1","0","100","0","0","4"
"109","14","11658","1","0","100","0","0","5"
"110","14","11447","1","0","100","0","0","6"
"111","14","11532","1","0","100","0","0","7"
"112","14","11523","1","0","100","0","0","8"
"113","14","11483","1","0","100","0","0","9"
"114","14","11449","1","0","100","0","0","10"
"115","14","11653","1","0","100","0","0","11"
"116","14","11472","1","0","100","0","0","12"
"117","14","11482","1","0","100","0","0","13"
"118","14","11503","1","0","100","0","0","14"
"138","5","11099","2","0","33","4","0","9"
"139","5","11271","1","0","100","0","0","11"
"140","5","10765","2","0","25","5","0","17"
"141","5","10765","3","0","25","5","0","18"
"142","5","10923","1","0","100","0","0","24"
"143","19","11521","1","0","50","0","0","0"
"144","19","11495","1","0","100","0","0","1"
"145","19","11489","1","0","50","0","0","2"
"146","19","11568","1","0","100","0","0","3"
"147","19","11518","1","0","100","0","0","4"
"148","19","11636","1","0","100","0","0","5"
"149","19","11570","1","0","100","0","0","6"
"150","19","11497","1","0","100","0","0","7"
"151","19","11565","1","0","100","0","0","8"
"152","19","11604","1","0","100","0","0","9"
"153","19","11561","1","0","100","0","0","10"
"154","19","11489","2","0","50","0","0","11"
"155","19","11597","1","0","100","0","0","12"
"156","19","11520","1","0","100","0","0","13"
"157","19","11517","1","0","100","0","0","14"
"158","19","11615","1","0","100","0","0","15"
"159","19","12159","1","0","100","0","0","16"
"167","14","12302","1","0","100","0","0","15"
"171","5","11266","1","0","33","6","0","0"
"172","5","11266","2","0","33","6","0","1"
"173","5","11266","3","0","33","6","0","2"
"174","5","11131","1","0","50","0","0","3"
"175","5","11131","2","0","50","0","0","4"
"176","5","11351","1","0","33","2","0","5"
"177","5","11351","2","0","33","2","0","6"
"178","5","11351","3","0","33","2","0","7"
"179","5","11342","1","0","100","0","0","29"
"180","5","11355","1","0","100","0","0","30"
"181","5","11085","1","0","100","0","0","31"
"182","5","11096","1","0","33","0","0","32"
"191","29","11650","1","0","100","0","0","0"
"192","29","11633","1","0","100","0","0","1"
"193","29","11603","1","0","100","0","0","2"
"194","29","11596","1","0","100","0","0","3"
"195","29","11586","1","0","100","0","0","4"
"196","29","11583","1","0","100","0","0","5"
"197","29","11581","1","0","100","0","0","6"
"198","29","11580","1","0","100","0","0","7"
"199","29","11543","1","0","100","0","0","8"
"200","29","11542","1","0","100","0","0","9"
"201","29","11540","1","0","100","0","0","10"
"202","29","11539","1","0","100","0","0","11"
"203","29","11538","1","0","100","0","0","12"
"204","29","11537","1","0","100","0","0","13"
"205","29","11534","1","0","100","0","0","14"
"206","29","11664","1","0","100","0","0","15"
"250","30","11571","1","0","100","0","0","0"
"251","30","11576","1","0","100","0","0","1"
"252","30","11578","1","0","100","0","0","2"
"253","30","11585","1","0","100","0","0","3"
"254","30","12209","1","0","100","1","0","4"
"255","30","12396","1","0","100","0","0","5"
"265","16","12252","4","0","100","9","0","6"
"266","16","12252","5","0","100","9","0","7"
"267","119","12491","3","0","100","6","0","8"
"268","119","12608","4","0","100","2","0","9"
"269","6","12351","1","0","100","0","0","1"
"270","6","12350","1","0","100","0","0","2"
"271","6","12349","1","0","100","0","0","3"
"273","44","11683","1","0","100","0","0","0"
"274","44","11682","1","0","100","0","0","1"
"275","29","11702","1","0","100","0","0","16"
"276","45","11708","1","0","100","0","0","0"
"277","45","11708","2","0","100","0","0","1"
"278","45","11708","3","0","100","0","0","2"
"279","45","11708","4","0","100","0","0","3"
"282","46","11709","1","0","100","0","0","0"
"283","46","11709","2","0","100","0","0","1"
"284","46","11709","3","0","100","0","0","2"
"285","46","11709","4","0","100","0","0","3"
"286","46","11709","5","0","100","0","0","4"
"295","5","11096","2","0","33","0","0","33"
"296","5","11096","3","0","33","0","0","34"
"306","29","11703","1","0","100","0","0","17"
"307","29","11704","1","0","100","0","0","18"
"308","29","11705","1","0","100","0","0","19"
"309","29","11730","1","0","100","0","0","20"
"311","5","10924","1","0","33","0","0","35"
"312","5","10924","2","0","33","0","0","36"
"313","46","11709","6","0","100","0","0","5"
"314","45","11708","5","0","100","0","0","4"
"406","61","11721","1","0","100","0","0","0"
"407","61","11721","2","0","100","0","0","1"
"408","61","11721","3","0","100","0","0","2"
"409","61","11721","4","0","100","0","0","3"
"410","61","11721","5","0","100","0","0","4"
"411","61","11721","6","0","100","0","0","5"
"412","61","11721","7","0","100","0","0","6"
"550","74","10925","1","0","100","0","0","0"
"551","74","11202","1","0","100","0","0","1"
"552","74","11203","1","0","100","0","0","2"
"553","74","10907","1","0","100","0","0","3"
"554","74","11200","1","0","100","0","0","4"
"555","74","11201","1","0","100","0","0","5"
"556","74","10927","1","0","100","0","0","6"
"557","74","11206","1","0","100","0","0","7"
"558","74","11207","1","0","100","0","0","8"
"559","74","10926","1","0","100","0","0","9"
"560","74","11204","1","0","100","0","0","10"
"561","74","11205","1","0","100","0","0","11"
"652","29","11735","1","0","100","0","0","21"
"653","29","11764","1","0","100","0","0","22"
"659","29","11765","1","0","100","0","0","23"
"660","29","11884","1","0","100","0","0","24"
"664","45","11708","6","0","100","0","0","5"
"665","45","11708","7","0","100","0","0","6"
"670","29","11885","1","0","100","0","0","25"
"672","119","12608","5","0","100","2","0","10"
"673","16","11883","3","0","100","8","0","11"
"674","16","11606","1","0","100","2","0","12"
"675","16","11606","2","0","100","2","0","13"
"677","16","10768","2","0","100","3","0","15"
"678","16","10768","3","0","100","3","0","16"
"679","16","10768","4","0","100","3","0","17"
"681","44","12007","1","0","100","0","0","2"
"694","95","11905","1","0","100","0","0","0"
"695","95","11911","1","0","100","0","0","1"
"696","95","12080","1","0","100","0","0","2"
"697","95","12083","1","0","100","0","0","3"
"704","19","12167","1","0","100","0","0","17"
"705","19","12173","1","0","100","0","0","18"
"708","99","12212","1","259200","100","0","0","0"
"709","99","12214","1","259200","100","0","0","1"
"710","99","12215","1","259200","100","0","0","2"
"711","99","12216","1","259200","100","0","0","3"
"712","99","12217","1","259200","100","0","0","4"
"724","100","12220","1","86400","1","0","0","0"
"725","100","12221","1","86400","1","0","0","1"
"726","100","12222","1","86400","1","0","0","2"
"727","100","12223","1","86400","1","0","0","3"
"728","100","12224","1","86400","1","0","0","4"
"729","100","12225","1","86400","1","0","0","5"
"730","100","12226","1","86400","6","0","0","6"
"742","44","11973","1","0","100","0","0","3"
"743","44","12389","1","0","100","0","0","4"
"840","44","12210","1","0","100","0","0","5"
"844","99","12213","1","259200","100","0","0","5"
"845","99","12211","1","259200","50","0","0","6"
"850","5","10924","3","0","33","0","0","37"
"851","5","11270","1","0","1","0","0","38"
"852","5","11273","1","0","100","0","0","39"
"859","102","11300","1","86400","300","0","0","0"
"860","102","11276","1","0","300","0","0","1"
"861","102","11312","1","0","300","0","0","2"
"862","102","11318","1","0","300","0","0","3"
"863","102","10933","1","0","100","0","0","4"
"864","102","10957","1","0","100","0","0","5"
"865","102","10958","1","0","100","0","0","6"
"866","102","11306","1","0","300","0","0","7"
"867","102","11294","1","0","300","0","0","8"
"868","102","11282","1","0","300","0","0","9"
"869","102","10977","1","0","100","0","0","10"
"870","102","10981","1","0","100","0","0","11"
"871","102","10990","1","0","100","0","0","12"
"872","102","10991","1","0","100","0","0","13"
"873","102","11288","1","0","300","0","0","14"
"874","102","11305","1","0","300","0","0","15"
"875","102","11281","1","0","300","0","0","16"
"876","102","11317","1","0","300","0","0","17"
"877","102","11323","1","0","300","0","0","18"
"878","102","11311","1","0","300","0","0","19"
"879","102","11299","1","0","300","0","0","20"
"880","102","11287","1","0","300","0","0","21"
"881","102","11293","1","0","300","0","0","22"
"882","102","11302","1","0","300","0","0","23"
"883","102","11278","1","0","300","0","0","24"
"884","102","11314","1","0","300","0","0","25"
"885","102","11320","1","0","300","0","0","26"
"886","102","10902","1","0","100","0","0","27"
"887","102","10889","1","0","100","0","0","28"
"888","102","10890","1","0","100","0","0","29"
"889","102","11308","1","0","300","0","0","30"
"890","102","11296","1","0","300","0","0","31"
"891","102","11284","1","0","300","0","0","32"
"892","102","10880","1","0","100","0","0","33"
"893","102","10881","1","0","100","0","0","34"
"894","102","10898","1","0","100","0","0","35"
"895","102","10899","1","0","100","0","0","36"
"896","102","11290","1","0","300","0","0","37"
"897","102","11303","1","0","300","0","0","38"
"898","102","11279","1","0","300","0","0","39"
"899","102","11315","1","0","300","0","0","40"
"900","102","11321","1","0","300","0","0","41"
"901","102","10943","1","0","100","0","0","42"
"902","102","10967","1","0","100","0","0","43"
"903","102","10968","1","0","100","0","0","44"
"904","102","11309","1","0","300","0","0","45"
"905","102","11297","1","0","300","0","0","46"
"906","102","11285","1","0","300","0","0","47"
"907","102","10979","1","0","100","0","0","48"
"908","102","10983","1","0","100","0","0","49"
"909","102","11002","1","0","100","0","0","50"
"910","102","11003","1","0","100","0","0","51"
"911","102","11291","1","0","300","0","0","52"
"912","102","11304","1","0","300","0","0","53"
"913","102","11280","1","0","300","0","0","54"
"914","102","11316","1","0","300","0","0","55"
"915","102","11322","1","0","300","0","0","56"
"916","102","10948","1","0","100","0","0","57"
"917","102","10972","1","0","100","0","0","58"
"918","102","10973","1","0","100","0","0","59"
"919","102","11310","1","0","300","0","0","60"
"920","102","11298","1","0","300","0","0","61"
"921","102","11286","1","0","300","0","0","62"
"922","102","10980","1","0","100","0","0","63"
"923","102","10984","1","0","100","0","0","64"
"924","102","11008","1","0","100","0","0","65"
"925","102","11009","1","0","100","0","0","66"
"926","102","11292","1","0","300","0","0","67"
"927","102","11301","1","0","300","0","0","68"
"928","102","11277","1","0","300","0","0","69"
"929","102","11313","1","0","300","0","0","70"
"930","102","11319","1","0","300","0","0","71"
"931","102","10938","1","0","100","0","0","72"
"932","102","10962","1","0","100","0","0","73"
"933","102","10963","1","0","100","0","0","74"
"934","102","11307","1","0","300","0","0","75"
"935","102","11295","1","0","300","0","0","76"
"936","102","11283","1","0","300","0","0","77"
"937","102","10978","1","0","100","0","0","78"
"938","102","10982","1","0","100","0","0","79"
"939","102","10996","1","0","100","0","0","80"
"940","102","10997","1","0","100","0","0","81"
"941","102","11289","1","0","300","0","0","82"
"942","103","11212","1","0","100","0","0","0"
"943","103","11213","1","0","100","0","0","1"
"944","103","11214","1","0","100","0","0","2"
"945","103","10901","1","0","100","0","0","3"
"946","103","11210","1","0","100","0","0","4"
"947","103","11211","1","0","100","0","0","5"
"948","103","11218","1","0","100","0","0","6"
"949","103","11219","1","0","100","0","0","7"
"950","103","11220","1","0","100","0","0","8"
"951","103","11215","1","0","100","0","0","9"
"952","103","11216","1","0","100","0","0","10"
"953","103","11217","1","0","100","0","0","11"
"957","104","11132","1","0","100","0","0","0"
"958","104","11133","1","0","100","0","0","1"
"959","104","11134","1","0","100","0","0","2"
"960","104","10882","1","0","100","0","0","3"
"961","104","10883","1","0","100","0","0","4"
"962","104","10884","1","0","100","0","0","5"
"963","104","11138","1","0","100","0","0","6"
"964","104","11139","1","0","100","0","0","7"
"965","104","11140","1","0","100","0","0","8"
"966","104","11135","1","0","100","0","0","9"
"967","104","11136","1","0","100","0","0","10"
"968","104","11137","1","0","100","0","0","11"
"972","105","11160","1","0","100","0","0","0"
"973","105","11161","1","0","100","0","0","1"
"974","105","11162","1","0","100","0","0","2"
"975","105","10891","1","0","100","0","0","3"
"976","105","11158","1","0","100","0","0","4"
"977","105","11159","1","0","100","0","0","5"
"978","105","11166","1","0","100","0","0","6"
"979","105","11167","1","0","100","0","0","7"
"980","105","11168","1","0","100","0","0","8"
"981","105","11163","1","0","100","0","0","9"
"982","105","11164","1","0","100","0","0","10"
"983","105","11165","1","0","100","0","0","11"
"1046","113","10994","1","0","216","0","0","40"
"1047","113","10874","1","0","78","0","0","41"
"1048","113","11255","1","0","104","0","0","42"
"1049","113","11173","1","0","117","0","0","43"
"1050","113","11001","1","0","216","0","0","44"
"1051","113","10875","1","0","78","0","0","45"
"1052","113","10917","1","0","104","0","0","46"
"1053","113","10970","1","0","117","0","0","47"
"1054","113","10871","1","0","78","0","0","48"
"1055","113","10929","1","0","104","0","0","49"
"1151","19","11623","1","0","100","0","0","19"
"1152","110","11718","1","0","100","0","0","0"
"1153","110","12119","1","0","100","0","0","1"
"1154","110","12114","1","0","100","0","0","2"
"1155","110","12111","1","0","100","0","0","3"
"1156","110","12110","1","0","100","0","0","4"
"1157","110","12108","1","0","100","0","0","5"
"1158","110","12107","1","0","100","0","0","6"
"1159","110","12102","1","0","100","0","0","7"
"1160","110","12101","1","0","100","0","0","8"
"1161","110","12100","1","0","100","0","0","9"
"1162","110","12099","1","0","100","0","0","10"
"1163","110","10805","1","0","100","0","0","11"
"1164","110","11334","1","0","100","0","0","12"
"1165","110","11349","1","0","100","0","0","13"
"1166","110","11348","1","0","100","0","0","14"
"1167","110","11338","1","0","100","0","0","15"
"1168","110","11345","1","0","100","0","0","16"
"1169","110","11354","1","0","100","0","0","17"
"1170","110","11385","1","0","100","0","0","18"
"1171","110","12095","1","0","100","0","0","19"
"1172","110","12071","1","0","100","0","0","20"
"1173","110","12067","1","0","100","0","0","21"
"1174","110","12033","1","0","100","0","0","22"
"1175","110","12030","1","0","100","0","0","23"
"1176","110","12019","1","0","100","0","0","24"
"1177","110","12013","1","0","100","0","0","25"
"1178","110","11992","1","0","100","0","0","26"
"1179","110","11980","1","0","100","0","0","27"
"1180","110","11974","1","0","100","0","0","28"
"1181","110","12040","1","0","100","0","0","29"
"1182","110","12208","1","0","100","0","0","30"
"1183","110","12191","1","0","100","0","0","31"
"1184","110","12060","1","0","100","0","0","32"
"1185","110","12117","1","0","100","0","0","33"
"1186","110","12196","1","0","100","0","0","34"
"1187","110","12112","1","0","100","0","0","35"
"1188","110","12190","1","0","100","0","0","36"
"1189","110","11352","1","0","100","0","0","37"
"1190","110","12192","1","0","100","0","0","38"
"1191","110","10798","1","0","100","0","0","39"
"1219","111","12149","2","0","100","0","0","27"
"1220","111","12149","3","0","100","0","0","28"
"1221","111","12098","2","0","100","0","0","29"
"1222","111","12152","1","0","100","0","0","30"
"1223","111","12187","2","0","100","0","0","31"
"1224","111","12187","3","0","100","0","0","32"
"1225","111","12152","2","0","100","0","0","33"
"1226","111","12098","3","0","100","0","0","34"
"1227","111","12152","3","0","100","0","0","35"
"1228","111","12186","1","0","100","0","0","36"
"1229","111","12154","1","0","100","0","0","37"
"1230","111","12154","2","0","100","0","0","38"
"1231","111","12123","1","0","100","0","0","39"
"1232","111","12154","3","0","100","0","0","40"
"1233","111","12186","2","0","100","0","0","41"
"1234","111","12123","2","0","100","0","0","42"
"1244","111","12510","2","0","100","0","0","15"
"1245","111","12510","1","0","100","0","0","16"
"1246","111","12153","1","0","100","0","0","17"
"1247","111","12506","3","0","100","0","0","18"
"1248","111","11753","1","0","100","0","0","19"
"1249","111","11753","2","0","100","0","0","20"
"1250","111","12153","2","0","100","0","0","21"
"1251","111","11753","3","0","100","0","0","22"
"1252","111","12153","3","0","100","0","0","23"
"1253","111","12149","1","0","100","0","0","24"
"1254","111","12187","1","0","100","0","0","25"
"1255","111","12098","1","0","100","0","0","26"
"1256","111","12123","3","0","100","0","0","43"
"1257","111","12186","3","0","100","0","0","44"
"1258","111","12118","1","0","100","0","0","45"
"1259","111","12184","1","0","100","0","0","46"
"1260","111","12118","2","0","100","0","0","47"
"1261","111","12184","2","0","100","0","0","48"
"1262","111","12118","3","0","100","0","0","49"
"1263","111","12184","3","0","100","0","0","50"
"1264","111","12180","1","0","100","0","0","51"
"1265","111","12115","1","0","100","0","0","52"
"1266","111","12180","2","0","100","0","0","53"
"1267","111","12115","2","0","100","0","0","54"
"1268","111","12180","3","0","100","0","0","55"
"1269","111","12115","3","0","100","0","0","56"
"1270","111","12179","1","0","100","0","0","57"
"1271","111","11767","1","0","100","0","0","58"
"1272","111","12179","2","0","100","0","0","59"
"1273","111","11767","2","0","100","0","0","60"
"1274","111","12179","3","0","100","0","0","61"
"1275","111","11767","3","0","100","0","0","62"
"1276","111","12177","1","0","100","0","0","63"
"1277","111","11772","1","0","100","0","0","0"
"1278","111","12194","1","0","100","0","0","1"
"1279","111","12194","2","0","100","0","0","2"
"1280","111","11772","2","0","100","0","0","3"
"1281","111","12194","3","0","100","0","0","4"
"1282","111","11772","3","0","100","0","0","5"
"1284","111","12508","3","0","100","0","0","7"
"1286","111","12506","1","0","100","0","0","9"
"1287","111","12509","1","0","100","0","0","10"
"1288","111","12509","2","0","100","0","0","11"
"1289","111","12509","3","0","100","0","0","12"
"1290","111","12508","1","0","100","0","0","13"
"1291","111","12510","3","0","100","0","0","14"
"1292","111","12125","1","0","100","0","0","64"
"1293","111","12125","2","0","100","0","0","65"
"1294","111","12177","2","0","100","0","0","66"
"1295","111","12177","3","0","100","0","0","67"
"1296","111","12125","3","0","100","0","0","68"
"1297","111","12146","1","0","100","0","0","69"
"1298","111","12120","1","0","100","0","0","70"
"1299","111","12146","2","0","100","0","0","71"
"1300","111","12120","2","0","100","0","0","72"
"1301","111","12146","3","0","100","0","0","73"
"1302","111","12120","3","0","100","0","0","74"
"1303","111","11769","1","0","100","0","0","75"
"1304","111","11769","2","0","100","0","0","76"
"1305","111","11769","3","0","100","0","0","77"
"1306","111","12124","1","0","100","0","0","78"
"1313","112","11480","1","0","100","4","0","6"
"1314","19","12299","1","0","100","0","0","20"
"1321","112","11272","1","0","100","3","0","7"
"1322","112","11618","1","0","100","2","0","8"
"1323","112","11412","1","0","100","6","0","9"
"1324","112","11423","1","0","100","6","0","10"
"1325","112","11620","1","0","100","2","0","11"
"1326","112","11490","1","0","100","4","0","12"
"1327","112","11432","1","0","100","1","0","13"
"1328","112","11274","1","0","100","3","0","14"
"1329","112","11626","1","0","100","2","0","15"
"1330","112","11339","1","0","100","3","0","16"
"1331","112","11506","1","0","100","4","0","17"
"1332","112","11433","1","0","100","1","0","18"
"1333","112","11424","1","0","100","6","0","19"
"1334","112","11630","1","0","100","2","0","20"
"1335","112","11427","1","0","100","6","0","21"
"1336","112","11560","1","0","100","4","0","22"
"1337","112","11368","1","0","100","3","0","23"
"1338","112","11434","1","0","100","1","0","24"
"1339","112","11493","1","0","100","4","0","25"
"1340","112","11672","1","0","100","6","0","26"
"1341","112","11559","1","0","100","3","0","27"
"1342","112","11557","1","0","100","1","0","28"
"1343","112","11665","1","0","100","2","0","29"
"1344","112","11724","1","0","100","1","0","30"
"1363","19","11574","1","0","100","0","0","21"
"1364","100","12303","1","0","6","0","0","7"
"1365","14","11637","1","0","100","0","0","16"
"1366","14","11654","1","0","100","0","0","17"
"1367","14","12320","1","0","100","0","0","18"
"1368","14","12302","2","0","100","0","0","19"
"1369","14","11452","2","0","100","0","0","20"
"1370","19","11544","1","0","100","0","0","22"
"1374","114","12250","1","0","50","0","0","0"
"1375","114","12249","1","0","50","0","0","1"
"1380","19","12319","1","0","50","0","0","23"
"1381","19","12319","2","0","50","0","0","24"
"1382","19","11521","2","0","50","0","0","25"
"1386","113","10934","1","0","104","0","0","0"
"1387","113","10986","1","0","216","0","0","1"
"1388","113","11124","1","0","78","0","0","2"
"1389","113","10956","1","0","117","0","0","3"
"1390","113","11125","1","0","78","0","0","4"
"1391","113","10931","1","0","104","0","0","5"
"1392","113","11194","1","0","117","0","0","6"
"1393","113","10987","1","0","216","0","0","7"
"1394","113","10959","1","0","117","0","0","8"
"1395","113","10988","1","0","216","0","0","9"
"1396","113","11147","1","0","78","0","0","10"
"1397","113","11256","1","0","104","0","0","11"
"1398","113","11174","1","0","117","0","0","12"
"1399","113","11726","1","0","216","0","0","13"
"1400","113","11148","1","0","78","0","0","14"
"1401","113","11257","1","0","104","0","0","15"
"1402","113","11175","1","0","117","0","0","16"
"1403","113","10896","1","0","216","0","0","17"
"1404","113","11149","1","0","78","0","0","18"
"1405","113","10932","1","0","104","0","0","19"
"1406","113","11176","1","0","117","0","0","20"
"1407","113","10895","1","0","216","0","0","21"
"1408","113","11108","1","0","78","0","0","22"
"1409","113","10930","1","0","104","0","0","23"
"1410","113","10960","1","0","117","0","0","24"
"1411","113","10897","1","0","216","0","0","25"
"1412","113","11109","1","0","78","0","0","26"
"1413","113","11246","1","0","104","0","0","27"
"1414","113","10892","1","0","117","0","0","28"
"1415","113","10900","1","0","216","0","0","29"
"1416","113","11110","1","0","78","0","0","30"
"1417","113","11247","1","0","104","0","0","31"
"1418","113","11193","1","0","117","0","0","32"
"1419","113","11000","1","0","216","0","0","33"
"1420","113","11111","1","0","78","0","0","34"
"1421","113","10916","1","0","104","0","0","35"
"1422","113","10887","1","0","117","0","0","36"
"1423","113","10998","1","0","216","0","0","37"
"1424","113","11144","1","0","78","0","0","38"
"1425","113","11172","1","0","117","0","0","39"
"1426","113","10966","1","0","117","0","0","50"
"1427","113","10872","1","0","78","0","0","51"
"1428","113","11244","1","0","104","0","0","52"
"1429","113","11196","1","0","117","0","0","53"
"1430","113","10873","1","0","78","0","0","54"
"1431","113","11245","1","0","104","0","0","55"
"1432","113","10969","1","0","117","0","0","56"
"1433","113","10877","1","0","78","0","0","57"
"1434","113","10918","1","0","104","0","0","58"
"1435","113","11181","1","0","117","0","0","59"
"1436","113","10993","1","0","216","0","0","60"
"1437","113","10878","1","0","78","0","0","61"
"1438","113","10941","1","0","104","0","0","62"
"1439","113","11182","1","0","117","0","0","63"
"1440","113","10995","1","0","216","0","0","64"
"1441","113","10879","1","0","78","0","0","65"
"1442","113","11260","1","0","104","0","0","66"
"1443","113","11183","1","0","117","0","0","67"
"1444","113","10992","1","0","216","0","0","68"
"1445","113","11106","1","0","78","0","0","69"
"1446","113","11261","1","0","104","0","0","70"
"1447","113","11107","1","0","78","0","0","71"
"1448","113","10944","1","0","104","0","0","72"
"1449","113","10876","1","0","78","0","0","73"
"1450","113","10942","1","0","104","0","0","74"
"1451","113","11128","1","0","78","0","0","75"
"1452","113","10940","1","0","104","0","0","76"
"1453","113","11250","1","0","104","0","0","77"
"1454","113","11153","1","0","78","0","0","78"
"1455","113","11251","1","0","104","0","0","79"
"1456","113","11154","1","0","78","0","0","80"
"1457","113","11155","1","0","78","0","0","81"
"1458","113","10965","1","0","117","0","0","82"
"1459","113","11115","1","0","78","0","0","83"
"1460","113","10961","1","0","117","0","0","84"
"1461","113","11116","1","0","78","0","0","85"
"1462","113","11195","1","0","117","0","0","86"
"1463","113","11117","1","0","78","0","0","87"
"1464","113","10964","1","0","117","0","0","88"
"1465","113","11118","1","0","78","0","0","89"
"1466","113","11177","1","0","117","0","0","90"
"1467","113","11146","1","0","78","0","0","91"
"1468","113","11178","1","0","117","0","0","92"
"1469","113","11179","1","0","117","0","0","93"
"1470","113","10936","1","0","104","0","0","94"
"1471","113","11180","1","0","117","0","0","95"
"1472","113","11258","1","0","104","0","0","96"
"1473","113","11259","1","0","104","0","0","97"
"1474","113","10937","1","0","104","0","0","98"
"1475","113","10939","1","0","104","0","0","99"
"1476","113","10935","1","0","104","0","0","100"
"1477","113","11248","1","0","104","0","0","101"
"1478","113","11249","1","0","104","0","0","102"
"1479","113","11126","1","0","78","0","0","103"
"1480","113","11127","1","0","78","0","0","104"
"1481","113","11150","1","0","78","0","0","105"
"1482","113","11151","1","0","78","0","0","106"
"1483","113","11152","1","0","78","0","0","107"
"1484","113","11112","1","0","78","0","0","108"
"1485","113","11113","1","0","78","0","0","109"
"1486","113","11114","1","0","78","0","0","110"
"1487","113","11145","1","0","78","0","0","111"
"1518","115","12330","1","0","100","0","0","0"
"1519","110","10798","2","0","100","0","0","40"
"1520","110","10798","3","0","100","0","0","41"
"1521","110","12304","1","0","100","0","0","42"
"1522","110","12304","2","0","100","0","0","43"
"1523","110","12304","3","0","100","0","0","44"
"1524","110","11541","1","0","100","0","0","45"
"1525","110","12332","1","0","100","0","0","46"
"1527","110","12486","1","0","100","1","0","48"
"1528","110","12482","1","0","100","1","0","49"
"1529","110","12483","1","0","100","1","0","50"
"1530","110","12481","1","0","100","1","0","51"
"1532","14","11122","1","0","100","0","0","21"
"1533","95","12070","1","0","100","0","0","4"
"1534","95","12253","1","0","100","0","0","5"
"1559","118","12463","1","0","100","0","0","0"
"1560","118","12465","1","0","100","0","0","1"
"1561","118","12464","1","0","100","0","0","2"
"1562","118","12466","1","0","100","0","0","3"
"1563","118","12468","1","0","100","0","0","4"
"1564","118","12467","1","0","100","0","0","5"
"1565","118","12469","1","0","100","0","0","6"
"1566","118","12471","1","0","100","0","0","7"
"1567","118","12470","1","0","100","0","0","8"
"1568","118","12472","1","0","100","0","0","9"
"1569","118","12473","1","0","100","0","0","10"
"1570","118","12474","1","0","100","0","0","11"
"1571","118","12476","1","0","100","0","0","12"
"1572","118","12475","1","0","100","0","0","13"
"1573","118","12477","1","0","100","0","0","14"
"1579","30","12451","1","0","100","0","0","6"
"1580","30","12450","1","0","100","0","0","7"
"1581","119","12603","4","0","100","1","0","0"
"1582","119","12604","4","0","100","8","0","1"
"1583","119","12604","5","0","100","8","0","2"
"1584","119","12606","3","0","100","7","0","5"
"1585","119","12606","4","0","100","7","0","6"
"1586","119","12489","1","0","100","6","0","7"
"1587","119","12609","1","0","100","3","0","11"
"1588","119","12609","5","0","100","3","0","12"
"1590","95","12361","1","0","100","0","0","6"
"1591","14","11122","2","0","100","0","0","22"
"1592","120","12365","1","0","100","0","0","0"
"1594","121","12366","1","0","100","0","0","0"
"1595","121","12366","2","0","100","0","0","1"
"1596","121","12366","3","0","100","0","0","2"
"1597","121","12366","4","0","100","0","0","3"
"1598","121","12366","5","0","100","0","0","4"
"1599","121","12366","6","0","100","0","0","5"
"1600","121","12366","7","0","100","0","0","6"
"1601","121","12366","8","0","100","0","0","7"
"1602","121","12366","9","0","100","0","0","8"
"1603","121","12366","10","0","100","0","0","9"
"1604","121","12366","11","0","100","0","0","10"
"1605","121","12366","12","0","100","0","0","11"
"1606","121","12366","13","0","100","0","0","12"
"1607","121","12366","14","0","100","0","0","13"
"1608","121","12366","15","0","100","0","0","14"
"1609","121","12366","16","0","100","0","0","15"
"1610","121","12366","17","0","100","0","0","16"
"1611","121","12366","18","0","100","0","0","17"
"1612","121","12366","19","0","100","0","0","18"
"1613","121","12366","20","0","100","0","0","19"
"1614","121","12366","21","0","100","0","0","20"
"1615","121","12366","22","0","100","0","0","21"
"1616","121","12366","23","0","100","0","0","22"
"1617","121","12366","24","0","100","0","0","23"
"1618","14","12382","1","0","100","0","0","23"
"1621","14","12398","1","0","100","0","0","24"
"1622","122","11371","13","0","100","0","0","0"
"1623","122","11371","12","0","100","0","0","1"
"1624","122","11371","11","0","100","0","0","2"
"1625","122","11371","10","0","100","0","0","3"
"1626","122","11371","9","0","100","0","0","4"
"1627","122","11371","8","0","100","0","0","5"
"1628","122","11371","7","0","100","0","0","6"
"1629","122","11371","6","0","100","0","0","7"
"1630","122","11371","5","0","100","0","0","8"
"1631","122","11371","4","0","100","0","0","9"
"1632","122","11371","3","0","100","0","0","10"
"1633","122","11371","2","0","100","0","0","11"
"1634","122","11371","1","0","100","0","0","12"
"1636","30","11573","1","0","100","0","0","8"
"1713","19","12414","1","0","100","0","0","26"
"1715","19","12417","1","0","75","0","0","27"
"1746","110","12480","1","0","100","1","0","52"
"1747","110","12485","1","0","100","1","0","53"
"1748","110","12332","2","0","100","0","0","54"
"1749","110","12332","3","0","100","0","0","55"
"1750","110","12332","4","0","100","0","0","56"
"1758","19","12307","1","0","100","0","0","28"
"1759","129","12434","1","0","100","0","0","0"
"1760","129","12434","2","0","100","0","0","1"
"1761","129","12434","3","0","100","0","0","2"
"1762","129","12434","4","0","100","0","0","3"
"1763","129","12434","5","0","100","0","0","4"
"1764","129","12434","6","0","100","0","0","5"
"1765","129","12434","7","0","100","0","0","6"
"1766","130","12435","1","0","100","0","0","0"
"1767","130","12435","2","0","100","0","0","1"
"1768","130","12435","3","0","100","0","0","2"
"1769","130","12435","4","0","100","0","0","3"
"1770","110","12332","5","0","100","0","0","57"
"1771","110","12420","1","0","100","0","0","58"
"1772","110","12420","2","0","100","0","0","59"
"1773","110","12420","3","0","100","0","0","60"
"1774","110","12420","4","0","100","0","0","61"
"1775","110","12420","5","0","100","0","0","62"
"1779","111","12124","2","0","100","0","0","79"
"1780","111","12124","3","0","100","0","0","80"
"1781","111","12193","2","0","100","0","0","81"
"1782","111","12193","1","0","100","0","0","82"
"1783","111","12193","3","0","100","0","0","83"
"1784","111","11393","3","0","100","0","0","84"
"1785","111","11406","3","0","100","0","0","85"
"1786","111","11406","2","0","100","0","0","86"
"1787","111","11406","1","0","100","0","0","87"
"1788","111","11409","1","0","100","0","0","88"
"1789","111","11409","2","0","100","0","0","89"
"1790","111","11409","3","0","100","0","0","90"
"1791","111","11387","3","0","100","0","0","91"
"1792","111","11387","2","0","100","0","0","92"
"1793","111","11387","1","0","100","0","0","93"
"1794","111","11396","3","0","100","0","0","94"
"1795","111","11396","2","0","100","0","0","95"
"1796","111","11396","1","0","100","0","0","96"
"1797","111","11397","3","0","100","0","0","97"
"1798","111","11397","2","0","100","0","0","98"
"1803","111","12147","3","0","100","0","0","103"
"1804","111","12147","2","0","100","0","0","104"
"1805","111","11388","1","0","100","0","0","105"
"1806","111","11388","3","0","100","0","0","106"
"1807","111","11388","2","0","100","0","0","107"
"1808","111","11390","3","0","100","0","0","108"
"1859","111","12508","2","0","100","0","0","6"
"1860","111","12506","2","0","100","0","0","8"
"1861","111","11393","2","0","100","0","0","99"
"1862","111","11393","1","0","100","0","0","100"
"1863","111","11397","1","0","100","0","0","101"
"1864","111","12147","1","0","100","0","0","102"
"1865","111","11390","1","0","100","0","0","109"
"1866","111","11390","2","0","100","0","0","110"
"1867","111","12189","1","0","100","0","0","111"
"1868","111","12189","2","0","100","0","0","112"
"1869","111","12189","3","0","100","0","0","113"
"1870","111","12188","1","0","100","0","0","114"
"1871","111","12188","2","0","100","0","0","115"
"1872","111","12188","3","0","100","0","0","116"
"1938","44","11979","1","0","100","0","0","6"
"1939","44","12418","1","0","100","0","0","7"
"1940","44","11978","1","0","100","0","0","8"
"1942","16","12252","1","0","100","9","0","3"
"1943","16","12252","2","0","100","9","0","4"
"1944","16","12252","3","0","100","9","0","5"
"1945","16","12490","1","0","100","6","0","8"
"1946","16","11883","1","0","100","8","0","9"
"1947","16","11883","2","0","100","8","0","10"
"1948","16","11606","3","0","100","2","0","14"
"1949","16","11908","1","0","100","4","0","18"
"1950","16","11908","2","0","100","4","0","19"
"1951","16","11908","3","0","100","4","0","20"
"2260","110","12484","1","0","100","1","0","47"
"2344","112","11430","1","0","100","1","0","0"
"2345","112","11411","1","0","100","6","0","1"
"2346","112","11558","1","0","100","2","0","2"
"2347","112","11455","1","0","100","4","0","3"
"2348","112","11199","1","0","100","3","0","4"
"2349","112","11431","1","0","100","1","0","5"
"2408","114","11959","1","0","100","0","0","2"
"2409","114","11959","2","0","100","0","0","3"
"2410","114","11959","5","0","100","0","0","4"
"2411","114","12263","1","0","100","0","0","5"
"2412","114","12263","2","0","100","0","0","6"
"2413","114","12263","5","0","100","0","0","7"
"2414","114","12442","1","0","100","0","0","8"
"2415","114","11525","1","0","100","0","0","9"
"2416","114","11987","1","0","100","0","0","10"
"2417","114","12443","1","0","100","0","0","11"
"2418","114","12444","1","0","100","0","0","12"
"2419","114","12445","1","0","100","0","0","13"
"2420","114","12446","1","0","100","0","0","14"
"2421","114","12447","1","0","100","0","0","15"
"2425","174","12393","1","0","100","0","0","0"
"2426","174","11985","1","0","100","0","0","1"
"2427","174","11984","1","0","100","0","0","2"
"2428","174","12392","1","0","100","0","0","3"
"2429","174","12390","1","0","100","0","0","4"
"2430","174","12397","1","0","100","0","0","5"
"2431","174","12395","1","0","100","0","0","6"
"2432","174","12394","1","0","100","0","0","7"
"2433","174","12391","1","0","100","0","0","8"
"2434","174","12387","1","0","100","0","0","9"
"2435","174","12405","1","0","100","0","0","10"
"2436","174","12388","1","0","100","0","0","11"
"2437","174","12393","2","0","100","0","0","12"
"2438","174","12392","2","0","100","0","0","13"
"2439","174","12390","2","0","100","0","0","14"
"2440","174","12397","2","0","100","0","0","15"
"2441","174","12395","2","0","100","0","0","16"
"2442","174","12394","2","0","100","0","0","17"
"2443","174","12391","2","0","100","0","0","18"
"2444","174","12387","2","0","100","0","0","19"
"2445","174","12405","2","0","100","0","0","20"
"2446","174","12388","2","0","100","0","0","21"
"2447","174","12393","3","0","100","0","0","22"
"2448","174","12392","3","0","100","0","0","23"
"2449","174","12390","3","0","100","0","0","24"
"2450","174","12397","3","0","100","0","0","25"
"2451","174","12395","3","0","100","0","0","26"
"2452","174","12394","3","0","100","0","0","27"
"2453","174","12391","3","0","100","0","0","28"
"2454","174","12387","3","0","100","0","0","29"
"2455","174","12405","3","0","100","0","0","30"
"2456","174","12388","3","0","100","0","0","31"
"2457","174","10928","1","0","100","0","0","32"
"2458","174","11208","1","0","100","0","0","33"
"2459","174","11209","1","0","100","0","0","34"
"2460","174","11006","1","0","100","0","0","35"
"2461","174","11007","1","0","100","0","0","36"
"2462","174","11005","1","0","100","0","0","37"
"2463","174","11004","1","0","100","0","0","38"
"2464","174","10971","1","0","100","0","0","39"
"2465","174","11198","1","0","100","0","0","40"
"2466","174","10974","1","0","100","0","0","41"
"2467","174","11184","1","0","100","0","0","42"
"2468","174","11185","1","0","100","0","0","43"
"2469","174","11186","1","0","100","0","0","44"
"2470","174","10949","1","0","100","0","0","45"
"2471","174","10975","1","0","100","0","0","46"
"2472","174","10946","1","0","100","0","0","47"
"2473","174","11262","1","0","100","0","0","48"
"2474","174","11263","1","0","100","0","0","49"
"2475","174","10945","1","0","100","0","0","50"
"2476","174","11252","1","0","100","0","0","51"
"2477","174","11012","1","0","100","0","0","52"
"2478","174","11253","1","0","100","0","0","53"
"2479","174","11130","1","0","100","0","0","54"
"2480","174","11010","1","0","100","0","0","55"
"2481","174","11156","1","0","100","0","0","56"
"2482","174","11157","1","0","100","0","0","57"
"2483","174","11014","1","0","100","0","0","58"
"2484","174","11119","1","0","100","0","0","59"
"2487","174","11120","1","0","100","0","0","60"
"2488","174","11121","1","0","100","0","0","61"
"2489","174","11013","1","0","100","0","0","62"
"2500","174","11169","1","0","100","0","0","63"
"2501","174","11170","1","0","100","0","0","64"
"2502","174","11171","1","0","100","0","0","65"
"2503","174","11141","1","0","100","0","0","66"
"2504","174","11142","1","0","100","0","0","67"
"2505","174","11143","1","0","100","0","0","68"
"2506","174","11221","1","0","100","0","0","69"
"2507","174","11222","1","0","100","0","0","70"
"2508","174","11223","1","0","100","0","0","71"
"2509","174","11440","1","0","100","0","0","72"
"2510","174","11446","1","0","100","0","0","73"
"2511","174","11451","1","0","100","0","0","74"
"2512","174","11514","1","0","100","0","0","75"
"2513","174","11535","1","0","100","0","0","76"
"2514","174","11556","1","0","100","0","0","77"
"2522","174","11985","2","0","100","0","0","78"
"2523","174","11985","3","0","100","0","0","79"
"2524","174","11984","2","0","100","0","0","80"
"2525","174","11984","3","0","100","0","0","81"
"2526","197","12678","1","0","100","0","0","0"
"2527","197","12678","2","0","100","0","0","1"
"2572","234","12739","1","0","100","0","0","0"
"2573","234","12741","1","0","100","0","0","1"
"2574","234","12742","1","0","100","0","0","2"
"2575","234","12740","1","0","100","0","0","3"
"2577","197","12678","3","0","100","0","0","2"
"2609","14","11373","1","0","100","0","0","25"
"2626","244","12786","1","0","100","0","0","0"
"2627","244","12787","1","0","100","0","0","1"
"2642","253","12759","1","0","100","0","0","0"
"2643","253","12759","2","0","100","0","0","1"
"2644","253","12759","3","0","100","0","0","2"
"2645","253","12759","4","0","100","0","0","3"
"2646","253","12759","5","0","100","0","0","4"
"2647","253","12759","6","0","100","0","0","5"
"2648","253","12759","7","0","100","0","0","6"
"2674","30","11624","1","0","100","0","0","9"
"2675","30","11643","1","0","100","0","0","10"
"2676","30","12206","1","0","100","0","0","11"
"2677","30","12360","1","0","100","0","0","12"
"2679","95","12022","1","0","100","0","0","7"
"2680","95","12042","1","0","100","0","0","8"
"2681","95","12336","1","0","100","0","0","9"
"2682","253","12759","8","0","100","0","0","7"
"2683","95","12336","2","0","100","0","0","10"
"2684","95","12425","1","0","100","0","0","11"
"2686","255","12680","1","0","100","0","0","0"
"2687","255","12692","1","0","100","0","0","1"
"2688","255","12704","1","0","100","0","0","2"
"2689","255","12712","1","0","100","0","0","3"
"2690","254","12705","1","0","100","0","0","0"
"2691","254","12706","1","0","100","0","0","1"
"2692","254","12711","1","0","100","0","0","2"
"2694","256","12708","1","0","100","0","0","0"
"2695","256","12709","1","0","100","0","0","1"
"2696","256","12710","1","0","100","0","0","2"
"2698","256","12713","1","0","100","0","0","3"
"2699","254","12714","1","0","100","0","0","3"
"2700","254","12735","1","0","100","0","0","4"
"2701","254","12779","1","0","100","0","0","5"
"2702","29","12699","1","0","100","0","0","26"
"2703","29","12700","1","0","100","0","0","27"
"2704","29","12701","1","0","100","0","0","28"
"2705","29","12723","1","0","100","0","0","29"
"2706","5","12715","1","0","100","0","0","40"
"2708","14","12780","1","0","100","0","0","26"
"2709","254","12821","1","0","100","0","0","6"
"2710","30","12333","1","0","100","0","0","13"
"2721","118","12774","1","0","100","0","0","15"
"2722","118","12775","1","0","100","0","0","16"
"2723","118","12776","1","0","100","0","0","17"
"2724","118","12777","1","0","100","0","0","18"
"2725","118","12778","1","0","100","0","0","19"
"2726","118","12761","1","0","100","0","0","20"
"2727","118","12767","1","0","100","0","0","21"
"2728","118","12768","1","0","100","0","0","22"
"2729","118","12769","1","0","100","0","0","23"
"2730","118","12770","1","0","100","0","0","24"
"2735","256","12698","1","0","100","0","0","4"
"2736","263","10893","1","0","100","0","0","0"
"2737","263","10893","2","0","100","0","0","1"
"2738","263","11084","1","0","100","0","0","2"
"2739","263","11084","2","0","100","0","0","3"
"2740","263","11187","1","0","100","0","0","4"
"2741","263","11187","2","0","100","0","0","5"
"2824","113","11129","1","0","78","0","0","112"
"2825","254","12827","1","0","100","0","0","7"
"2919","311","12955","1","0","100","0","0","0"
"2920","311","12956","1","0","100","0","0","1"
"2921","311","12957","1","0","100","0","0","2"
"2922","311","12958","1","0","100","0","0","3"
"2923","311","12959","1","0","100","0","0","4"
"2925","311","12976","1","0","100","0","0","5"
"2926","311","12977","1","0","100","0","0","6"
"2969","322","13008","1","0","100","0","0","0"
"2970","322","13012","1","0","100","0","0","1"
"2971","322","13011","1","0","100","0","0","2"
"2972","322","13010","1","0","100","0","0","3"
"2973","322","13009","1","0","100","0","0","4"
"3044","331","13140","1","0","50","0","0","0"
"3045","331","13140","2","0","100","0","0","1"
"3046","331","13140","3","0","100","0","0","2"
"3047","331","13140","4","0","50","0","0","3"
"3048","331","13140","5","0","100","0","0","4"
"3049","331","13140","6","0","100","0","0","5"
