Id,Unknown0,Unknown1_0,Unknown1_1,Unknown1_2,Unknown1_3,Unknown2,Unknown3,Unknown4,Unknown5,Unknown6,Unknown7,Unknown8,Unknown9,Unknown10,Unknown11
"1","Ghost Screen Effect","0","0","0","0","3","0","0","-1","1","0","-1","0","462","36"
"21","Arthas Memory Events","3271557120","4","0","0","0","0","0","-1","3","0","-1","0","0","0"
"41","Borean Tundra - Mist of the Kvaldir","4294967295","6","40","0","0","0","0","-1","3","0","-1","0","0","0"
"43","ZP - Zombie-Vision","3355377664","4","0","0","0","0","0","-1","3","0","-1","0","0","0"
"61","BOTM - Jungle Madness","3430268507","2","25","0","0","0","0","-1","3","0","-1","0","0","0"
"81","Invis Screen Effect","0","0","0","0","0","0","0","-1","2","0","-1","0","462","36"
"82","Zul'Drak - Altar of Quetz'lun - ELM","0","0","0","0","0","0","0","-1","1","0","-1","0","462","36"
"101","Quest - Eye of Acherus","4110417920","4","0","0","0","0","0","-1","3","0","-1","0","0","0"
"121","Quest - Invis Screen Effect","0","0","0","0","0","0","0","-1","2","0","-1","0","462","36"
"122","Quest - Ghost Screen Effect","0","0","0","0","0","0","0","-1","1","0","-1","0","462","36"
"123","Quest - Realm of Shadows","2232618780","1","60","0","0","0","0","-1","3","0","-1","0","0","0"
"141","Ebon Hold - Chapter II Skybox (DND)","0","0","0","0","775","0","0","-1","0","0","-1","0","472","449"
"161","CoT Stratholme - Time Warp","4287393024","8","40","0","0","0","0","-1","3","0","-1","0","0","0"
"181","Ebon HOld - Chapter IV - Finale","0","0","0","0","0","0","0","-1","0","0","-1","0","474","452"
"201","Ebon Hold - Transition","4278190080","1","100","0","0","0","0","-1","3","0","-1","0","0","0"
"221","Howling Fjord - Echo of Ymiron","0","0","0","0","0","0","0","-1","2","0","-1","0","0","0"
"222","DrakTharon - Skeleton Form","4288546560","4","10","0","0","0","0","-1","3","0","-1","0","0","0"
"242","Quest - Iron Colossus Battle (Skybox)","0","0","0","0","810","0","0","-1","0","0","-1","0","0","0"
"262","Icecrown - Argent Skytalon","2507305586","9","0","0","0","0","0","-1","3","0","-1","0","0","209"
"282","Icecrown - Emerald Nightmare","3422617344","2","25","0","0","0","0","-1","3","0","-1","0","28","0"
"302","Icecrown - Argent Defenders","0","0","0","0","0","0","0","-1","0","0","-1","0","0","0"
"322","Ebon Hold - Chapter III","0","0","0","0","0","0","0","-1","0","0","-1","0","473","452"
"342","Dragonblight - World of Shadows","0","0","0","0","0","0","0","-1","2","0","-1","0","474","452"
"362","Icecrown - Naz'anak","3355442","200","20","0","0","0","0","-1","3","0","-1","0","0","0"
"382","Icecrown Bomber - See Cloak Dome","1941958144","2","0","0","0","0","0","-1","3","0","-1","0","0","0"
"402","Icecrown - Sniper Rifle","0","8","30","0","0","0","0","-1","3","0","-1","0","0","0"
"422","CoA Black - Twilight Shift","4118699738","4","0","0","0","0","0","-1","3","0","-1","0","0","0"
"442","Ebon Hold - Chapter IV Skybox (DND)","0","0","0","0","775","0","0","-1","0","0","-1","0","472","502"
"462","Drakil'jin Death","0","0","0","0","0","0","0","-1","1","0","-1","0","462","36"
"482","Ulduar Raid - Worm Hole","0","0","0","0","0","0","0","-1","1","0","-1","0","0","36"
"502","Ulduar Raid - Phase Punch Effect 01","4294967295","12","60","0","0","0","0","-1","3","0","-1","0","0","0"
"522","Jinx's Elf Detection Ray","1941958144","2","0","0","0","0","0","-1","3","0","-1","0","0","0"
"542","Alexander - Black Circle","4278190080","4","0","0","0","0","0","-1","3","0","-1","0","41","9"
"582","Desolace - Firestorm","0","0","0","0","0","0","0","-1","0","0","-1","0","478","0"
"602","Hrothgar's Landing - Mist of the Kvaldir","4294967295","8","40","0","0","0","0","-1","3","0","-1","0","0","0"
"623","The Lost Isles - Infrared Heatfocals","3355377664","3","10","0","0","0","0","-1","3","0","-1","0","0","0"
"642","Quest - Worgen Intro","16711680","0","50","0","0","0","0","-1","3","0","-1","0","0","0"
"662","Quest - Worgen Intro","0","0","0","0","0","0","0","-1","2","0","-1","0","0","0"
"682","The Wound - Vision of Thrall","4294967295","8","40","0","0","0","0","-1","3","0","-1","0","0","0"
"702","South Barrens - Nightmare Scar","0","0","0","0","0","0","0","-1","0","0","-1","0","0","240"
"722","The Lost Isles - ""Capturing The Unknown""","0","1","100","0","0","0","0","-1","3","0","-1","0","0","0"
"743","Vashj'ir - Shark Bait","4288546560","4","10","0","0","0","0","-1","3","0","-1","0","0","0"
"744","Icecrown Raid - Swarming Shadows","3347992768","4","0","0","0","0","0","-1","3","0","-1","0","0","0"
"745","Vashj'ir - Blackout","4278190080","1","1","0","0","0","0","-1","4","0","-1","0","41","0"
"747","Ruby Sanctum - Twilight Shift","4118699738","4","0","0","0","0","0","-1","3","0","-1","0","505","0"
"748","DEBUG - Test Skybox Effect","0","0","0","0","775","0","0","-1","0","0","-1","0","0","0"
"752","Quest - Visions of the Past (Naz'jar Battlemaiden)","2499805184","2","0","0","0","0","0","-1","3","0","-1","0","0","0"
"754","Shaman - Hex","4116695134","4","0","0","0","0","0","-1","3","0","-1","0","0","0"
"755","Quest - Heat Vision (Stonetalon)","1862205440","5","0","0","0","0","0","-1","3","0","-1","0","0","0"
"756","CC Prologue - ET - Big Battle","0","0","0","0","0","0","0","-1","0","0","-1","0","0","574"
"757","CC Prologue - ET - Med Battle","0","0","0","0","0","0","0","-1","0","0","-1","0","0","572"
"758","CC Prologue - ET - Magic","0","0","0","0","0","0","0","-1","0","0","-1","0","0","573"
"759","CC Prologue - ET - Quiet","0","0","0","0","0","0","0","-1","0","0","-1","0","0","571"
"760","CC Prologue - ET - Rally","0","0","0","0","0","0","0","-1","0","0","-1","0","0","570"
"761","CC Prologue - Skybox - Fire Sky","0","0","0","0","775","0","0","-1","0","0","-1","0","0","0"
"762","The Lost Isles - Phase 8+ Skybox","0","0","0","0","907","0","0","-1","0","0","-1","0","0","0"
"763","CC Prologue - Skybox - Test","0","0","0","0","426","0","0","-1","0","0","-1","0","0","0"
"764","CC Pro - EA - SW Phase Chage","0","0","0","0","0","0","0","-1","1","0","-1","0","0","0"
"765","Deadmines 4.x - Visions of the Past","4294967295","6","100","0","0","0","0","-1","3","0","-1","0","0","0"
"766","CC Prologue - Skybox - TB","0","0","0","0","426","0","0","-1","0","0","-1","0","0","0"
"767","Westfall 4.x - Sentinel Hill Burning","0","0","0","0","775","1000","1500","-1","0","0","7","0","0","0"
"768","Redridge 4.x - Render's Valley Camera","4294967295","8","0","0","0","0","0","-1","3","0","-1","0","0","0"
"769","Redridge 4.x - Render's Valley","0","0","0","0","883","0","0","-1","0","0","-1","0","0","0"
"770","Lost City of Tol'vir - Hamadi - Ghost World","3341690170","5","8","0","821","0","0","-1","3","0","-1","0","0","0"
"771","Silverpine 4.x - Transdimensional Shift","3287417052","4","0","0","508","0","0","-1","3","0","-1","0","0","0"
"772","Uldum - Sapphire Sight","1929407475","2","0","0","0","0","0","-1","3","0","-1","0","0","0"
"773","Twilight Bastion - Twilight Shift","4118699738","4","0","0","0","0","0","-1","3","0","-1","0","505","0"
"774","Badlands 4.x - TDDC Sunny","14247466","100","0","0","12","0","0","-1","3","0","-1","0","29","0"
"775","Badlands 4.x - TDDC Cloudy","14247466","100","0","0","800","0","0","-1","3","0","-1","0","0","0"
"776","Swamp of Sorrows - Stonard Battle","0","0","0","0","496","0","0","-1","0","0","-1","0","623","209"
"778","The Lost Isles - ""Meet Me Up Top"" - Storm","0","0","0","0","409","0","0","-1","0","0","-1","0","0","0"
"779","Uldum - Blackout","4278190080","2","2","0","0","0","0","-1","4","0","-1","0","41","287"
"780","Felwood 4.x - Pocket Dimension","0","0","0","0","575","0","0","-1","2","0","-1","0","443","302"
"781","Feralas 4.x - Twilight Sermon","0","0","0","0","953","0","0","-1","0","0","-1","0","0","0"
"782","Blackout - No Music","4278190080","1","1","0","0","0","0","-1","4","0","-1","0","41","0"
"783","Hillsbrad 4.x - Fade to Black","4278190080","1","1","0","0","0","0","-1","4","0","-1","0","0","0"
"784","Felwood 4.x - Blindfold - Fade to Black","4278190080","4294967295","4294967295","0","0","0","0","-1","4","0","-1","0","0","0"
"785","Felwood 4.x - Demon Vision","48129","2","25","0","0","0","0","-1","3","0","-1","0","0","0"
"786","Felwood - Demon Vision 02","4278190080","5","25","0","966","0","0","-1","3","0","-1","0","0","0"
"787","Deadmines 4.x - Ripsnarl's Fog","4294967295","6","40","0","0","0","0","-1","3","0","-1","0","0","0"
"788","Uldum - Do the Honors fadetoblack","4278190080","1","1","0","0","0","0","-1","4","0","-1","0","41","287"
"789","TH - Weeping Wound - Blackout","4278190080","3","3","0","0","0","0","-1","4","0","-1","0","41","287"
"790","Twiligh Highlands - Digestive Juices - Level 1","4278449408","10","0","0","0","0","0","-1","3","0","-1","0","0","0"
"791","Twiligh Highlands - Digestive Juices - Level 2","4278449408","8","20","0","0","0","0","-1","3","0","-1","0","0","0"
"792","Twiligh Highlands - Digestive Juices - Level 3","4278449408","3","80","0","0","0","0","-1","3","0","-1","0","0","0"
"793","Deadmines 4.x - Vanessa's Blackout","4278190080","2","2","0","0","0","0","-1","4","0","-1","0","41","188"
"794","Twilight Bastion - Conversion","4110430194","4","0","0","0","0","0","-1","3","0","-1","0","505","0"
"795","Deadmines 4.x - Nightmare","0","0","0","0","0","0","0","-1","2","0","-1","0","0","0"
"796","Deadmines 4.x - Nightmare (Glubtok)","4291185690","5","0","0","0","0","0","-1","3","0","-1","0","0","0"
"797","Deadmines 4.x - Nightmare (Helix)","4278190080","3","50","0","0","0","0","-1","3","0","-1","0","0","0"
"798","Deadmines 4.x - Nightmare (Mechanical)","4290117631","6","0","0","0","0","0","-1","3","0","-1","0","0","0"
"799","Deadmines 4.x - Nightmare (Ripsnarl)","4284219392","3","0","0","0","0","0","-1","3","0","-1","0","0","0"
"800","Blinding Shadows","0","0","0","0","0","0","0","-1","2","0","-1","0","0","0"
"801","TH - Wildhammer Wedding - Aura of Darkness","0","0","0","0","902","0","0","-1","0","0","-1","0","0","0"
"802","TH - Wildhammer Wedding - Darkness Effect","4278190080","3","0","0","0","0","0","-1","3","0","-1","0","0","0"
"803","Kezan - ""Life Savings"" - Fade to Black","4278190080","4294967295","4294967295","0","0","0","0","-1","4","0","-1","0","0","0"
"804","Twilight Highlands - ""Skullcrusher the Mountain"" - Fade to Black","0","1","1","0","0","0","0","-1","4","0","-1","0","0","0"
"805","Uldum - Fast Blackout","4278190080","1","1","0","0","0","0","-1","4","0","-1","0","41","287"
"806","TH - Night Terrors - Darkness Effect","4278190080","1","0","0","0","0","0","-1","3","0","-1","0","633","0"
"807","Stormwind - Immediate Blackout","4278190080","4294967295","4294967295","0","0","0","0","-1","4","0","-1","0","41","287"
"808","Silithus 4.x - Cenarion Hold Hallucination","4278190080","5","0","0","433","0","0","-1","3","0","-1","0","462","254"
"809","Uldum - Instant Blackout","4278190080","4294967295","4294967295","0","0","0","0","-1","4","0","-1","0","41","287"
"815","Zul'Gurub 4.x - Jin'do Spirit World","9961727","6","50","0","0","0","0","-1","3","0","-1","0","0","0"
"816","EoE - Arygos Deathwing Meeting","4291940817","3","0","0","0","0","0","-1","3","0","-1","0","0","0"
"817","Uldum Sounds - Fade to Black - JSB","4278190080","1","1","0","0","0","0","-1","4","0","-1","0","41","287"
"818","Firelands Dailies: -hmc - Hide and Seek","4278190080","1","3","0","0","0","0","-1","4","0","-1","0","41","0"
"819","Blackout (Include Chat Bubbles)","4278190080","1","1","1","0","0","0","-1","4","0","-1","0","41","0"
"821","Coldarra - Alignment","0","0","0","0","1049","0","0","-1","0","0","-1","0","0","0"
"822","Alignment - Blackout","4278190080","1","1","0","1049","0","0","-1","4","1","-1","0","0","448"
"823","Hyjal 4.2 - Fiery Skybox","0","0","0","0","1045","0","0","-1","0","0","-1","0","0","0"
"824","Elemental Bonds - Dream Effect","4288588526","6","35","0","0","0","0","-1","3","0","-1","0","0","0"
"827","Generic - Fade to Black - 1/1 sec","4278190080","1","1","0","0","0","0","-1","4","0","1","0","0","0"
"828","Generic - Instant Blackout","4278190080","4294967295","4294967295","0","0","0","0","-1","4","0","-1","0","0","0"
"829","Elemental Bonds - Uldum - Skybox 1","0","0","0","0","500","0","0","-1","0","0","-1","0","0","0"
"830","Firelands Dailies - Blackout","4278190080","2","2","0","0","0","0","-1","4","0","-1","0","41","0"
"831","Elemental Bonds - Vow Flashback","5290317","3","60","0","0","0","0","-1","3","0","-1","0","0","0"
"832","Coldarra - Alignment - Fade to Black - 1 sec","4278190080","1","1","0","1049","0","0","-1","4","0","-1","0","0","0"
"833","Coldarra - Alignment - Reset Skybox","0","0","0","0","1049","0","0","-1","0","1","-1","0","0","0"
"838","Alignment - Fade to Black - 1 sec","4278190080","1","1","0","1049","0","0","-1","4","0","-1","0","0","0"
"842","Jeremy's Test Weather","0","0","0","0","838","0","0","-1","0","0","-1","0","0","0"
"843","Deathwing Dungeon - End Time - Murozond Rewind Skybox","0","0","100","0","1073","0","0","-1","3","0","-1","0","472","502"
"846","Slow Blackout","4278190080","5","3","0","0","0","0","-1","4","0","-1","0","0","0"
"847","Test - JZB - Skybox - Test","0","0","0","0","917","0","0","-1","0","0","-1","0","0","0"
"851","Hour of Twilight - Twilight Epiphany","4118699738","4","0","0","0","0","0","-1","3","0","-1","0","505","0"
"852","Zon'ozz Darkness","0","2","2","0","0","0","0","-1","3","0","-1","0","0","0"
"853","Quest - Jade Forest Night","0","0","0","0","0","0","0","0","0","0","-1","0","0","0"
"854","Darren's Test Screen Effect","0","0","0","0","0","0","0","0","0","0","-1","0","0","0"
"855","Darren's Test Screen Effect 2","0","0","0","0","0","0","0","360","0","0","-1","0","0","0"
"858","Quest - Meditation","2503038752","2","0","0","0","0","0","-1","3","0","-1","0","0","0"
"860","Quest - Meditation II","2502993324","2","0","0","0","0","0","-1","3","0","-1","0","0","0"
"861","Quest - Meditation - Alliance Version","2515448096","2","0","0","0","0","0","-1","3","0","-1","0","0","0"
"862","Helen's Test Effect","4294939648","2","0","0","0","0","0","-1","3","0","-1","0","0","0"
"863","Jade Forest: -hmc - Gathering Mist (Orange)","4294939648","3","0","0","0","0","0","-1","3","0","-1","0","0","0"
"864","Jade Forest: -hmc - Waterspeaker's Vision","4287149055","13","0","0","0","0","0","-1","3","0","-1","0","0","0"
"865","Deathwing Raid - Dragon Soul - Ultraxion Skybox Main","0","0","0","0","1100","0","0","-1","0","0","-1","0","0","0"
"866","Deathwing Raid - Dragon Soul - Ultraxion Fog Effect","4118699738","4","0","0","0","0","0","-1","3","0","-1","0","505","0"
"867","Corrupted Deathwing - Ysera - Dream","3137379601","2","0","0","0","0","0","-1","3","0","-1","0","0","0"
"868","Corrupted Deathwing - Cataclysm","4278190080","3","1","0","0","0","0","-1","4","0","-1","0","41","0"
"869","Quest - Jade Forest, No Fog","0","0","0","0","1081","0","0","-1","0","0","-1","0","0","0"
"870","Shadowpan Hideout - Master Boss - Haze of Hate (Red Fog)","4293459968","3","80","0","0","0","0","-1","3","0","-1","0","0","0"
"871","Jade Forest: -hmc - Sha Sky","0","0","0","0","1224","5000","5000","-1","0","0","14","0","1044","1133"
"872","Deathwing Raid - Dragon Soul - Calm Maelstrom","0","0","0","0","1131","0","0","-1","0","0","-1","0","0","0"
"873","Valley of the Four Winds - ""Cleaning House"" Fade to Black","4278190080","6","1","0","0","0","0","-1","4","0","-1","0","0","0"
"877","Rogue Legendary - Assassin's Sight","4280887593","6","40","0","0","0","0","-1","3","0","-1","0","0","0"
"882","Morchok - Resonating Crystal - Deadly","4294246400","8","20","0","0","0","0","-1","3","0","-1","0","0","0"
"883","Morchok - Resonating Crystal - Warning","4294967040","8","20","0","0","0","0","-1","3","0","-1","0","0","0"
"884","Zhu's Despair (DLA)","0","2","4","0","0","0","0","-1","4","0","-1","0","0","0"
"885","Valley of the 4W: -zto - The Beast is Near (Blue)","4278233847","3","0","0","0","0","0","-1","3","0","-1","0","0","0"
"886","Generic - Fade to Black - 6/3 sec","4278190080","6","3","0","0","0","0","-1","4","0","-1","0","0","0"
"887","Battle for Theramore - 9:00PM (Sunset)","0","0","0","0","0","0","0","1260","0","0","-1","0","0","0"
"892","Quest: -hmc - Dream Brew","11688192","5","0","0","0","0","0","0","3","0","-1","0","462","36"
"893","Warlock Shadowmoon Valley","0","0","100","0","513","0","0","-1","3","0","-1","0","472","502"
"894","Quest - Meditation - Pre-battle","2506502317","2","0","0","0","0","0","-1","3","0","-1","0","0","0"
"895","The Tan Chao - Whiteout (DLA)","16777157","3","3","0","0","0","0","-1","4","0","-1","0","0","0"
"896","Brewery - Blackout","4278190080","1","1","2","0","0","0","-1","3","0","-1","0","0","0"
"904","Krasarang - Nahassa - Feverish Deathbite","0","0","0","0","0","0","0","-1","2","0","-1","0","0","0"
"905","Mogu Raid - Troll Boss - Spirit World Skybox","0","0","0","0","861","0","0","-1","0","0","-1","0","0","0"
"912","Sha of Doubt - Doubt Phase","3342467960","6","30","0","0","0","0","-1","3","0","-1","0","0","0"
"915","Quest - Townlong Steppes - 50% Hatred - Red","4293459968","8","0","0","1224","0","0","-1","3","0","1","0","0","0"
"916","Quest - Townlong Steppes - 100% Hatred - Red","4293459968","3","80","0","1224","0","0","-1","3","0","1","0","0","0"
"917","Kun-Lai Summit - Blinded by Rage (NLC)","3595372032","1","0","0","0","0","0","-1","3","0","-1","0","0","0"
"918","Kun-Lai Summit - Posessed By Rage","3595372032","0","100","0","0","0","0","-1","3","0","-1","0","0","0"
"919","Valley of the 4W: -zto - Deep Gloom (Blue)","4284380020","3","0","0","0","0","0","-1","3","0","-1","0","0","0"
"920","Kun-Lai Summit - Blinding Rage (NLC)","3595372032","5","0","0","0","0","0","-1","3","0","-1","0","0","0"
"921","Valley of Power Scenario - 10:00PM","0","0","0","0","0","0","0","1320","0","0","-1","0","0","0"
"922","Generic - Fade to Black - 1/2 sec","4278190080","2","1","1","0","0","0","-1","4","0","-1","0","0","0"
"923","Generic - Fade to Black - 1/4 sec","4278190080","1","4","0","0","0","0","-1","4","0","-1","0","0","0"
"924","Mantid Siege - Neronok - Resin Warning","2952758784","5","0","0","0","0","0","-1","3","0","-1","0","0","0"
"925","Red Outline","4293459968","6","0","0","0","0","0","-1","3","0","-1","0","0","0"
"926","Quest - Townlong Steppes - Abandonment","4283650915","6","90","0","0","0","0","-1","3","0","-1","0","0","0"
"927","Jade Forest - Cut to Black - No Music","4278190080","0","3","0","0","0","0","-1","4","0","-1","0","0","0"
"928","Sha Raid - Gold Dragon - Night Time","0","0","0","0","1353","2","2","1350","0","0","-1","0","0","0"
"929","Sha Raid - Jinyu Council - Lightning Prison - SLG","4278225377","6","0","0","0","0","0","-1","3","0","-1","0","0","0"
"930","Morgan Test","0","2","2","0","0","0","0","1140","4","0","-1","0","0","0"
"931","Jade Forest: -hmc - Sha Sky Light","0","0","0","0","1358","0","0","-1","0","0","-1","0","1044","1133"
"932","Jade Forest: -hmc - Vale of Eternal Blossoms","0","0","0","0","1117","0","0","-1","0","0","-1","0","0","0"
"933","Jade Forest - Pre-Sha Skybox","0","0","0","0","1106","5000","5000","-1","0","0","-1","0","0","0"
"935","Jade Forest - Blackout - Fade-in","4278190080","1","0","0","0","0","0","-1","4","0","-1","0","0","0"
"936","Death Knight - Purgatory","4278190080","2","50","0","0","0","0","-1","3","0","-1","0","0","0"
"938","Generic - Fade to Black - 0/1 sec","4278190080","1","0","0","0","0","0","-1","4","0","-1","0","0","0"
"939","Item - Snow Lily Incense","4123314334","5","0","0","0","0","0","-1","3","0","-1","0","0","0"
"940","Item - Silversage Incense","4118202509","5","0","0","0","0","0","-1","3","0","-1","0","0","0"
"941","Generic - Instant Whiteout","4294967295","4294967295","1","0","0","0","0","-1","4","0","-1","0","0","0"
"942","Item - Four Senses Brew","4119299975","5","0","0","0","0","0","-1","3","0","-1","0","0","0"
"943","Generic - Instant Blackout - 1 sec Fade in","4278190080","4294967295","0","0","0","0","0","-1","4","0","-1","0","0","0"
"945","Kun-Lai Summit - Sha of Anger (Red Fog)","4293459968","5","80","0","0","1","1","-1","3","0","-1","0","0","0"
"946","VoEB - Stormcaller Sky (CSA)","0","0","0","0","1022","5000","5000","-1","0","0","-1","0","1051","0"
"948","Item - Sha Toy Fog","4116470876","5","40","0","0","0","0","-1","3","0","-1","0","0","0"
"949","Darren's Test Screen Effect 3","4293459968","5","80","0","0","1","1","-1","3","0","1","0","0","0"
"950","Darren's Test Screen Effect 4","789169","6","80","0","0","0","0","-1","3","0","3","0","0","0"
"951","Generic - Instant Blackout - 1 sec Fade in","4278190080","4294967295","1","0","0","0","0","-1","4","0","-1","0","0","0"
"953","VoEB - Spirit Void (CSA)","0","3","40","0","0","2","2","-1","3","0","-1","0","0","1119"
"958","Generic - Instant Blackout - 1 sec Fade in (no skybox)","4278190080","4294967295","1","0","0","0","0","-1","4","0","1","0","0","0"
"959","Dread Wastes - Congealed Terror","7039851","2","100","0","0","0","0","-1","3","0","-1","0","0","0"
"960","Generic - Zone Music Disabled","0","0","0","0","0","0","0","-1","0","0","4","0","0","414"
"961","Enraged - Warrior","2156986368","8","0","0","0","1","1","-1","3","0","-1","0","0","0"
"962","Dread Wastes - Fast Blackout","4278190080","1","1","0","0","0","0","-1","4","0","-1","0","0","1119"
"963","Generic - Fade to Black - 4/4 sec","4278190080","4","4","0","0","0","0","-1","4","0","-1","0","0","0"
"964","Generic - Instant Blackout - 3 sec Fade Out","4278190080","4294967295","3","0","0","0","0","-1","4","0","-1","0","0","0"
"966","Scenario - Fort (A) - Lion's Landing Defense Skybox","0","0","0","0","775","0","0","-1","0","0","-1","0","0","0"
"967","Generic - Flashback Foggy - ZTO","847282304","50","80","0","0","0","0","-1","3","0","1","0","0","0"
"968","Thunder King Raid - Mogu Concubines - Darkness - CRT","936825863","20","0","0","821","0","0","0","3","0","11","0","0","0"
"969","Test - CRT","0","1","5","0","0","0","0","-1","4","0","-1","0","0","0"
"970","Generic - Time of Day 5:00PM/17:00 (zto)","0","0","0","0","0","0","0","1020","0","0","8","0","0","0"
"971","Scenario - Drain Power","2634060031","3","0","0","1049","0","0","-1","3","0","1","0","0","0"
"972","Kun-Lai Summit 5.1: -hmc - Sha Sky - No Music","0","0","0","0","1224","5000","5000","-1","0","0","10","0","1067","1324"
"973","5.2 Scenario - Shipyard Progression - Night","0","0","0","0","0","0","0","0","0","0","8","0","0","0"
"974","Thunder King Raid - Mogu Concubines - See Stars - CRT","0","0","0","0","0","0","0","-1","2","0","1","0","0","0"
"975","Thunder King Raid - Lei Shen - Overcharge","4278205436","10","0","0","0","0","0","-1","3","0","-1","0","0","0"
"976","Brawls - Point of Light","0","0","0","0","1564","0","0","-1","0","0","-1","0","0","0"
"977","Isle of Giants - Clinging Mist","4294967295","3","40","0","1557","1","1","-1","3","0","3","0","0","0"
"979","Legendary 5.2 - Stormy Skybox","0","0","0","0","1568","10000","5000","-1","0","0","6","0","0","0"
"981","IottK Summoned Boss - Buried Alive","0","3","1","0","0","0","0","-1","4","0","1","0","0","0"
"982","Internal - Jeremy's Test Time","0","0","0","0","0","0","0","1080","0","0","-1","0","0","0"
"983","Frostwind Desert 6.0: zto - Desert Winds","2106934460","1","0","0","0","0","0","-1","3","0","1","0","0","0"
"984","Color-Seein' - Red","4278190335","40","40","1","1616","3","3","-1","4","0","5","0","0","0"
"985","Color-Seein' - Orange","4278222335","40","40","1","1616","3","3","-1","4","0","5","0","0","0"
"986","Color-Seein' - Yellow","4278255615","40","40","1","1616","3","3","-1","4","0","5","0","0","0"
"987","Color-Seein' - Green","4278255360","40","40","1","1616","3","3","-1","4","0","1","0","0","0"
"988","Color-Seein' - Blue","4294901760","40","40","1","1616","3","3","-1","4","0","5","0","0","0"
"989","Color-Seein' - Purple","4286382080","40","40","1","1616","3","3","-1","4","0","5","0","0","0"
"990","Kun-Lai Summit 5.3: zto - Wisdom of the Emperor Scene","0","0","0","0","776","5","5","-1","0","0","2","0","0","0"
"991","Broken Shore Scenario - Intro Skybox","4505607","60","0","0","2641","0","10000","-1","2","0","2","0","0","0"
"992","Garrosh Raid - Garrosh Encounter - Heart Room Fade Out","4278190080","4","2","0","0","0","0","-1","4","0","-1","0","0","0"
"993","Garrosh Raid - Garrosh Encounter - Heart Room Screen FX","1145766135","0","1","0","0","0","0","-1","3","0","13","0","505","0"
"995","Garrosh Raid - Water Elemental Boss - Ambient FX","182779391","1","0","2","0","0","0","-1","3","0","11","0","505","0"
"997","Garrosh Raid - Pride Realm","1241514078","0","35","0","0","0","0","-1","3","0","-1","0","1139","0"
"998","Garrosh Raid - Keeper - Look Within","16777215","6","40","0","0","0","0","-1","3","0","-1","0","505","0"
"999","Garrosh Raid - Garrosh Encounter - Heart Room Skybox","0","0","0","0","1353","2","2","1350","0","0","2","0","0","0"
"1000","Quest - Shadowmoon Valley 6.0 (Ominous Portents: Scene) - ELM","4280190720","7","0","0","0","0","0","-1","3","0","1","0","0","851"
"1001","Generic - Whiteout (1 fade in)","4294967295","1","1","0","0","0","0","-1","4","0","-1","0","0","0"
"1002","Garrosh Raid - Garrosh Encounter - Rancor FX","1145766135","1","2","0","0","0","0","-1","3","0","1","0","505","0"
"1003","Garrosh Raid - Garrosh Encounter - Heroic Phase","0","0","0","0","8","0","0","-1","0","0","2","0","0","0"
"1006","Generic - Time of Day 7:00PM","0","0","0","0","0","0","0","1140","0","0","8","0","0","0"
"1007","Timeless Isle - Vazuvius Skybox","0","0","0","0","1130","10000","15000","0","0","0","10","0","0","0"
"1010","Generic - Whiteout (1 fade in)","4294967295","1","1","0","0","0","0","-1","4","0","1","0","0","0"
"1011","Timeless Isle 5.4 - Timeless Isle Flashback","3078834182","2","60","0","0","0","0","-1","3","0","1","0","0","0"
"1012","Timeless Isle 5.4 - Timeless Isle Fade To Bronze","5879036","2","2","0","0","0","0","-1","4","0","1","0","0","0"
"1020","Frostfire Ridge 6.0: zto - Drek'thar's Vision (Dist 50)","11455695","50","60","0","0","0","0","-1","2","0","1","0","0","0"
"1022","6.0 - The Pale - Dementia (Half Stacks)","2002321526","5","0","0","0","0","0","-1","3","0","1","0","0","0"
"1023","6.0 - The Pale - Dementia (Full Stacks)","3479240822","0","0","0","0","0","0","-1","2","0","1","0","0","0"
"1025","Quest - Frostfire Ridge (""Pool of Visions"" Scene) - ELM","11455695","1000","60","0","0","0","0","-1","2","0","1","0","0","0"
"1026","Jeremy's Test Skybox","0","0","0","0","772","1","1","-1","0","0","-1","0","0","0"
"1027","Razorfen Kraul 6.x - Spirit Link Totem Effect - KJD","3728797","30","40","0","665","30","30","60","3","0","5","0","427","0"
"1028","Prophetic Vision - CRT","3344368838","7","0","0","821","0","0","-1","3","0","9","0","0","0"
"1029","Frostfire Ridge: (DLA) - Time-Warped","2432431691","70","0","0","0","0","0","660","2","0","13","0","372","319"
"1031","Generic - Fade to Black - 15/5 sec","4278190080","15","5","0","0","0","0","-1","4","0","-1","0","0","0"
"1033","Shadowmoon Dungeon - Bonemaw - Inhale Ride Vehicle - CRT","151192066","1","1","0","821","0","0","-1","4","0","1","0","0","0"
"1035","Frostfire Ridge 6.0: zto - Drek'thar's Vision (Dist 200)","11455695","200","60","0","0","0","0","-1","2","0","1","0","0","0"
"1036","Shadowmoon Valley 6.x: -hmc - Ner'zhul Finale Skybox","0","0","0","0","1019","5000","5000","-1","0","0","14","0","1173","273"
"1037","Quest - Frostfire Ridge - Cave Steam (ZTO)","798467275","3","0","0","0","0","0","-1","3","0","1","0","0","0"
"1038","Shadowmoon Cultist - Ghastlich - Possessed Souls - RJH","3479240822","0","0","0","0","0","0","-1","2","0","1","0","0","0"
"1044","Talador 6.0 - Auchindoun - Spider Cave - Realm of Shadows - GJC","4294967295","8","40","0","0","0","0","-1","3","0","-1","0","0","0"
"1045","Nagrand Skybox Debug","0","0","0","0","1750","5000","5000","-1","0","0","11","0","0","0"
"1046","Frostfire Ridge 6.0: zto - Fel Cave","2305287997","5","0","0","0","0","0","-1","3","0","1","0","0","0"
"1047","Quest - Frostfire Ridge - Bloodmaul Stronghold - Spirit Effect","2623425947","1","0","0","0","4000","4000","-1","3","0","-1","0","1017","0"
"1048","Spires of Arak - Aoe Blind","8454143","6","4","1","0","0","0","-1","4","0","1","0","0","0"
"1049","Foundry Raid - Iron Maidens - Engineer - Disorientation Grenade ","14548991","0","4","1","0","0","0","-1","4","0","1","0","0","0"
"1050","Foundry Raid - Iron Maidens - Engineer - Disorientation Grenade2","16777167","10","0","1","0","0","0","-1","2","0","3","0","0","0"
"1052","Quest: -hmc - Velen's Vision","13959423","6","0","0","0","0","0","-1","3","0","-1","0","0","0"
"1053","Quest: -hmc - Velen's Vision - Final","4288153039","3","0","0","0","0","0","-1","3","0","13","0","0","0"
"1063","Quest - Nagrand 6.0 (Ritual of Binding: Twisting Nether) - ELM","0","0","0","0","537","1000","1000","-1","0","0","7","0","401","0"
"1064","Spires of Arak: (DLA) - Shadow Realm","4278190080","8","10","0","0","0","0","-1","3","0","-1","0","0","0"
"1065","Gorgrond - Red Zangar - Spore Haze","15356187","3","0","1","0","0","0","-1","3","0","1","0","0","0"
"1067","Tanaan Jungle - Nargal Brainhewer - Lobotomize","767","10","8","0","0","0","0","-1","4","0","1","0","0","0"
"1068","Highmaul Raid - Cho'gall Skybox","0","0","0","0","1800","10000","15000","1380","0","0","8","0","0","0"
"1069","Warlock - Demonic Gateway - Green","1929939200","1","1","0","1903","250","250","-1","3","0","14","0","0","0"
"1070","Warlock - Demonic Gateway - Purple","1929939200","1","1","0","1904","250","250","-1","3","0","14","0","0","0"
"1071","Quest: -hmc - Dark Star Sky","0","0","0","0","1947","1000","1000","-1","0","1","2","0","0","0"
"1072","Generic - Whiteout (1 fade in, 8 fade out)","4294967295","1","6","0","0","0","0","-1","4","0","-1","0","0","0"
"1073","Tanaan Jungle Intro - Felshifted - PRK","2310685","50","0","0","1905","0","0","-1","2","0","3","0","0","0"
"1074","Generic - Pen and Ink","0","1","1","0","0","0","0","-1","5","0","1","0","0","0"
"1075","Gorgrond 6.0: zto - Presence of Iyu (Genesaur)","0","1","5","0","1901","2","2","-1","5","0","2","0","0","0"
"1076","Ashran - Spiritual Awakening Skybox","0","900","0","0","611","10000","15000","1380","2","0","14","0","462","209"
"1077","Frostfire Ridge - Gargantuan Frostbeak - Screech - KLH","9408399","2000","0","0","0","0","0","-1","2","0","-1","0","41","287"
"1079","Shadowmoon Valley 6.x - Isle of Shadows","16443640","5","0","0","1937","5000","5000","-1","3","0","1","0","0","0"
"1080","Frostfire Ridge - Bloodmaul Stronghold - Personal Phase - CRT","0","0","0","0","1885","0","0","0","3","0","11","0","0","0"
"1082","Shadowmoon Valley 6.0 - Quest - BC Shadowmoon Skybox","0","0","100","0","513","4000","4000","-1","3","0","14","0","405","273"
"1083","Generic - Instant Blackout - 5 sec Fade Out","4278190080","4294967295","5","0","0","0","0","-1","4","0","-1","0","0","0"
"1084","Nagrand - Cursed Souls","3505905397","4","0","0","5","0","0","0","3","0","14","0","0","0"
"1087","Ashran - Toxins","3137379601","2","0","0","0","0","0","-1","3","0","-1","0","0","0"
"1089","Talador - Scenario - Time Stop Effect 01 - MRN","0","1","100","0","10","0","2","-1","3","0","1","0","0","0"
"1090","Talador - Scenario - Time Stop Effect 02 - MRN","0","1","0","0","0","0","0","-1","3","0","1","0","0","0"
"1093","Garrison - Attack - Primals - Green Haze","2142109440","4","0","1","1977","2000","5000","360","3","0","3","0","0","0"
"1094","Garrison - Attack - Ambient Light - Primals","5478322","1","10","1","1997","2000","5000","360","3","0","2","0","0","0"
"1096","Shadowmoon POI - Void Phase Screen Effect - MRN","3631093367","5","10","0","508","2000","1000","-1","3","0","3","0","0","0"
"1097","Spires of Arak: (DLA) - Elixir of Shadows","0","5","25","0","0","1","1","-1","3","0","1","0","0","0"
"1098","Darkmoon Faire - Haunting Memento","1518019","5","0","0","897","1000","1000","-1","3","0","-1","0","500","558"
"1099","Darkmoon Faire - Haunting Memento 2","9181123","5","0","0","1362","1000","1000","-1","3","0","-1","0","500","556"
"1100","Blasted Lands - Dark Portal - Skybox","0","0","0","0","1872","3000","3000","-1","0","0","-1","0","0","0"
"1101","Parchment Filter","0","1000","1000","0","838","0","0","-1","5","0","1","0","0","0"
"1102","IGC - Lightly Dark Ambient","4294967295","1","0","0","1989","0","0","-1","3","0","14","0","0","0"
"1103","REUSE1103","4278190080","8","3","0","0","0","0","-1","4","0","-1","0","0","0"
"1104","Garrison - Attack - Ambient Light - Shadow Council","2142109440","4","0","1","513","30000","5000","360","3","0","2","0","0","0"
"1105","Garrison - Attack - Ambient Light - Shadowmoon","2142109440","4","0","1","1665","2000","5000","360","3","0","2","0","0","0"
"1106","Garrison - Attack - Ambient Light - Iron Horde","2142109440","4","0","1","1872","2000","5000","360","3","0","2","0","0","0"
"1107","Gorgrond - Blammo - Obscured Vision","4122369628","5","0","0","0","0","0","-1","3","0","-1","0","0","0"
"1108","Fake Death","0","0","0","0","0","0","0","-1","1","0","5","0","462","36"
"1109","Talador - Shattrath Group - Sargerei Teleporter Effect - KJD","10576542","120","0","0","0","0","0","0","2","0","-1","0","462","36"
"1110","Talador - Shattrath Group - Beholder Boss - Demon Field - KJD","12214491","100","50","0","566","10","10","0","3","0","6","0","1044","0"
"1111","Garrison - Inn - Item - Void Totem","0","0","0","0","1947","1000","1000","-1","0","0","7","0","401","272"
"1112","Item - Fire Totem","0","0","0","0","775","1000","1000","-1","0","0","7","0","1305","893"
"1113","Garrison - Attack - Ambient Light - Ogre","2142109440","4","0","1","1996","2000","5000","360","3","0","2","0","0","0"
"1114","Quest - Azsuna (Back to Before: Memory FX Aura) PRK","3694330258","8","3","0","1016","1","1","0","5","0","2","0","0","0"
"1115","Blackrock Train Depot - Cutscene - Final Fade - KJD","4278190080","1","3","0","0","0","0","-1","4","0","1","0","0","0"
"1117","Generic - Fade to Black - 1/0 sec","4278190080","0","1","0","0","0","0","-1","4","0","1","0","0","0"
"1118","Relic Hunter - Gorgrond - Hallucination Effect - TSH","456667","50","0","0","6","5","5","-1","2","0","3","0","0","0"
"1119","7.0 Legion Invasion - Prototype Sky","0","0","100","0","2233","5000","8000","-1","3","1","6","0","1495","1704"
"1120","Broken Shore - Prototype - Screen Effect - Fog in ""Forest"" (RKS)","6645093","0","0","0","2123","0","0","30","3","0","-1","0","576","0"
"1121","Broken Shore - Prototype - Screen Effect - Default (RKS)","0","0","30","0","2100","1","1","30","3","0","2","0","576","0"
"1122","7.0 Azsuna - Garden of Elune - Night","0","0","0","0","0","0","0","0","0","0","8","0","0","0"
"1123","6.2 Hellfire Raid - Mannoroth Encounter - Curse of the Doom Lord","1148190967","1","2","0","0","0","0","-1","3","0","1","0","505","0"
"1124","Selfie Camera Filter","0","0","0","0","0","0","0","-1","5","0","1","0","0","0"
"1125","Selfie Camera Filter 02","0","0","100","0","0","0","0","-1","3","0","1","0","0","0"
"1126","Selfie Camera Filter 03","0","0","0","0","0","0","0","-1","1","0","1","0","0","0"
"1127","6.2 Hellfire Raid - Kilrogg Deadeye - Phase - Vision of Death","2134572800","3","25","0","966","0","0","-1","3","0","-1","0","0","0"
"1128","Item - Spirit Shift","4278787891","4","40","0","0","0","0","-1","3","0","5","0","462","36"
"1129","6.2 Hellfire Raid - Shadow-Lord Iskar - The Veil ","0","1000","100","0","384","1000","2000","0","3","0","2","0","0","0"
"1130","Dark Nights","0","1000","1000","0","2217","3000","3000","-1","5","0","2","0","0","0"
"1131","7.0 Mining - Imbue Arm - PRK","2451749","10000","0","0","0","0","0","-1","2","0","1","0","0","0"
"1132","6.2 Hellfire Raid - Gorefiend - Digest Screen Effect - MRN","3625351026","5","10","0","508","2000","1000","-1","3","0","1","0","0","0"
"1133","Garrison - Alliance - Boat Ride Skybox IGC -BV","0","0","0","0","1938","1500","2000","-1","0","0","2","0","0","0"
"1135","Quest - Death Knight - Test - LWB","0","0","0","0","0","0","0","-1","0","0","1","0","0","0"
"1136","7.0 Artifacts - Warrior - Prot - Amulet Fight - JMC","8796","50","0","1","0","0","0","-1","2","0","1","0","0","0"
"1138","Archimonde - Skybox","0","0","0","0","2194","0","0","-1","0","0","2","0","0","0"
"1139","Generic - Fade to Black - 0/0 sec","4278190080","0","0","0","0","0","0","-1","4","0","1","0","0","0"
"1140","6.2 Hellfire Raid - Mannoroth Encounter - P4 Skybox","0","0","0","0","2248","5","5","1350","0","0","3","0","0","0"
"1141","Hellfire Raid - Fel Lord - Shadow Realm","0","600","0","0","0","0","0","-1","2","0","-1","0","474","452"
"1142","Generic - Instant Blackout - 2 sec Fade in","4278190080","4294967295","2","0","0","0","0","-1","4","0","-1","0","0","0"
"1143","6.2 Hellfire Raid - Kilrogg Deadeye - Boss - Fel Corruption Aura","4282056448","7","25","0","966","0","0","-1","3","0","-1","0","0","0"
"1144","6.2 Hellfire Raid - Summoner - Creeping Void","3769987806","4","20","0","1930","0","0","-1","3","0","1","0","0","0"
"1145","6.2 Hellfire Raid - Summoner - Spreading Felfire","3613094964","4","10","0","164","0","0","-1","3","0","3","0","0","0"
"1147","7.0 Naga Dungeon - Environment - 01 Enable Rain Skybox","0","0","0","0","2599","5000","2000","-1","0","0","2","0","0","0"
"1148","7.0 Naga Dungeon - Environment - 03 Enable Lightning Skybox","0","0","0","0","2525","5000","5000","-1","0","0","2","0","0","0"
"1149","SMV - Hallow's End Skybox","0","0","0","0","772","1000","1000","-1","0","0","2","0","1305","893"
"1150","Generic - Whiteout 4/4","4294967295","4","4","0","0","0","0","-1","4","0","1","0","0","0"
"1151","Generic - Whiteout -1/2","4294967295","4294967295","2","0","0","0","0","-1","4","0","1","0","0","0"
"1152","7.0 Val'sharah - Fall of Ysera - Ysera - The Coming Storm Level1","0","0","0","0","2296","5000","10000","-1","0","0","2","0","0","0"
"1153","7.0 Val'sharah - Fall of Ysera - Ysera - The Coming Storm Level2","0","0","0","0","2297","30000","10000","-1","0","0","2","0","0","0"
"1154","7.0 Highmountain: zto - Spirit Journey","3070648195","5","5","0","0","0","0","-1","3","0","1","0","0","0"
"1156","7.0 Mardum - Inquisitor Baleful - Incite Madness","2578724","175","0","0","0","0","0","-1","2","0","1","0","0","0"
"1158","Timewalking - Time-Lost Mirror","2541759874","3","1","0","0","0","0","-1","3","0","-1","0","0","0"
"1160","7.0 Professions - Enchanting - Drum Visual - SMD","7984113","80","70","0","507","0","0","-1","3","0","1","0","0","596"
"1161","Mystic Fog - CRT","4294967295","8","10","0","0","0","0","-1","3","0","-1","0","0","0"
"1162","7.0 Professions - Archaeology - Toy - Legion Eye - PRK","0","0","100","0","549","2","2","-1","3","1","6","0","1403","273"
"1163","Black Rook Hold Dungeon - Boss 2 - Dark Rush 3. Effect","3613094964","4","10","0","164","0","0","-1","3","0","3","0","0","0"
"1164","7.0 Artifacts - Monk - Uldum - Elemental - Screen Effect - LWB","0","0","30","0","2405","5000","5000","30","3","0","6","0","640","0"
"1165","7.0 Azsuna - Tidestone Storm - PRK","0","1000","1000","0","1022","3000","3000","-1","5","0","2","0","0","0"
"1166","Generic - Time of Day 2:00AM","0","0","0","0","0","0","0","120","0","0","8","0","0","0"
"1167","7.0 Mardum - Prolifica - Gaseous Breath","4286833468","4","2","1","1616","3","3","-1","3","0","1","0","0","0"
"1168","7.0 Mardum - Count Nefarious - Carrion Storm","4290175549","3","80","0","0","0","0","-1","3","0","1","0","0","0"
"1169","Doug Test - Screen Effect","8644459","0","0","0","0","0","0","-1","3","0","1","0","0","0"
"1170","Generic - Fade to Black - 2/2 sec","4278190080","2","2","1","0","0","0","-1","4","0","-1","0","0","0"
"1171","7.0 Suramar: (DLA) - Driftwalk","0","0","0","0","0","0","0","660","0","0","1","0","372","319"
"1172","7.0 Pre-Launch - Karazhan - Arcane Awareness - EJL","15062755","8","10","0","0","0","0","-1","3","0","1","0","0","0"
"1173","SpectralSight","0","0","0","0","0","0","0","-1","7","0","5","0","1522","0"
"1174","Emerald Dream Effect","4283619617","4","0","0","0","0","0","-1","3","0","-1","0","0","0"
"1176","Generic - Whiteout (1 fade in, 3 fade out)","4294967295","1","3","0","0","0","0","-1","4","0","-1","0","0","0"
"1177","HMC Test","9502604","4294967295","0","0","0","0","0","-1","2","0","-1","0","0","0"
"1178","James Test - Screen Effect","1249117","2","2","0","0","0","0","-1","6","0","1","0","0","0"
"1182","7.0 Neltharion's Lair - Screen Effect - Poison","4282056448","7","25","0","966","0","0","-1","3","0","-1","0","0","0"
"1183","James Test - Screen Effect 2","1255263","0","0","0","0","0","0","-1","6","0","1","0","0","0"
"1185","7.0 Warden Adventures - Crackling Nether - KJD","8346533","1","1","0","0","0","0","-1","3","0","1","0","1358","36"
"1186","Priest - Voidform","5308558","3","10","0","0","0","0","-1","3","0","1","0","0","0"
"1187","7.0 Artifacts - Druid Order Hall - Emerald Dream Teleport","4283619617","4294967295","2","0","0","0","0","-1","4","0","1","0","0","0"
"1188","7.0 Suramar Catacombs - Lost In Time","5768586","150","0","0","0","0","0","-1","2","0","5","0","1533","319"
"1189","7.0 Suramar Catacombs - Fade In Time","3999070","10","0","1","0","0","0","-1","4","0","-1","0","0","0"
"1190","7.0 Followers - Monk - Chen Stormstout - Ch 3 - Sky","0","0","0","0","2296","1000","1000","-1","0","1","2","0","0","0"
"1191","Black Rook Hold Dungeon - Sun Test","0","0","0","0","2530","0","0","1080","0","1","10","0","0","0"
"1192","Fog Lighting - JMC","0","0","0","0","2101","0","0","-1","0","0","2","0","0","0"
"1194","7.0 Dalaran - Legion Plague (CSA)","0","0","0","0","2420","5000","5000","-1","0","0","3","0","0","0"
"1196","7.0 Suramar Raid - Dreadlord - Nightmare Illusion","1265174","150","0","0","0","0","0","-1","2","0","1","0","0","0"
"1197","7.0 Suramar Raid - Boss - Arcane Construct - Arcane Seepage Aura","4289003775","7","25","0","966","0","0","-1","3","0","-1","0","0","0"
"1198","Generic - Blackout - 4 sec Fade In, 3 sec Fade Out","4278190080","4","3","0","0","0","0","-1","4","0","-1","0","0","0"
"1200","7.0 TEST - Color Grading - SCS","1308660","5000","5000","0","0","0","0","-1","6","0","1","0","0","0"
"1201","7.0 Professions - Engineering - Piloted Combat","1412467","2","1","0","549","2","2","-1","6","1","1","0","1403","273"
"1202","7.0 Jade Forest - Monk Order Campaign - Tian Monastery","0","0","0","0","2521","5000","5000","-1","0","0","14","0","1413","0"
"1203","7.0 Suramar Raid - Boss - Arcane Construct - Annihilation Aura","4289790207","7","25","0","966","0","0","-1","3","0","-1","0","0","0"
"1204","7.0 Highmountain - Spirit Journey Skybox - Riverbend (RKS)","0","4294967295","1","0","611","0","0","720","4","0","14","0","462","1655"
"1205","7.0 Highmountain - Spirit Journey Skybox - Mesa (RKS)","11941427","50","0","0","611","0","0","240","3","0","14","0","462","183"
"1206","7.0 Highmountain - Spirit Journey Skybox - Sepulcher (RKS)","0","0","0","0","611","0","0","0","1","0","-1","0","462","15"
"1207","Generic - Instant Blackout - 5s Fade Out (No Light/Sound/Time)","4278190080","4294967295","5","0","0","0","0","-1","4","0","1","0","0","0"
"1208","7.0 Highmountain - Spirit Fog (RKS)","16711680","5","0","0","0","0","0","-1","3","0","1","0","0","0"
"1209","7.0 Highmountain - Highmountain Summit - Darkness (RKS)","0","1000","1000","0","779","3000","3000","0","5","0","2","0","0","0"
"1210","TestCustomEffect","11996913","0","0","0","0","0","0","-1","2","0","1","0","0","0"
"1211","TestCustomEffect","0","2","0","0","0","0","0","-1","8","0","1","0","0","0"
"1212","Suramar Raid - Astromancer - Skybox 1","0","0","0","0","2573","0","0","-1","0","1","6","0","443","0"
"1213","Suramar Raid - Astromancer - Skybox 2","0","0","0","0","2575","0","0","-1","0","1","6","0","1452","0"
"1214","Suramar Raid - Astromancer - Skybox 3","0","0","0","0","2576","0","0","-1","0","1","6","0","1476","0"
"1215","7.0 Suramar Raid - Magistrix - Change Time Layer","2420881915","100","0","0","0","0","0","660","2","0","5","0","372","319"
"1217","7.0 Dreamweavers - Nightmare - Screen Effect - WQ Area (RKS)","0","0","0","0","2228","3000","3000","0","6","0","6","0","1452","229"
"1218","7.0 Dreamweavers - Nightmare - Player Is Having Nightmare (RKS)","8716288","150","0","0","2228","3000","3000","0","2","0","3","0","1452","0"
"1219","REUSE1219","1148190967","1","2","0","0","0","0","-1","3","0","1","0","505","0"
"1220","7.0 Naga Dungeon - Trash - Hatecoil Aquamancer - Poly Fish - KLH","4287149055","13","0","0","0","0","0","-1","3","0","1","0","0","0"
"1221","7.0 Dreamweavers - Nightmare - Screen Effect - Test (HMC)","16719647","3","0","0","2532","3000","3000","-1","3","0","13","0","0","0"
"1222","7.0 Dreamweavers - Nightmare - Screen Effect - Test 2 (HMC)","16719647","3","0","0","2532","3000","3000","-1","3","0","13","0","0","0"
"1224","Quest - Townlong Steppes - 75% Hatred - Red","4293459968","3","0","0","1224","0","0","-1","3","0","1","0","0","0"
"1225","7.0 Nightmare Raid - Xavius - The Dreaming Cosmetic Aura - HEP","2335158016","4","25","0","2570","0","0","-1","3","0","1","0","0","0"
"1226","7.0 Nightmare Raid - Xavius - The Infinite Dark 1. Aura - HEP","0","6","1","0","0","0","0","-1","4","0","1","0","0","0"
"1227","7.0 Artifacts - Q: 42168 - Dark Warlock Ritual","4278190080","1","0","0","0","0","0","0","3","0","-1","0","1536","0"
"1228","7.0 Artifacts - Hunter - Beast - Acquisition - White Out - GJC","15859711","0","5","0","0","0","0","-1","4","0","1","0","0","0"
"1229","7.0 Suramar Raid - Gul'dan - Fel Efflux - KJD","1140913923","1","2","0","0","0","0","-1","3","0","1","0","505","0"
"1232","7.0 Naga Dungeon - Environment - 02 Enable Wind Skybox","0","0","0","0","2524","5000","5000","-1","0","0","2","0","0","0"
"1233","7.0 Naga Dungeon - Environment - 04 Enable Hurricane Skybox","0","0","0","0","2526","5000","5000","-1","0","0","2","0","0","0"
"1235","7.0 Nightmare Raid - Heart of Corruption - Nightmare Corruption ","15356755","100","0","0","0","0","0","-1","2","0","5","0","1452","0"
"1236","7.0 - Highmountain - Vignette - Shadow Debuff - SAN","4278190080","3","0","0","0","0","0","-1","3","0","1","0","0","0"
"1237","7.0 Artifact - Lightning Whip Area Effect - CRT","3341066723","4","0","0","0","0","0","-1","3","0","-1","0","0","0"
"1238","7.0 Void Zone - Holy Screen FX - MRN","3640191064","5","10","0","508","2000","1000","-1","3","0","1","0","0","0"
"1239","7.0 Class Hall - Hunter - Campaign - Night","0","1","0","0","2217","3000","3000","0","3","0","14","0","633","0"
"1240","Generic - Standing in Fel Fire","3613094964","1","4","0","164","0","0","-1","3","0","1","0","0","0"
"1241","Screen Effect For Bug - CRT","3348155113","8","0","0","0","0","0","-1","3","0","1","0","0","0"
"1242","7.0 Followers - Monk - Chen Stormstout - Stormheim - Conjure Mur","9079434","20","0","0","0","0","0","-1","3","0","1","0","0","0"
"1243","7.0 Stormheim - Nithogg's Shadow Darkness - TSH","0","1000","1000","0","159","3000","3000","0","5","0","2","0","0","0"
"1244","7.0 Order Hall - DK - Raise Dead - Night Sky (KMS)","0","0","0","0","1120","2000","1000","-1","0","0","3","0","0","0"
"1246","7.0 Suramar Raid - Gul'dan - Bonds of Fel - KJD","1145159746","1","1","0","0","0","0","-1","3","0","1","0","505","0"
"1247","7.0 Suramar Raid - Gul'dan - Empowered Bonds of Fel - KJD","1151545642","1","1","0","0","0","0","-1","3","0","1","0","505","0"
"1248","REUSE","1151140087","1","2","0","0","0","0","-1","3","0","1","0","505","0"
"1249","7.0 Artifacts - Druid - Feral Acquisition - Internal Effect- LWB","0","0","30","0","2566","1","1","60","3","0","12","0","1482","0"
"1250","7.0 Artifacts - Druid - Feral Acquisition - External Effect- LWB","0","0","30","0","2566","1","1","60","3","0","12","0","661","0"
"1251","7.0 Warden Adventures - Vortex - KJD","8346533","1","1","0","0","0","0","-1","3","0","1","0","1358","36"
"1252","7.0 Warden Adventures - Translocate Field - KJD","9078466","1","1","0","0","0","0","-1","3","0","1","0","1358","36"
"1253","7.0 Pre-Launch - Stormwind Harbor","0","0","0","0","2641","5000","5000","-1","0","0","2","0","1509","1656"
"1254","Generic - Standing in Actual Fire","3622397974","4","4","0","1042","0","0","-1","3","0","1","0","735","0"
"1255","Generic - Standing in Arcane ","3619886827","4","4","0","164","0","0","-1","3","0","1","0","0","0"
"1256","Generic - Standing in Frost","3608581355","4","4","0","164","0","0","-1","3","0","1","0","0","0"
"1257","Generic - Purple Swirling Fog","4287575750","5","1","1","1616","3","3","-1","3","0","5","0","0","0"
"1258","7.0 Stormheim - Fjorlag's Darkness Aura - TSH","854024","1000","5","0","823","1000","3000","0","3","0","6","0","1060","0"
"1259","Suramar Raid - Doomlord - Tank Swap - 01 Aura - MRN","4282056448","7","0","0","0","0","0","-1","3","0","13","0","0","0"
"1260","Illidan Origins - BFE - Legion Skybox (Azuremyst)","0","0","100","0","2662","5000","8000","-1","3","0","6","0","0","1704"
"1262","Stormheim - Durn - Creeping Mist - 05 Effect - MRN","4286365799","7","0","0","0","0","0","-1","3","0","13","0","0","0"
"1263","7.0 Holiday - Brewfest - T'Chali's Brew","1376242","0","0","0","2683","5000","5000","-1","6","0","3","0","0","0"
"1264","7.0 Holiday - Brewfest - Thunderbrew - Skybox","0","0","0","0","2682","5000","5000","0","0","0","6","0","0","0"
"1265","7.0 Legion Invasion - Legion Invasion Skybox - Default","0","0","100","0","2675","5000","8000","-1","3","1","6","0","1495","1704"
"1266","7.0 Class Hall - Hunter - Campaign - Fake Low Health (JAP)","0","0","1","0","0","0","0","-1","4","0","1","0","0","0"
"1267","Tina Test - Screen Effect","7274335","600","0","0","2879","0","0","-1","2","0","2","0","0","0"
"1268","7.0 Legion Invasion - Legion Invasion Skybox - Dun Morogh","0","0","100","0","2694","5000","8000","-1","3","1","6","0","1495","1704"
"1269","7.0 Legion Invasion - Legion Invasion Skybox - Westfall","0","0","100","0","2695","5000","8000","-1","3","1","6","0","1495","1704"
"1270","7.0 Legion Invasion - Legion Invasion Skybox - Barrens","0","0","100","0","2698","5000","8000","-1","3","1","6","0","1495","1704"
"1271","7.0 Legion Invasion - Legion Invasion Skybox - Tanaris","0","0","100","0","2699","5000","8000","-1","3","1","6","0","1495","1704"
"1272","Holiday - Hallow's End - Crooked Tree Curse","986895","600","0","0","2700","5000","5000","-1","2","0","3","0","0","0"
"1273","7.0 Val'sharah - Bat Vision (RKS)","0","4294967295","1","0","2710","0","0","720","4","0","2","0","462","1655"
"1274","7.0 Dalaran Underbelly - Nightfallen Transform - PRK","1402272","1","1","0","0","0","0","-1","6","0","1","0","0","0"
"1275","7.0 Dalaran Underbelly - Withered Transform - PRK","1402271","1","1","0","0","0","0","-1","6","0","1","0","0","0"
"1276","7.0 Class Hall - Priest - Campaign - Velen's Vision (JAP)","1308660","3","3","0","0","0","0","-1","6","0","1","0","0","0"
"1277","Generic - Standing in Poison","3612381228","1","4","0","164","0","0","-1","3","0","1","0","0","0"
"1278","7.0 Quest - R-OHC - Wanted: Dead! Aura (ELM)","0","1","0","0","0","3000","3000","0","3","0","12","0","633","0"
"1279","7.0 Class Hall - Priest - Campaign - Void Walking (JAP)","1308660","1","1","0","0","0","0","-1","6","0","1","0","0","0"
"1280","7.0 TEST (JAP)","3762689634","4","0","0","2756","3000","3000","0","3","0","14","0","633","0"
"1281","7.0 Suramar Raid - Gul'dan - Desolate Ground - KJD","1151545642","1","1","0","0","0","0","-1","3","0","1","0","505","0"
"1284","7.0 Nightmare Raid - Boss - Shifter - Twisting Shadows Countdown","4288872703","7","25","0","966","0","0","-1","3","0","-1","0","0","0"
"1285","7.0 Class Hall - Priest - Campaign - Leave Scenario (JAP)","0","1","1","1","0","0","0","-1","4","0","1","0","0","0"
"1286","7.0 Artifacts - World Flavor - Disc Overload Buff - JMC","3622397974","6","2","0","2848","0","0","-1","3","0","7","0","735","0"
"1287","Black Rook Hold Dungeon - Time of Day","0","0","0","0","0","0","0","0","0","0","8","0","0","0"
"1288","7.0 Azsuna - Warden's Isle - Withered Presence - KJD","7948678","0","0","0","1","0","0","0","2","0","11","0","0","0"
"1290","7.0 Nightmare Raid - Un'goro Trash - Corrupted Power Crystal","1308658","1","1","0","2570","0","0","-1","6","0","1","0","0","0"
"1291","7.0 Pre-Launch - Orgrimmar","0","0","0","0","2795","5000","5000","-1","0","0","2","0","1509","1656"
"1292","Nightmare Trespass Effect","4291304990","4","0","0","0","0","0","-1","3","0","-1","0","0","0"
"1293","Nightmare Trespass Wake Up","4278190080","4294967295","2","0","0","0","0","-1","4","0","1","0","0","0"
"1294","7.0 Pre-Launch - Dalaran Sky - Demon Attack","0","0","100","0","2794","5000","8000","-1","3","1","6","0","1495","1704"
"1295","Illidan Origins - FBA - ""The Mother of All"" - Skybox","0","0","0","0","2797","0","0","-1","3","1","2","0","0","0"
"1296","7.0 Illidan Flashback 01 - Birth - IGC","1501686","0","0","0","2031","0","0","0","6","0","3","0","0","0"
"1297","Generic - Fade to White - 1/1 sec","4294967295","1","1","0","0","0","0","-1","4","0","1","0","0","0"
"1298","7.0 Suramar Raid - Illidan - Visions Skybox Trigger - KJD","1305187","2000","2000","0","546","2000","2000","-1","6","0","7","0","1495","0"
"1299","7.0 Illidan Flashback 02 - The First Druid - IGC","1501686","0","0","0","1016","0","0","720","6","0","3","0","0","0"
"1300","Fade Out Test","2310685","50","0","0","2401","0","3000","-1","2","0","2","0","0","0"
"1301","Test - Ken - Bug 466597 - KJD","0","0","0","0","546","4000","4000","-1","0","0","2","0","0","0"
"1302","REUSE","16777215","0","2","1","0","0","0","-1","4","0","1","0","0","0"
"1303","7.0 Suramar Raid - Gul'dan - P3 Transition Screen Whiteout - KJD","16777215","0","1","1","0","0","0","-1","4","0","1","0","0","0"
"1304","7.0 Legion Invasion - Legion Invasion Skybox - Azshara","0","0","100","0","2824","5000","8000","-1","3","1","6","0","1495","1704"
"1305","7.0 Legion Invasion - Legion Invasion Skybox - Hillsbrad","0","0","100","0","2825","5000","8000","-1","3","1","6","0","1495","1704"
"1306","Illidan Origins - RL - Finale Skybox","0","0","0","0","2829","0","0","-1","0","0","-1","0","472","449"
"1307","7.0 Illidan Flashback 03 - Gift of Sargeras - IGC - Main","1501687","0","0","0","2729","0","0","-1","6","0","11","0","0","0"
"1308","7.0 Illidan Flashback 03 - Gift of Sargeras - IGC - Alt01","1272508","0","0","0","2787","0","0","-1","7","0","11","0","0","0"
"1309","7.0 Illidan Flashback 03 - Gift of Sargeras - IGC - Alt02","1272508","0","0","0","2787","0","0","-1","7","0","11","0","0","0"
"1310","Generic - Instant Blackout - 1 sec Fade in (Test)","4278190080","1","0","0","0","0","0","-1","4","0","-1","0","0","0"
"1311","Teleport Dalaran Light Param","0","0","0","0","2879","0","0","-1","0","0","2","0","0","0"
"1312","Generic - Fade to Black - 0/2 sec","4278190080","2","0","0","0","0","0","-1","4","0","-1","0","0","0"
"1313","Azsuna - Kvaldir Raid - Mist of the Kvaldir","4294967295","6","40","0","2037","2500","2500","-1","3","1","3","0","0","0"
"1314","Generic - Orange Swirling Fog","4292038920","5","1","1","1616","3","3","-1","3","0","5","0","0","0"
"1315","Generic - Yellow Swirling Fog","4293782058","5","1","1","1616","3","3","-1","3","0","5","0","0","0"
"1316","Generic - Blue Swirling Fog","4279143352","5","1","1","1616","3","3","-1","3","0","5","0","0","0"
"1317","Generic - Green Swirling Fog","4283089664","5","1","1","1616","3","3","-1","3","0","5","0","0","0"
"1245","Generic - Fade to Black - 1/1 sec","4278190080","1","1","0","0","0","0","-1","4","0","1","0","0","0"
"1116","Generic - Whiteout (1 fade in)","4294967295","1","1","0","0","0","0","-1","4","0","1","0","0","0"
