Id,Unknown0,Unknown1,Unknown2,Unknown3,Unknown4,Unknown5,Unknown6,Unknown7_0,Unknown7_1,Unknown8
"15757","29838","0","","0","3","0","0","0","0","1"
"15759","107570","0","","73","0","1","0","0","0","1"
"15760","46968","0","","73","0","0","0","0","0","1"
"15774","103828","0","","73","0","2","0","0","0","1"
"16025","11958","0","","0","1","2","0","0","0","8"
"16037","118000","0","","72","6","2","0","0","0","1"
"17565","223306","0","","65","0","0","0","0","0","2"
"17567","114158","0","","65","0","1","0","0","0","2"
"17569","196926","0","","65","0","2","0","0","0","2"
"17575","114154","0","","65","1","1","0","0","0","2"
"17577","214202","0","","65","1","2","0","0","0","2"
"17591","183416","0","","65","3","1","0","0","0","2"
"17593","183415","0","","65","3","2","0","0","0","2"
"17597","197646","0","","65","4","0","0","0","0","2"
"17599","105809","0","","65","4","1","0","0","0","2"
"17601","204077","0","","66","4","2","0","0","0","2"
"17609","204054","0","","66","5","2","0","0","0","2"
"18569","200383","0","","105","0","0","0","0","0","11"
"18570","102280","0","","0","1","1","0","0","0","11"
"18571","102401","0","$@spelldesc132302","0","1","2","0","0","0","11"
"18572","207383","0","","105","0","2","0","0","0","11"
"18574","102351","0","","105","0","1","0","0","0","11"
"18576","102359","175682","","0","3","1","0","0","0","11"
"18577","132469","175682","","0","3","2","0","0","0","11"
"18579","102560","194223","","0","4","1","0","0","0","11"
"18580","114107","0","","102","4","0","0","0","0","11"
"18585","202359","0","","102","5","1","0","0","0","11"
"19138","107574","0","","0","2","2","0","0","0","1"
"19140","202922","0","","72","4","2","0","0","0","1"
"19165","195679","0","","250","0","0","0","0","0","6"
"19166","221536","0","","250","0","1","0","0","0","6"
"19217","206931","0","","250","0","2","0","0","0","6"
"19218","194662","0","","250","1","0","0","0","0","6"
"19219","212744","0","","250","1","1","0","0","0","6"
"19220","211078","0","","250","1","2","0","0","0","6"
"19221","219786","0","","250","2","0","0","0","0","6"
"19226","206960","0","","250","4","1","0","0","0","6"
"19227","206970","0","","250","4","0","0","0","0","6"
"19228","219779","0","","250","4","2","0","0","0","6"
"19230","206967","0","","250","5","0","0","0","0","6"
"19231","194679","0","","250","5","1","0","0","0","6"
"19232","206974","0","","250","5","2","0","0","0","6"
"19233","31223","0","","261","0","0","0","0","0","4"
"19234","193537","0","","261","0","1","0","0","0","4"
"19235","200758","53","","261","0","2","0","0","0","4"
"19236","195457","0","","260","1","0","0","0","0","4"
"19237","196924","0","","260","1","1","0","0","0","4"
"19238","196922","0","","260","1","2","0","0","0","4"
"19239","193531","0","","0","2","0","0","0","0","4"
"19240","114015","0","","0","2","1","0","0","0","4"
"19241","14983","0","","0","2","2","0","0","0","4"
"19245","199743","2094","","260","4","0","0","0","0","4"
"19249","193539","0","","0","5","1","0","0","0","4"
"19250","51690","0","","260","5","2","0","0","0","4"
"19259","192063","0","","0","1","0","0","0","0","7"
"19260","51485","216965","","0","2","1","0","0","0","7"
"19262","200071","0","","264","0","0","0","0","0","7"
"19263","73685","0","","264","0","1","0","0","0","7"
"19264","200072","0","","264","0","2","0","0","0","7"
"19265","197467","0","","264","5","0","0","0","0","7"
"19266","192249","198067","","262","5","1","0","0","0","7"
"19269","198838","0","","264","4","1","0","0","0","7"
"19270","210714","0","","262","4","2","0","0","0","7"
"19271","117014","0","","262","3","0","0","0","0","7"
"19272","192087","0","","0","3","1","0","0","0","7"
"19273","108283","0","","0","3","2","0","0","0","7"
"19275","192058","216965","","0","2","0","0","0","0","7"
"19279","63106","0","","0","3","0","0","0","0","9"
"19280","48018","0","","0","2","0","0","0","0","9"
"19281","205179","0","","0","6","1","0","0","0","9"
"19283","108238","0","","0","1","0","0","0","0","11"
"19284","205178","0","","0","6","0","0","0","0","9"
"19285","6789","0","","0","2","1","0","0","0","9"
"19286","30283","0","","0","2","2","0","0","0","9"
"19288","108416","0","","0","4","2","0","0","0","9"
"19290","48181","0","","265","0","0","0","0","0","9"
"19291","111400","0","","0","4","1","0","0","0","9"
"19292","196226","0","","265","3","1","0","0","0","9"
"19293","215941","0","","0","6","2","0","0","0","9"
"19294","108501","0","","0","5","1","0","0","0","9"
"19295","108503","0","","0","5","2","0","0","0","9"
"19302","115173","0","","0","1","2","0","0","0","10"
"19304","115008","109132","","0","1","0","0","0","0","10"
"19347","109215","0","","0","2","0","0","0","0","3"
"19348","199523","0","","0","2","1","0","0","0","3"
"19357","131894","0","","0","5","0","0","0","0","3"
"19361","199518","0","","255","3","1","0","0","0","3"
"19676","202168","34428","","73","1","0","0","0","0","1"
"19752","200128","0","","257","0","0","0","0","0","5"
"19753","193134","0","","0","0","1","0","0","0","5"
"19754","193155","0","","257","0","2","0","0","0","5"
"19755","205367","0","","0","2","2","0","0","0","5"
"19758","193063","0","","0","1","2","0","0","0","5"
"19759","129250","0","","0","3","0","0","0","0","5"
"19760","110744","0","","0","5","1","0","0","0","5"
"19761","123040","34433","","0","3","2","0","0","0","5"
"19763","120517","0","","0","5","2","0","0","0","5"
"19764","109186","0","","257","4","0","0","0","0","5"
"19765","10060","0","","0","4","1","0","0","0","5"
"19766","109142","0","","0","4","2","0","0","0","5"
"19767","197031","0","","0","5","0","0","0","0","5"
"19769","197045","0","","0","3","1","0","0","0","5"
"19771","115396","0","","269","2","1","0","0","0","10"
"19818","116841","0","","0","1","1","0","0","0","10"
"19819","116847","0","","0","5","0","0","0","0","10"
"19820","124081","0","","270","0","1","0","0","0","10"
"19823","123986","0","","0","0","0","0","0","0","10"
"19992","121817","0","","269","2","2","0","0","0","10"
"19993","116844","175697","","0","3","0","0","0","0","10"
"19994","115315","175697","","268","3","1","0","0","0","10"
"19995","119381","175697","","0","3","2","0","0","0","10"
"20173","122783","0","","0","4","1","0","0","0","10"
"20174","122281","0","","0","4","0","0","0","0","10"
"20175","122278","0","","0","4","2","0","0","0","10"
"20184","123904","0","","269","5","1","0","0","0","10"
"20185","115098","0","","0","0","2","0","0","0","10"
"21144","198923","0","","62","6","1","0","0","0","8"
"21145","153626","0","","62","6","2","0","0","0","8"
"21180","196103","0","","265","1","1","0","0","0","9"
"21181","205148","0","","267","1","0","0","0","0","9"
"21182","152107","0","","0","5","0","0","0","0","9"
"21183","204197","589","","256","6","0","0","0","0","5"
"21184","200309","0","","0","6","1","0","0","0","5"
"21185","204065","194509","","256","6","2","0","0","0","5"
"21186","152152","0","","259","6","0","0","0","0","4"
"21188","152150","0","","0","6","2","0","0","0","4"
"21191","152173","137639","","269","6","2","0","0","0","10"
"21193","202354","0","","102","6","1","0","0","0","11"
"21198","114050","0","","262","6","0","0","0","0","7"
"21199","210689","0","","262","6","1","0","0","0","7"
"21201","204074","0","","66","6","0","0","0","0","2"
"21202","152262","0","","66","6","1","0","0","0","2"
"21203","200025","53563","","65","6","2","0","0","0","2"
"21204","152278","0","","0","6","0","0","0","0","1"
"21207","194844","0","","250","6","0","0","0","0","6"
"21208","206977","0","","250","6","1","0","0","0","6"
"21209","114556","0","","250","6","2","0","0","0","6"
"21630","155147","0","","0","6","0","0","0","0","8"
"21631","155148","0","","63","6","0","0","0","0","8"
"21632","155149","0","","64","6","0","0","0","0","8"
"21633","153561","0","","63","6","2","0","0","0","8"
"21634","153595","0","","64","6","2","0","0","0","8"
"21636","200183","0","","257","6","0","0","0","0","5"
"21637","193225","0","","258","6","0","0","0","0","5"
"21638","204883","0","","257","6","2","0","0","0","5"
"21644","193157","0","","257","6","1","0","0","0","5"
"21646","202028","213764","","103","6","0","0","0","0","11"
"21648","202770","0","","102","6","0","0","0","0","11"
"21649","155672","0","","103","6","1","0","0","0","11"
"21651","197061","0","","105","6","1","0","0","0","11"
"21653","155577","0","","103","6","2","0","0","0","11"
"21655","202430","0","","102","6","2","0","0","0","11"
"21667","152277","227847","","71","6","2","0","0","0","1"
"21668","156910","0","","65","6","0","0","0","0","2"
"21671","197446","0","","65","6","1","0","0","0","2"
"21675","157154","0","","264","6","2","0","0","0","7"
"21694","196272","0","","266","1","1","0","0","0","9"
"21695","152108","0","","267","1","1","0","0","0","9"
"21702","52610","0","","103","4","2","0","0","0","11"
"21704","200390","0","","105","4","2","0","0","0","11"
"21705","102543","106951","","103","4","1","0","0","0","11"
"21706","102558","0","","104","4","1","0","0","0","11"
"21707","33891","0","","105","4","1","0","0","0","11"
"21708","158476","0","","103","4","0","0","0","0","11"
"21709","158477","0","","104","4","0","0","0","0","11"
"21710","158478","0","","105","4","0","0","0","0","11"
"21711","202032","0","","103","5","1","0","0","0","11"
"21712","155578","0","","104","5","1","0","0","0","11"
"21713","197073","0","","105","5","1","0","0","0","11"
"21714","202031","0","","103","5","0","0","0","0","11"
"21716","207385","0","","105","5","0","0","0","0","11"
"21717","171975","0","","266","5","2","0","0","0","9"
"21718","10060","0","","258","5","0","0","0","0","5"
"21719","205385","0","","258","5","1","0","0","0","5"
"21720","200174","34433","","258","5","2","0","0","0","5"
"21750","196985","0","","257","3","0","0","0","0","5"
"21751","199849","0","","258","3","0","0","0","0","5"
"21752","64901","0","","257","3","2","0","0","0","5"
"21753","205371","0","","258","3","2","0","0","0","5"
"21754","197034","0","","257","4","2","0","0","0","5"
"21755","162452","0","","258","4","2","0","0","0","5"
"21778","5211","175682","","0","3","0","0","0","0","11"
"21795","204139","0","","66","4","1","0","0","0","2"
"21811","115750","0","","0","2","2","0","0","0","2"
"21854","192939","0","","577","0","0","0","0","0","12"
"21857","203551","0","","577","1","0","0","0","0","12"
"21862","206473","0","","577","2","2","0","0","0","12"
"21863","196555","198589","","577","3","0","0","0","0","12"
"21864","205411","198589","","577","3","1","0","0","0","12"
"21865","204909","0","","577","3","2","0","0","0","12"
"21866","206476","0","","577","4","0","0","0","0","12"
"21867","211881","0","","577","4","1","0","0","0","12"
"21868","206491","0","","577","4","2","0","0","0","12"
"21869","203556","0","","577","5","0","0","0","0","12"
"21870","206477","0","","577","5","1","0","0","0","12"
"21900","211048","0","","577","6","0","0","0","0","12"
"21901","211053","0","","577","6","1","0","0","0","12"
"21902","227225","0","","581","6","2","0","0","0","12"
"21963","192077","0","","0","1","2","0","0","0","7"
"21966","207401","0","","264","4","2","0","0","0","7"
"21968","108283","0","","264","5","2","0","0","0","7"
"21969","114051","0","","263","6","0","0","0","0","7"
"21970","114052","0","","264","6","0","0","0","0","7"
"21971","157153","0","","264","5","1","0","0","0","7"
"21972","192222","0","","262","6","2","0","0","0","7"
"21973","192246","0","","263","5","0","0","0","0","7"
"21976","19236","0","","257","1","2","0","0","0","5"
"21977","200209","0","","257","3","1","0","0","0","5"
"21978","73510","15407","","258","6","1","0","0","0","5"
"21979","193223","0","","258","6","2","0","0","0","5"
"21986","199532","0","","253","6","1","0","0","0","3"
"21990","185767","0","","260","5","0","0","0","0","4"
"21997","199530","0","","253","1","0","0","0","0","3"
"21998","213423","0","","254","3","2","0","0","0","3"
"22002","120360","0","","0","5","1","0","0","0","3"
"22013","206940","0","","250","3","0","0","0","0","6"
"22014","205723","0","","250","3","1","0","0","0","6"
"22015","219809","0","","250","3","2","0","0","0","6"
"22016","207057","0","","251","0","0","0","0","0","6"
"22017","194878","0","","251","0","1","0","0","0","6"
"22018","207061","0","","251","0","2","0","0","0","6"
"22019","207060","0","","251","1","0","0","0","0","6"
"22020","194909","0","","251","1","1","0","0","0","6"
"22021","57330","0","","251","1","2","0","0","0","6"
"22022","212763","0","","252","4","2","0","0","0","6"
"22023","207256","0","","251","6","0","0","0","0","6"
"22024","194916","0","","252","0","0","0","0","0","6"
"22025","207264","0","","252","0","1","0","0","0","6"
"22026","207269","0","","252","0","2","0","0","0","6"
"22027","207317","0","","252","1","0","0","0","0","6"
"22028","194917","0","","252","1","1","0","0","0","6"
"22029","194918","0","","252","1","2","0","0","0","6"
"22030","207349","49206","","252","6","0","0","0","0","6"
"22031","212765","0","","251","4","2","0","0","0","6"
"22036","205181","0","","266","0","1","0","0","0","9"
"22038","196269","0","","266","0","0","0","0","0","9"
"22039","196406","0","","267","0","0","0","0","0","9"
"22040","198590","689","","265","0","2","0","0","0","9"
"22041","205145","0","","266","0","2","0","0","0","9"
"22042","196605","0","","266","3","1","0","0","0","9"
"22043","196408","0","","267","3","1","0","0","0","9"
"22044","196105","0","","265","1","0","0","0","0","9"
"22045","196270","0","","266","1","0","0","0","0","9"
"22046","196098","0","","0","3","2","0","0","0","9"
"22047","219272","0","","0","4","0","0","0","0","9"
"22048","205184","0","","267","0","1","0","0","0","9"
"22052","17877","0","","267","0","2","0","0","0","9"
"22088","196104","0","","0","1","2","0","0","0","9"
"22089","196277","0","","266","1","2","0","0","0","9"
"22090","196102","0","","265","0","1","0","0","0","9"
"22091","196607","0","","0","0","1","0","0","0","10"
"22093","196725","0","","270","5","0","0","0","0","10"
"22094","196704","0","","0","2","1","0","0","0","5"
"22095","200199","0","","257","2","1","0","0","0","5"
"22096","196719","0","","268","2","2","0","0","0","10"
"22097","115399","0","","268","2","1","0","0","0","10"
"22098","196721","0","","268","2","0","0","0","0","10"
"22099","115288","0","","269","2","0","0","0","0","10"
"22100","196722","0","","269","3","1","0","0","0","10"
"22101","132578","0","","268","5","1","0","0","0","10"
"22102","196730","0","","268","5","2","0","0","0","10"
"22103","196740","0","","269","5","2","0","0","0","10"
"22104","196736","0","","268","6","1","0","0","0","10"
"22105","152175","0","","269","6","1","0","0","0","10"
"22106","196738","0","","268","6","0","0","0","0","10"
"22107","196743","0","","269","6","0","0","0","0","10"
"22108","196737","0","","268","6","2","0","0","0","10"
"22109","152279","0","","251","6","1","0","0","0","6"
"22110","152280","43265","","252","6","1","0","0","0","6"
"22114","131511","0","","0","4","1","0","0","0","4"
"22115","154904","0","","259","4","2","0","0","0","4"
"22116","183778","0","","65","5","2","0","0","0","2"
"22118","196937","0","","260","0","0","0","0","0","4"
"22119","200733","0","","260","0","1","0","0","0","4"
"22120","196938","0","","260","0","2","0","0","0","4"
"22121","193546","0","","260","3","0","0","0","0","4"
"22122","79008","0","","0","3","1","0","0","0","4"
"22123","31230","0","","0","3","2","0","0","0","4"
"22124","108216","0","","260","4","2","0","0","0","4"
"22125","5171","193316","","260","6","0","0","0","0","4"
"22127","196932","51514","","0","2","2","0","0","0","7"
"22128","200759","0","","261","3","0","0","0","0","4"
"22131","200778","0","","261","4","2","0","0","0","4"
"22132","196976","0","","261","6","0","0","0","0","4"
"22133","137619","0","","0","6","1","0","0","0","4"
"22134","221699","0","","250","2","1","0","0","0","6"
"22135","205727","0","","250","2","2","0","0","0","6"
"22136","200153","0","","257","0","1","0","0","0","5"
"22137","192234","0","","263","4","0","0","0","0","7"
"22139","108281","0","","262","1","1","0","0","0","7"
"22144","192235","0","","262","4","0","0","0","0","7"
"22145","16166","0","","262","5","0","0","0","0","7"
"22146","210707","0","","262","5","2","0","0","0","7"
"22147","210731","0","","263","4","2","0","0","0","7"
"22148","197992","0","","263","6","1","0","0","0","7"
"22149","210727","0","","263","4","1","0","0","0","7"
"22150","196884","0","","263","1","1","0","0","0","7"
"22152","197464","0","","264","3","0","0","0","0","7"
"22153","197995","0","","264","6","1","0","0","0","7"
"22155","202157","0","","102","2","0","0","0","0","11"
"22156","202155","0","","104","2","1","0","0","0","11"
"22157","197491","0","","102","2","1","0","0","0","11"
"22158","217615","0","","103","2","1","0","0","0","11"
"22159","197492","0","","0","2","2","0","0","0","11"
"22160","197491","0","","105","2","2","0","0","0","11"
"22161","152118","0","","256","5","0","0","0","0","5"
"22162","192106","0","","263","3","0","0","0","0","7"
"22163","197488","0","","0","2","0","0","0","0","11"
"22164","114165","0","","65","4","2","0","0","0","2"
"22165","155675","0","","105","5","2","0","0","0","11"
"22166","197900","0","","270","2","2","0","0","0","10"
"22167","210802","0","","270","2","1","0","0","0","10"
"22168","197915","0","","270","2","0","0","0","0","10"
"22169","197895","0","","270","6","1","0","0","0","10"
"22170","210804","0","","270","6","2","0","0","0","10"
"22171","210853","0","","263","3","2","0","0","0","7"
"22172","117013","0","","262","4","1","0","0","0","7"
"22175","205228","0","","70","0","2","0","0","0","2"
"22176","230332","0","","65","1","0","0","0","0","2"
"22179","198054","0","","0","2","0","0","0","0","2"
"22180","20066","0","","0","2","1","0","0","0","2"
"22181","183425","0","","65","3","0","0","0","0","2"
"22182","231832","0","","70","3","1","0","0","0","2"
"22183","198034","184575","","70","3","2","0","0","0","2"
"22185","205191","0","","70","4","1","0","0","0","2"
"22186","210191","0","","70","4","2","0","0","0","2"
"22189","196923","0","","65","5","0","0","0","0","2"
"22190","53376","0","","65","5","1","0","0","0","2"
"22213","197945","0","","270","0","2","0","0","0","10"
"22214","115313","0","","270","5","2","0","0","0","10"
"22215","231895","31884","","70","6","1","0","0","0","2"
"22217","198664","0","","270","5","1","0","0","0","10"
"22218","197908","0","","270","6","0","0","0","0","10"
"22219","198898","175697","","270","3","1","0","0","0","10"
"22220","198929","0","","63","6","1","0","0","0","8"
"22266","201075","0","","255","1","1","0","0","0","3"
"22267","212431","0","","254","3","0","0","0","0","3"
"22268","191241","175686","","255","4","0","0","0","0","3"
"22269","130392","0","","253","3","2","0","0","0","3"
"22271","87935","0","","255","5","2","0","0","0","3"
"22272","194407","0","","255","6","0","0","0","0","3"
"22273","201430","0","","253","6","0","0","0","0","3"
"22274","214579","185358","","254","6","0","0","0","0","3"
"22275","204315","0","","255","0","0","0","0","0","3"
"22276","19386","175686","","0","4","1","0","0","0","3"
"22277","194277","187698","","255","3","0","0","0","0","3"
"22278","194855","0","","255","5","1","0","0","0","3"
"22279","155228","0","","254","0","0","0","0","0","3"
"22280","194397","0","","253","0","1","0","0","0","3"
"22282","193532","0","","253","0","2","0","0","0","3"
"22283","200163","0","","255","0","1","0","0","0","3"
"22284","109248","175686","","0","4","0","0","0","0","3"
"22286","206817","0","","254","3","1","0","0","0","3"
"22287","194386","0","","0","5","2","0","0","0","3"
"22288","199522","0","","254","6","2","0","0","0","3"
"22289","53238","0","","254","0","2","0","0","0","3"
"22290","53209","0","","253","1","2","0","0","0","3"
"22291","204308","0","","253","0","0","0","0","0","3"
"22293","19577","175686","","253","4","2","0","0","0","3"
"22295","191384","0","","0","6","2","0","0","0","3"
"22296","201082","0","","255","0","2","0","0","0","3"
"22297","201078","0","","255","1","2","0","0","0","3"
"22298","199483","175686","","255","4","2","0","0","0","3"
"22299","162488","187650","","255","3","2","0","0","0","3"
"22300","212436","187708","","255","5","0","0","0","0","3"
"22301","199543","0","","255","6","1","0","0","0","3"
"22308","198670","0","","254","6","1","0","0","0","3"
"22309","199786","0","","64","6","1","0","0","0","8"
"22310","199855","0","","258","4","0","0","0","0","5"
"22311","155271","0","","258","4","1","0","0","0","5"
"22312","109142","0","","258","0","0","0","0","0","5"
"22313","193195","0","","258","0","1","0","0","0","5"
"22314","205351","0","","258","0","2","0","0","0","5"
"22315","121536","0","","0","1","0","0","0","0","5"
"22316","64129","0","","0","1","1","0","0","0","5"
"22317","199853","0","","258","3","1","0","0","0","5"
"22318","199921","0","","0","2","2","0","0","0","3"
"22319","203316","0","","70","1","0","0","0","0","2"
"22322","108281","0","","264","3","1","0","0","0","7"
"22323","200076","0","","264","3","2","0","0","0","7"
"22324","232893","0","","0","2","0","0","0","0","12"
"22325","193173","0","","258","1","0","0","0","0","5"
"22326","214121","0","","257","1","1","0","0","0","5"
"22327","32546","0","","257","4","1","0","0","0","5"
"22328","200347","0","","256","0","0","0","0","0","5"
"22329","214621","0","","256","0","2","0","0","0","5"
"22330","197419","0","","256","4","0","0","0","0","5"
"22331","14062","0","","0","1","0","0","0","0","4"
"22332","108208","0","","0","1","1","0","0","0","4"
"22333","108209","0","","0","1","2","0","0","0","4"
"22334","196951","0","","261","4","0","0","0","0","4"
"22335","196979","0","","261","5","0","0","0","0","4"
"22336","206237","0","","261","5","2","0","0","0","4"
"22337","196864","0","","259","0","0","0","0","0","4"
"22338","193640","0","","0","0","1","0","0","0","4"
"22339","16511","0","","259","0","2","0","0","0","4"
"22340","108211","0","","259","3","0","0","0","0","4"
"22341","196861","0","","259","4","0","0","0","0","4"
"22343","200802","0","","259","5","0","0","0","0","4"
"22344","200806","0","","0","5","2","0","0","0","4"
"22347","194306","0","","253","3","1","0","0","0","3"
"22351","197214","0","","263","5","2","0","0","0","7"
"22352","197211","0","","263","5","1","0","0","0","7"
"22353","201897","193786","","263","0","2","0","0","0","7"
"22354","201898","0","","263","0","0","0","0","0","7"
"22355","201900","0","","263","0","1","0","0","0","7"
"22356","201909","0","","262","0","0","0","0","0","7"
"22357","170374","0","","262","0","1","0","0","0","7"
"22358","210643","0","","262","0","2","0","0","0","7"
"22359","188089","0","","263","6","2","0","0","0","7"
"22360","7384","0","","71","0","1","0","0","0","1"
"22362","202095","0","","73","4","2","0","0","0","1"
"22363","202021","0","","103","0","0","0","0","0","11"
"22364","202022","0","","103","0","1","0","0","0","11"
"22365","155580","0","","103","0","2","0","0","0","11"
"22366","197632","0","","105","2","0","0","0","0","11"
"22367","197490","0","","105","2","1","0","0","0","11"
"22370","202060","0","","103","5","2","0","0","0","11"
"22371","202161","0","","71","0","2","0","0","0","1"
"22372","107570","0","","72","1","1","0","0","0","1"
"22373","46968","0","","71","1","0","0","0","0","1"
"22374","46968","0","","72","1","0","0","0","0","1"
"22375","202271","0","","70","3","0","0","0","0","2"
"22378","202288","0","","73","2","0","0","0","0","1"
"22379","215569","0","","72","2","0","0","0","0","1"
"22380","202316","0","","71","2","0","0","0","0","1"
"22381","206320","0","","0","2","1","0","0","0","1"
"22382","208154","0","","72","3","2","0","0","0","1"
"22383","215550","0","","71","4","0","0","0","0","1"
"22384","206315","0","","72","4","0","0","0","0","1"
"22385","205636","0","","102","0","0","0","0","0","11"
"22386","202425","0","","102","0","1","0","0","0","11"
"22387","202345","0","","102","0","2","0","0","0","11"
"22388","202347","0","","102","4","2","0","0","0","11"
"22389","202342","0","","102","5","0","0","0","0","11"
"22390","202360","0","","102","5","2","0","0","0","11"
"22391","215571","0","","72","4","1","0","0","0","1"
"22392","202560","0","","73","4","0","0","0","0","1"
"22393","202593","0","","71","4","1","0","0","0","1"
"22394","227266","0","","71","5","0","0","0","0","1"
"22395","12292","0","","72","5","0","0","0","0","1"
"22396","202572","0","","73","5","0","0","0","0","1"
"22397","215538","0","","71","5","1","0","0","0","1"
"22398","202603","0","","73","5","1","0","0","0","1"
"22399","202612","0","","71","5","2","0","0","0","1"
"22400","215573","0","","72","5","2","0","0","0","1"
"22401","202743","0","","73","5","2","0","0","0","1"
"22402","202751","0","","72","6","1","0","0","0","1"
"22403","155577","0","","105","6","0","0","0","0","11"
"22404","197721","0","","105","6","2","0","0","0","11"
"22405","46924","0","","72","6","0","0","0","0","1"
"22406","203177","0","","73","6","1","0","0","0","1"
"22407","203179","0","","71","6","1","0","0","0","1"
"22409","103827","0","","0","1","2","0","0","0","1"
"22416","203550","0","","577","0","2","0","0","0","12"
"22418","155835","0","","104","0","1","0","0","0","11"
"22419","203953","0","","104","0","0","0","0","0","11"
"22420","203962","0","","104","0","2","0","0","0","11"
"22421","203964","0","","104","4","2","0","0","0","11"
"22422","203965","0","","104","5","2","0","0","0","11"
"22423","203974","0","","104","5","0","0","0","0","11"
"22424","204012","0","","104","1","0","0","0","0","11"
"22425","80313","0","","104","6","2","0","0","0","11"
"22426","204053","0","","104","6","0","0","0","0","11"
"22427","204066","0","","104","6","1","0","0","0","11"
"22428","152261","0","","66","0","0","0","0","0","2"
"22430","203785","0","","66","0","2","0","0","0","2"
"22431","203776","0","","66","1","0","0","0","0","2"
"22433","204018","1022","","66","3","0","0","0","0","2"
"22434","230332","0","","66","3","1","0","0","0","2"
"22435","203797","0","","66","3","2","0","0","0","2"
"22438","183778","0","","66","5","1","0","0","0","2"
"22440","204263","0","","0","2","0","0","0","0","5"
"22441","199528","0","","253","3","0","0","0","0","3"
"22442","212653","1953","","0","1","0","0","0","0","8"
"22443","86949","0","","0","1","1","0","0","0","8"
"22444","55342","0","","0","2","0","0","0","0","8"
"22445","116011","0","","0","2","1","0","0","0","8"
"22446","108839","0","","0","4","0","0","0","0","8"
"22447","1463","0","","0","2","2","0","0","0","8"
"22448","113724","0","","0","4","1","0","0","0","8"
"22449","157976","0","","0","5","1","0","0","0","8"
"22450","157981","0","","63","3","0","0","0","0","8"
"22451","44457","0","","63","5","0","0","0","0","8"
"22452","157997","0","","64","3","0","0","0","0","8"
"22453","157980","0","","62","3","0","0","0","0","8"
"22454","112948","0","","64","5","0","0","0","0","8"
"22455","114923","0","","62","5","0","0","0","0","8"
"22456","205020","0","","63","0","0","0","0","0","8"
"22457","205021","0","","64","0","0","0","0","0","8"
"22458","205022","0","","62","0","0","0","0","0","8"
"22459","205023","0","","63","0","1","0","0","0","8"
"22460","205024","31687","","64","0","1","0","0","0","8"
"22461","205025","0","","62","0","1","0","0","0","8"
"22462","205026","0","","63","0","2","0","0","0","8"
"22463","205027","0","","64","0","2","0","0","0","8"
"22464","205035","0","","62","0","2","0","0","0","8"
"22465","205029","0","","63","3","1","0","0","0","8"
"22466","205030","0","","64","3","1","0","0","0","8"
"22467","205032","0","","62","3","1","0","0","0","8"
"22468","205033","0","","63","3","2","0","0","0","8"
"22469","56377","0","","64","3","2","0","0","0","8"
"22470","205028","0","","62","3","2","0","0","0","8"
"22471","205036","0","","0","4","2","0","0","0","8"
"22472","205037","0","","63","5","2","0","0","0","8"
"22473","205038","0","","64","5","2","0","0","0","8"
"22474","205039","0","","62","5","2","0","0","0","8"
"22476","5484","0","","265","2","2","0","0","0","9"
"22477","196283","0","","266","3","0","0","0","0","9"
"22478","205180","0","","266","6","0","0","0","0","9"
"22479","157695","686","","266","6","1","0","0","0","9"
"22480","196412","0","","267","3","0","0","0","0","9"
"22481","196410","0","","267","6","0","0","0","0","9"
"22482","196447","0","","267","6","1","0","0","0","9"
"22483","230332","0","","70","5","1","0","0","0","2"
"22484","202273","0","","70","5","2","0","0","0","2"
"22485","213313","0","","70","5","0","0","0","0","2"
"22487","205369","8122","","258","2","0","0","0","0","5"
"22488","203201","0","","73","3","2","0","0","0","1"
"22489","122509","0","","73","2","1","0","0","0","1"
"22491","215568","0","","72","0","2","0","0","0","1"
"22492","192088","0","","264","1","1","0","0","0","7"
"22493","206475","0","","577","0","1","0","0","0","12"
"22494","206416","0","","577","2","1","0","0","0","12"
"22495","194595","0","","254","1","0","0","0","0","3"
"22496","200108","195645","","255","4","1","0","0","0","3"
"22497","194599","0","","254","1","1","0","0","0","3"
"22498","199527","0","","254","1","2","0","0","0","3"
"22499","199483","175686","","254","4","2","0","0","0","3"
"22500","206505","0","","255","1","0","0","0","0","3"
"22501","193533","0","","254","0","1","0","0","0","3"
"22502","207550","0","","581","0","0","0","0","0","12"
"22503","207548","0","","581","0","1","0","0","0","12"
"22504","209400","0","","581","0","2","0","0","0","12"
"22505","207697","0","","581","1","0","0","0","0","12"
"22507","207739","0","","581","1","2","0","0","0","12"
"22508","218612","0","","581","3","0","0","0","0","12"
"22509","209795","0","","581","3","1","0","0","0","12"
"22510","202138","0","","581","4","1","0","0","0","12"
"22511","209281","0","","581","4","2","0","0","0","12"
"22512","212084","0","","581","5","0","0","0","0","12"
"22513","203753","0","","581","5","1","0","0","0","12"
"22515","207126","0","","251","2","0","0","0","0","6"
"22516","207289","0","","252","2","0","0","0","0","6"
"22517","207127","47568","","251","2","1","0","0","0","6"
"22518","207305","0","","252","2","1","0","0","0","6"
"22519","207142","0","","251","2","2","0","0","0","6"
"22520","207311","55090","","252","2","2","0","0","0","6"
"22521","207161","0","","251","3","0","0","0","0","6"
"22522","207313","0","","252","3","0","0","0","0","6"
"22523","207167","0","","251","3","1","0","0","0","6"
"22524","108194","0","","252","3","1","0","0","0","6"
"22525","207170","0","","251","3","2","0","0","0","6"
"22526","207316","0","","252","3","2","0","0","0","6"
"22527","207188","0","","251","4","0","0","0","0","6"
"22528","207321","0","","252","4","0","0","0","0","6"
"22529","207200","0","","251","4","1","0","0","0","6"
"22530","207319","0","","252","4","1","0","0","0","6"
"22531","207230","0","","251","5","0","0","0","0","6"
"22532","198943","0","","252","5","0","0","0","0","6"
"22533","207104","0","","251","5","1","0","0","0","6"
"22534","207346","0","","252","5","1","0","0","0","6"
"22535","194912","0","","251","5","2","0","0","0","6"
"22536","207272","0","","252","5","2","0","0","0","6"
"22537","194913","0","","251","6","2","0","0","0","6"
"22538","130736","0","","252","6","2","0","0","0","6"
"22539","207399","0","","264","4","0","0","0","0","7"
"22540","211881","0","","581","2","2","0","0","0","12"
"22541","227322","0","","581","2","1","0","0","0","12"
"22543","209258","0","","581","6","0","0","0","0","12"
"22544","206313","0","","72","5","1","0","0","0","1"
"22546","207666","0","","581","4","0","0","0","0","12"
"22547","213410","0","","577","6","2","0","0","0","12"
"22548","207810","0","","581","6","1","0","0","0","12"
"22557","213757","0","","70","0","1","0","0","0","2"
"22558","204019","53595","","66","0","1","0","0","0","2"
"22562","196707","0","","257","2","2","0","0","0","5"
"22564","204150","0","","66","5","0","0","0","0","2"
"22590","198038","0","","70","0","0","0","0","0","2"
"22591","223817","0","","70","6","0","0","0","0","2"
"22592","217020","35395","","70","1","1","0","0","0","2"
"22593","218178","0","","70","1","2","0","0","0","2"
"22594","204023","0","","66","1","2","0","0","0","2"
"22595","215661","0","","70","4","0","0","0","0","2"
"22604","204035","0","","66","1","1","0","0","0","2"
"22624","202297","0","","71","0","0","0","0","0","1"
"22625","107570","0","","71","1","1","0","0","0","1"
"22626","772","0","","71","2","1","0","0","0","1"
"22627","202163","0","","0","3","1","0","0","0","1"
"22628","197690","0","","71","3","2","0","0","0","1"
"22629","205484","0","","73","1","1","0","0","0","1"
"22630","223662","0","","73","3","0","0","0","0","1"
"22631","202561","0","","73","4","1","0","0","0","1"
"22632","215556","0","","72","0","0","0","0","0","1"
"22633","202296","0","","72","0","1","0","0","0","1"
"22634","210220","0","","70","6","2","0","0","0","2"
"22635","202224","0","","72","3","0","0","0","0","1"
"22636","215864","0","","263","1","0","0","0","0","7"
"22645","203791","0","","66","6","2","0","0","0","2"
"22705","213652","184092","","66","4","0","0","0","0","2"
"22765","203555","162243","","577","1","1","0","0","0","12"
"22766","227174","0","","581","1","1","0","0","0","12"
"22767","193897","0","","577","5","2","0","0","0","12"
"22768","218679","0","","581","5","2","0","0","0","12"
"22769","217200","120679","","253","1","1","0","0","0","3"
"22770","217996","0","","581","3","2","0","0","0","12"
"22789","223657","0","","73","1","2","0","0","0","1"
"22799","206478","0","","577","1","2","0","0","0","12"
"22800","207982","0","","71","4","2","0","0","0","1"
"22801","228920","0","","73","6","2","0","0","0","1"
